date,change_type,title,location,timestamp
2026-09-04,NEW,"Accountant, Revenue","Palo Alto, CA",2026-09-04_16-24-41
2026-09-04,NEW,"Accountant, Revenue","Hawthorne, CA",2026-09-04_16-24-41
2026-09-04,NEW,"Accountant, Revenue","Hawthorne, CA",2026-09-04_16-24-41
2026-09-14,NEW,"Accountant, AI Operations","Palo Alto, CA",2026-09-14_15-29-45
2026-09-14,NEW,"Account Lead, Starlink Strategic Connectivity","Hawthorne, CA",2026-09-14_15-29-45
2026-09-14,NEW,"Account Lead, Starlink Strategic Connectivity","Bastrop, TX",2026-09-14_15-29-45
2026-09-14,NEW,"Account Manager, Starlink Strategic Connectivity","Bastrop, TX",2026-09-14_15-29-45
2026-09-14,NEW,"Account Manager, Starlink Strategic Connectivity","Hawthorne, CA",2026-09-14_15-29-45
2026-09-14,NEW,Accounts Payable Specialist,"Hawthorne, CA",2026-09-14_15-29-45
2026-09-14,NEW,"Account Specialist, Starlink Enterprise Account Management (Aviation)","Woodinville, WA",2026-09-14_15-29-45
2026-09-14,NEW,Additive Manufacturing Specialist (Starlink Development),"Bastrop, TX",2026-09-14_15-29-45
2026-09-14,NEW,Additive Technician (Raptor),"Hawthorne, CA",2026-09-14_15-29-45
2026-09-14,NEW,Aerodynamics Engineer (Starship),"Starbase, TX",2026-09-14_15-29-45
2026-09-14,NEW,"AI Engineer, Special Programs - Top Secret Clearance","Palo Alto, CA",2026-09-14_15-29-45
2026-09-14,NEW,"AI Engineer, Special Programs - Top Secret Clearance","Washington, DC",2026-09-14_15-29-45
2026-09-14,NEW,AI Security Software Engineer (Starshield),"Hawthorne, CA",2026-09-14_15-29-45
2026-09-14,NEW,AI Security Software Engineer (Starshield),"Washington, DC",2026-09-14_15-29-45
2026-09-14,NEW,AI Software Engineer (Vehicle Engineering),"Hawthorne, CA",2026-09-14_15-29-45
2026-09-14,NEW,AMS Verification Engineer (RFIC Engineering),"Irvine, CA",2026-09-14_15-29-45
2026-09-14,NEW,AMS Verification Engineer (RFIC Engineering),"Redmond, WA",2026-09-14_15-29-45
2026-09-14,NEW,Antenna Engineer - Parabolic & Waveguide (Starlink),"Redmond, WA",2026-09-14_15-29-45
2026-09-14,NEW,"Antenna Engineer, Satellites (Starlink)","Redmond, WA",2026-09-14_15-29-45
2026-09-14,NEW,Antenna Engineer (Starlink),"Bastrop, TX",2026-09-14_15-29-45
2026-09-14,NEW,Antenna Engineer (Starlink Mobile),"Redmond, WA",2026-09-14_15-29-45
2026-09-14,NEW,Antenna Engineer (Starship),"Hawthorne, CA",2026-09-14_15-29-45
2026-09-14,NEW,Application Software Engineer,"Bastrop, TX",2026-09-14_15-29-45
2026-09-14,NEW,Application Software Engineer,"Cape Canaveral, FL",2026-09-14_15-29-45
2026-09-14,NEW,Application Software Engineer,"Hawthorne, CA",2026-09-14_15-29-45
2026-09-14,NEW,Application Software Engineer,"Starbase, TX",2026-09-14_15-29-45
2026-09-14,NEW,Application Software Engineer,"Palo Alto, CA",2026-09-14_15-29-45
2026-09-14,NEW,Application Software Engineer,"Redmond, WA",2026-09-14_15-29-45
2026-09-14,NEW,"Application Software Engineer, Applied AI","Bastrop, TX",2026-09-14_15-29-45
2026-09-14,NEW,"Application Software Engineer, Applied AI","Hawthorne, CA",2026-09-14_15-29-45
2026-09-14,NEW,"Application Software Engineer, Applied AI","Starbase, TX",2026-09-14_15-29-45
2026-09-14,NEW,"Application Software Engineer, Applied AI","McGregor, TX",2026-09-14_15-29-45
2026-09-14,NEW,"Application Software Engineer, Applied AI","Vandenberg, CA",2026-09-14_15-29-45
2026-09-14,NEW,"Application Software Engineer, Applied AI","Cape Canaveral, FL",2026-09-14_15-29-45
2026-09-14,NEW,"Application Software Engineer, Applied AI","Redmond, WA",2026-09-14_15-29-45
2026-09-14,NEW,"Application Software Engineer, Employee Experience","Starbase, TX",2026-09-14_15-29-45
2026-09-14,NEW,"Application Software Engineer, Internal Systems","Starbase, TX",2026-09-14_15-29-45
2026-09-14,NEW,"Application Software Engineer, Manufacturing Systems","Bastrop, TX",2026-09-14_15-29-45
2026-09-14,NEW,Application Software Engineer - Memphis,"Memphis, TN",2026-09-14_15-29-45
2026-09-14,NEW,Apprentice Controls Technician,"McGregor, TX",2026-09-14_15-29-45
2026-09-14,NEW,Apprentice Controls Technician - 2nd Shift,"McGregor, TX",2026-09-14_15-29-45
2026-09-14,NEW,Apprentice Fabrication Technician - 2nd Shift,"McGregor, TX",2026-09-14_15-29-45
2026-09-14,NEW,Apprentice Weld Support Technician,"McGregor, TX",2026-09-14_15-29-45
2026-09-14,NEW,Architectural Designer,"Hawthorne, CA",2026-09-14_15-29-45
2026-09-14,NEW,Architectural Project Manager,"McGregor, TX",2026-09-14_15-29-45
2026-09-14,NEW,Architectural Project Manager,"Bastrop, TX",2026-09-14_15-29-45
2026-09-14,NEW,ASIC/SOC DFT Engineer (Silicon Engineering),"Palo Alto, CA",2026-09-14_15-29-45
2026-09-14,NEW,ASIC/SOC DFT Engineer (Silicon Engineering),"Austin, TX",2026-09-14_15-29-45
2026-09-14,NEW,Assembly Engineering Specialist (Starlink),"Bastrop, TX",2026-09-14_15-29-45
2026-09-14,NEW,Automated Welding Technician (Starship),"Starbase, TX",2026-09-14_15-29-45
2026-09-14,NEW,"Automation and Controls Engineer, AI Satellites (Starmind)","Bastrop, TX",2026-09-14_15-29-45
2026-09-14,NEW,"Automation Build Engineer, Development (Starlink)","Bastrop, TX",2026-09-14_15-29-45
2026-09-14,NEW,"Automation & Controls Engineer, Assembly Manufacturing (Starlink)","Bastrop, TX",2026-09-14_15-29-45
2026-09-14,NEW,Automation & Controls Engineer (Asset Engineering),"Hawthorne, CA",2026-09-14_15-29-45
2026-09-14,NEW,Automation & Controls Engineer (Facilities),"Hawthorne, CA",2026-09-14_15-29-45
2026-09-14,NEW,"Automation & Controls Engineer, Infrastructure & Utility (Starship)","Starbase, TX",2026-09-14_15-29-45
2026-09-14,NEW,"Automation & Controls Engineer, Insource Manufacturing (Starlink)","Bastrop, TX",2026-09-14_15-29-45
2026-09-14,NEW,"Automation & Controls Engineer, Launch Pad (Starship)","Starbase, TX",2026-09-14_15-29-45
2026-09-14,NEW,Automation & Controls Engineer (Raptor Manufacturing Systems),"Hawthorne, CA",2026-09-14_15-29-45
2026-09-14,NEW,"Automation & Controls Engineer, Solar Cell Factory (Starlink)","Bastrop, TX",2026-09-14_15-29-45
2026-09-14,NEW,"Automation & Controls Engineer, Solar (Starlink)","Redmond, WA",2026-09-14_15-29-45
2026-09-14,NEW,Automation & Controls Engineer (Starlink),"Redmond, WA",2026-09-14_15-29-45
2026-09-14,NEW,Automation & Controls Engineer (Starship),"Starbase, TX",2026-09-14_15-29-45
2026-09-14,NEW,Automation & Controls Engineer (Starship Launch Hardware),"Cape Canaveral, FL",2026-09-14_15-29-45
2026-09-14,NEW,"Automation & Controls Specialist, Assembly Manufacturing (Starlink)","Bastrop, TX",2026-09-14_15-29-45
2026-09-14,NEW,"Automation & Controls Specialist, Infrastructure & Utility (Starship) - Level 4/5","Starbase, TX",2026-09-14_15-29-45
2026-09-14,NEW,"Automation & Controls Specialist, PCB Manufacturing (Starlink)","Bastrop, TX",2026-09-14_15-29-45
2026-09-14,NEW,"Automation & Controls Specialist, Silicon Process Manufacturing (Starlink)","Bastrop, TX",2026-09-14_15-29-45
2026-09-14,NEW,"Automation & Controls Specialist, Solar Cell Manufacturing (Starlink)","Bastrop, TX",2026-09-14_15-29-45
2026-09-14,NEW,Automation & Controls Specialist (Starlink Development),"Bastrop, TX",2026-09-14_15-29-45
2026-09-14,NEW,Automation & Controls Specialist (Starship),"Starbase, TX",2026-09-14_15-29-45
2026-09-14,NEW,Automation & Controls Specialist (Starship),"Cape Canaveral, FL",2026-09-14_15-29-45
2026-09-14,NEW,Automation & Controls Specialist (Starship) - Night Shift,"Cape Canaveral, FL",2026-09-14_15-29-45
2026-09-14,NEW,"Automation & Controls Specialist, Tool & Die - 2nd Shift","Bastrop, TX",2026-09-14_15-29-45
2026-09-14,NEW,"Automation & Controls Technician, Infrastructure & Utility (Starship)","Starbase, TX",2026-09-14_15-29-45
2026-09-14,NEW,Automation & Controls Technician (Starship),"Starbase, TX",2026-09-14_15-29-45
2026-09-14,NEW,"Automation Engineer, Blades and Vanes Foundry","Bastrop, TX",2026-09-14_15-29-45
2026-09-14,NEW,"AV Administrator, Events & Experiences","Palo Alto, CA",2026-09-14_15-29-45
2026-09-14,NEW,"AV Administrator, Events & Experiences","Cape Canaveral, FL",2026-09-14_15-29-45
2026-09-14,NEW,"AV Administrator, Events & Experiences","Austin, TX",2026-09-14_15-29-45
2026-09-14,NEW,Aviation Certification Engineer (Starlink),"Woodinville, WA",2026-09-14_15-29-45
2026-09-14,NEW,"Aviation Development Engineer, Networking (Starlink)","Woodinville, WA",2026-09-14_15-29-45
2026-09-14,NEW,Aviation Development Engineer (Starlink),"Woodinville, WA",2026-09-14_15-29-45
2026-09-14,NEW,Avionics Build Associate (Starship),"Starbase, TX",2026-09-14_15-29-45
2026-09-14,NEW,Avionics Harness Technician (Starlink Aviation),"Woodinville, WA",2026-09-14_15-29-45
2026-09-14,NEW,Avionics Integration & Test Engineer (Starshield),"Hawthorne, CA",2026-09-14_15-29-45
2026-09-14,NEW,Avionics Integration & Test Technician (Starship) - Night Shift,"Starbase, TX",2026-09-14_15-29-45
2026-09-14,NEW,Avionics Manufacturing Engineer,"Hawthorne, CA",2026-09-14_15-29-45
2026-09-14,NEW,Avionics Manufacturing Engineer (PCBA),"Hawthorne, CA",2026-09-14_15-29-45
2026-09-14,NEW,"Avionics System Engineer, HITL (Starfall)","Hawthorne, CA",2026-09-14_15-29-45
2026-09-14,NEW,Avionics Systems Engineer (Falcon & Dragon),"Hawthorne, CA",2026-09-14_15-29-45
2026-09-14,NEW,Avionics Systems Engineer (Starship),"Starbase, TX",2026-09-14_15-29-45
2026-09-14,NEW,Avionics Technician (Falcon & Dragon),"Hawthorne, CA",2026-09-14_15-29-45
2026-09-14,NEW,Avionics Test Engineer (Starfall),"Hawthorne, CA",2026-09-14_15-29-45
2026-09-14,NEW,Avionics Test Engineer (Starshield),"Hawthorne, CA",2026-09-14_15-29-45
2026-09-14,NEW,Avionics Test Engineer (Starship),"Hawthorne, CA",2026-09-14_15-29-45
2026-09-14,NEW,Avionics Wire Harness Technician (Starship),"Starbase, TX",2026-09-14_15-29-45
2026-09-14,NEW,AV Technician,"Cape Canaveral, FL",2026-09-14_15-29-45
2026-09-14,NEW,Barista,"Redmond, WA",2026-09-14_15-29-45
2026-09-14,NEW,Barista,"Hawthorne, CA",2026-09-14_15-29-45
2026-09-14,NEW,Barista - Temporary,"Anderson, TX",2026-09-14_15-29-45
2026-09-14,NEW,Barista - Temporary (Bastrop),"Bastrop, TX",2026-09-14_15-29-45
2026-09-14,NEW,Barista - Temporary (Cape Canaveral),"Cape Canaveral, FL",2026-09-14_15-29-45
2026-09-14,NEW,Barista - Temporary (Starbase),"Starbase, TX",2026-09-14_15-29-45
2026-09-14,NEW,Bastrop Campus Planning Manager,"Bastrop, TX",2026-09-14_15-29-45
2026-09-14,NEW,Bastrop Site Expansion Manager,"Bastrop, TX",2026-09-14_15-29-45
2026-09-14,NEW,Battery Engineer (Falcon & Dragon),"Hawthorne, CA",2026-09-14_15-29-45
2026-09-14,NEW,"Battery Test Engineer, Satellites (Starlink)","Redmond, WA",2026-09-14_15-29-45
2026-09-14,NEW,BAW Device Engineer (Starlink/Akoustis),"Bastrop, TX",2026-09-14_15-29-45
2026-09-14,NEW,BAW Filter Design Engineer (Starlink/Akoustis),"Bastrop, TX",2026-09-14_15-29-45
2026-09-14,NEW,Benefits Analyst (Leave Administration),"Hawthorne, CA",2026-09-14_15-29-45
2026-09-14,NEW,Benefits Coordinator,"Hawthorne, CA",2026-09-14_15-29-45
2026-09-14,NEW,BIM Specialist,"Bastrop, TX",2026-09-14_15-29-45
2026-09-14,NEW,BIM Specialist (Electrical Systems Modeling),"Starbase, TX",2026-09-14_15-29-45
2026-09-14,NEW,Build Coordinator (Starship),"Starbase, TX",2026-09-14_15-29-45
2026-09-14,NEW,"Build Engineer, COPVS (Starship)","Westminster, MD",2026-09-14_15-29-45
2026-09-14,NEW,Build Engineer (Enterprise Products),"Redmond, WA",2026-09-14_15-29-45
2026-09-14,NEW,Build Engineer (Starship),"Starbase, TX",2026-09-14_15-29-45
2026-09-14,NEW,Build Engineer (Starship Mechanisms),"Hawthorne, CA",2026-09-14_15-29-45
2026-09-14,NEW,Build Engineer (Starship) - Nights,"Starbase, TX",2026-09-14_15-29-45
2026-09-14,NEW,"Build Engineer, Structures (Starship)","Starbase, TX",2026-09-14_15-29-45
2026-09-14,NEW,Build Engineer (Super Heavy Booster),"Starbase, TX",2026-09-14_15-29-45
2026-09-14,NEW,Build Reliability Engineer (Falcon/Dragon),"Hawthorne, CA",2026-09-14_15-29-45
2026-09-14,NEW,Build Reliability Engineer (Falcon/Starship Valves & Components),"Hawthorne, CA",2026-09-14_15-29-45
2026-09-14,NEW,Build Reliability Engineer (Starship),"Starbase, TX",2026-09-14_15-29-45
2026-09-14,NEW,Build Reliability Engineer (Starship),"Westminster, MD",2026-09-14_15-29-45
2026-09-14,NEW,"Build Specialist, Automation & Controls (Starship Launch Pad)","Starbase, TX",2026-09-14_15-29-45
2026-09-14,NEW,"Build Specialist, Barrel Production (Starship)","Starbase, TX",2026-09-14_15-29-45
2026-09-14,NEW,Build Specialist (Starship),"Starbase, TX",2026-09-14_15-29-45
2026-09-14,NEW,Build Specialist (Super Heavy Booster),"Starbase, TX",2026-09-14_15-29-45
2026-09-14,NEW,Build Supervisor (Starship),"Starbase, TX",2026-09-14_15-29-45
2026-09-14,NEW,Build Supervisor (Starship) - 2nd Shift,"Hawthorne, CA",2026-09-14_15-29-45
2026-09-14,NEW,Build Supervisor (Starship Booster Structures Manufacturing),"Hawthorne, CA",2026-09-14_15-29-45
2026-09-14,NEW,Build Supervisor (Starship Mechanisms),"Hawthorne, CA",2026-09-14_15-29-45
2026-09-14,NEW,Build Supervisor (Starship) - Night Shift,"Starbase, TX",2026-09-14_15-29-45
2026-09-14,NEW,Business Analyst (Customer Success),"Bastrop, TX",2026-09-14_15-29-45
2026-09-14,NEW,Business Analyst (Customer Success),"Redmond, WA",2026-09-14_15-29-45
2026-09-14,NEW,Business Analyst (Starlink Growth),"Hawthorne, CA",2026-09-14_15-29-45
2026-09-14,NEW,Business Analyst (Starlink Growth Demand Planning),"Hawthorne, CA",2026-09-14_15-29-45
2026-09-14,NEW,Business Analyst (Starlink Market Analysis),"Hawthorne, CA",2026-09-14_15-29-45
2026-09-14,NEW,"Business Development Manager, US & Canada (Starlink Product Growth)","Bastrop, TX",2026-09-14_15-29-45
2026-09-14,NEW,"Business Development Manager, US & Canada (Starlink Product Growth)","Redmond, WA",2026-09-14_15-29-45
2026-09-14,NEW,Business Operations Analyst,"Bastrop, TX",2026-09-14_15-29-45
2026-09-14,NEW,Business Operations Analyst (Starlink),"Bastrop, TX",2026-09-14_15-29-45
2026-09-14,NEW,Business Operations Analyst (Starlink),"Hawthorne, CA",2026-09-14_15-29-45
2026-09-14,NEW,Business Operations Analyst (Starlink Aviation),"Woodinville, WA",2026-09-14_15-29-45
2026-09-14,NEW,"Business Operations Analyst, Supply Chain (Starlink Aviation)","Woodinville, WA",2026-09-14_15-29-45
2026-09-14,NEW,"Business Operations Lead, Commercial Launch","Hawthorne, CA",2026-09-14_15-29-45
2026-09-14,NEW,Business Operations Manager,"Bastrop, TX",2026-09-14_15-29-45
2026-09-14,NEW,Business Operations Manager (Starlink),"Hawthorne, CA",2026-09-14_15-29-45
2026-09-14,NEW,Business Operations Manager (Starlink),"Bastrop, TX",2026-09-14_15-29-45
2026-09-14,NEW,Business Operations Manager (Starlink),"Bastrop, TX",2026-09-14_15-29-45
2026-09-14,NEW,Business Operations Manager (Starlink Aviation),"Woodinville, WA",2026-09-14_15-29-45
2026-09-14,NEW,Business Operations Manager (Starlink Platform Integrity),"Hawthorne, CA",2026-09-14_15-29-45
2026-09-14,NEW,Business Operations Manager (Starlink Platform Integrity),"Redmond, WA",2026-09-14_15-29-45
2026-09-14,NEW,Business Operations Manager (Starlink Platform Integrity),"Bastrop, TX",2026-09-14_15-29-45
2026-09-14,NEW,CAD Drafter,"Starbase, TX",2026-09-14_15-29-45
2026-09-14,NEW,Campus Infrastructure Project Manager,"Bastrop, TX",2026-09-14_15-29-45
2026-09-14,NEW,Candidate Specialist (Cape Canaveral),"Cape Canaveral, FL",2026-09-14_15-29-45
2026-09-14,NEW,"Certified Welding Inspector, NDE (Launch)","Cape Canaveral, FL",2026-09-14_15-29-45
2026-09-14,NEW,Chemical Engineer,"Vandenberg, CA",2026-09-14_15-29-45
2026-09-14,NEW,"Chemical Engineer, PCB (Starlink)","Bastrop, TX",2026-09-14_15-29-45
2026-09-14,NEW,Chemical Lab Analyst (Starlink PCB),"Bastrop, TX",2026-09-14_15-29-45
2026-09-14,NEW,Chemical Process Engineer (Starship Launch Systems),"Starbase, TX",2026-09-14_15-29-45
2026-09-14,NEW,"Chemical Process Specialist, PCB (Starlink)","Bastrop, TX",2026-09-14_15-29-45
2026-09-14,NEW,"Chemical Texturing Equipment Engineer, Solar Cells (Starlink)","Bastrop, TX",2026-09-14_15-29-45
2026-09-14,NEW,Chemical Training Specialist (Starlink),"Bastrop, TX",2026-09-14_15-29-45
2026-09-14,NEW,Civil Engineer,"McGregor, TX",2026-09-14_15-29-45
2026-09-14,NEW,"Civil Engineer, Land Development","Anderson, TX",2026-09-14_15-29-45
2026-09-14,NEW,"Civil Engineer, Land Development (Starlink)","Bastrop, TX",2026-09-14_15-29-45
2026-09-14,NEW,"Civil Engineer, Land Development (Starship Infrastructure)","Cape Canaveral, FL",2026-09-14_15-29-45
2026-09-14,NEW,"Civil Engineer, Land Development (Starship Launch Pad)","Starbase, TX",2026-09-14_15-29-45
2026-09-14,NEW,"Civil Engineer, Land Development (Starship Launch Pad)","Cape Canaveral, FL",2026-09-14_15-29-45
2026-09-14,NEW,"Civil Engineer, Starbase Infrastructure (Starship)","Starbase, TX",2026-09-14_15-29-45
2026-09-14,NEW,"Civil Project Manager, Starbase Development","Starbase, TX",2026-09-14_15-29-45
2026-09-14,NEW,Civil/Structural Engineer,"McGregor, TX",2026-09-14_15-29-45
2026-09-14,NEW,Classified Cyber Assurance Analyst,"Hawthorne, CA",2026-09-14_15-29-45
2026-09-14,NEW,Cleanroom Technician - Microelectronics (Starlink),"Redmond, WA",2026-09-14_15-29-45
2026-09-14,NEW,"CMF Designer - Color, Material, and Finish (Starlink)","Bastrop, TX",2026-09-14_15-29-45
2026-09-14,NEW,CMM Inspector (Starship),"Starbase, TX",2026-09-14_15-29-45
2026-09-14,NEW,CMM Programmer (Starlink) - 2nd Shift,"Redmond, WA",2026-09-14_15-29-45
2026-09-14,NEW,CMM Programmer (Valves) - 2nd Shift,"Hawthorne, CA",2026-09-14_15-29-45
2026-09-14,NEW,CNC Lathe Machinist (Starship),"Hawthorne, CA",2026-09-14_15-29-45
2026-09-14,NEW,CNC Machinist (Falcon),"Hawthorne, CA",2026-09-14_15-29-45
2026-09-14,NEW,CNC Machinist (Materials Lab),"Hawthorne, CA",2026-09-14_15-29-45
2026-09-14,NEW,CNC Machinist (Materials Lab) - Level 4/5,"Hawthorne, CA",2026-09-14_15-29-45
2026-09-14,NEW,"CNC Machinist, Multi-Axis - 2nd Shift","McGregor, TX",2026-09-14_15-29-45
2026-09-14,NEW,"CNC Machinist, Multi-Axis - Level 4/5 (2nd Shift)","McGregor, TX",2026-09-14_15-29-45
2026-09-14,NEW,CNC Machinist (Raptor),"Hawthorne, CA",2026-09-14_15-29-45
2026-09-14,NEW,CNC Machinist (Raptor) - 2nd Shift,"Hawthorne, CA",2026-09-14_15-29-45
2026-09-14,NEW,CNC Machinist (Raptor Combustion Devices & Valves),"Hawthorne, CA",2026-09-14_15-29-45
2026-09-14,NEW,CNC Machinist (Raptor Combustion Devices & Valves) - 2nd Shift,"Hawthorne, CA",2026-09-14_15-29-45
2026-09-14,NEW,CNC Machinist (Raptor Combustion Devices & Valves) - Level 4/5,"Hawthorne, CA",2026-09-14_15-29-45
2026-09-14,NEW,CNC Machinist (Starlink) - 2nd Shift,"Redmond, WA",2026-09-14_15-29-45
2026-09-14,NEW,CNC Machinist (Starlink) - 2nd Shift - Level 4/5,"Redmond, WA",2026-09-14_15-29-45
2026-09-14,NEW,CNC Machinist (Starship),"Hawthorne, CA",2026-09-14_15-29-45
2026-09-14,NEW,CNC Machinist (Starship Components) - Level 4/5,"Hawthorne, CA",2026-09-14_15-29-45
2026-09-14,NEW,"CNC Machinist, Tool & Die - Level 4/5","Bastrop, TX",2026-09-14_15-29-45
2026-09-14,NEW,"CNC Machinist, Tool & Die (Starlink)","Bastrop, TX",2026-09-14_15-29-45
2026-09-14,NEW,CNC Maintenance Technician,"Hawthorne, CA",2026-09-14_15-29-45
2026-09-14,NEW,"CNC Programmer, Development (Starlink)","Bastrop, TX",2026-09-14_15-29-45
2026-09-14,NEW,CNC Programmer - Level 4/5 (2nd Shift),"Bastrop, TX",2026-09-14_15-29-45
2026-09-14,NEW,"CNC Programmer, NX CAM (IGT Blades & Vanes) - Level 4/5","Bastrop, TX",2026-09-14_15-29-45
2026-09-14,NEW,"CNC Programmer, NX CAM (Starlink)","Bastrop, TX",2026-09-14_15-29-45
2026-09-14,NEW,CNC Programmer (Starship Components) - Level 4/5,"Hawthorne, CA",2026-09-14_15-29-45
2026-09-14,NEW,CNC Programmer (Starship Components) - Level 4/5 (2nd Shift),"Hawthorne, CA",2026-09-14_15-29-45
2026-09-14,NEW,CNC Specialist (NX CAM) - Blades & Vanes,"Bastrop, TX",2026-09-14_15-29-45
2026-09-14,NEW,"Commercial Counsel, Starlink","Hawthorne, CA",2026-09-14_15-29-45
2026-09-14,NEW,Commercial Plumber - 2nd Shift (Service & Repair),"Hawthorne, CA",2026-09-14_15-29-45
2026-09-14,NEW,Commercial Sales Manager (Starlink Mobile),"Redmond, WA",2026-09-14_15-29-45
2026-09-14,NEW,Commercial Sales Manager (Starlink Mobile),"Washington, DC",2026-09-14_15-29-45
2026-09-14,NEW,Commercial Sales Manager (Starlink Mobile),"Hawthorne, CA",2026-09-14_15-29-45
2026-09-14,NEW,Communications Lead - Memphis,"Memphis, TN",2026-09-14_15-29-45
2026-09-14,NEW,Communications Security Account Manager,"Hawthorne, CA",2026-09-14_15-29-45
2026-09-14,NEW,Compressed Air Technician (Facilities),"Hawthorne, CA",2026-09-14_15-29-45
2026-09-14,NEW,COMSEC Account Manager,"Hawthorne, CA",2026-09-14_15-29-45
2026-09-14,NEW,COMSEC Analyst,"Hawthorne, CA",2026-09-14_15-29-45
2026-09-14,NEW,COMSEC Responsible Officer,"Hawthorne, CA",2026-09-14_15-29-45
2026-09-14,NEW,Construction Engineer,"Hawthorne, CA",2026-09-14_15-29-45
2026-09-14,NEW,Construction Project Engineer (Starship),"Starbase, TX",2026-09-14_15-29-45
2026-09-14,NEW,Construction Project Manager,"Starbase, TX",2026-09-14_15-29-45
2026-09-14,NEW,Construction Project Manager,"Anderson, TX",2026-09-14_15-29-45
2026-09-14,NEW,"Construction Project Manager, Critical Lift (Starship)","Starbase, TX",2026-09-14_15-29-45
2026-09-14,NEW,Construction Project Manager (Facilities Infrastructure),"Starbase, TX",2026-09-14_15-29-45
2026-09-14,NEW,Construction Project Manager (Facilities Infrastructure),"Cape Canaveral, FL",2026-09-14_15-29-45
2026-09-14,NEW,"Construction Project Manager, MEP","McGregor, TX",2026-09-14_15-29-45
2026-09-14,NEW,"Construction Project Manager, Residential (Starbase Development)","Starbase, TX",2026-09-14_15-29-45
2026-09-14,NEW,"Construction Project Manager, Starbase Infrastructure","Starbase, TX",2026-09-14_15-29-45
2026-09-14,NEW,Construction Project Manager (Starlink),"Bastrop, TX",2026-09-14_15-29-45
2026-09-14,NEW,Construction Project Manager (Starlink),"Austin, TX",2026-09-14_15-29-45
2026-09-14,NEW,Construction Project Manager (Starlink),"Redmond, WA",2026-09-14_15-29-45
2026-09-14,NEW,Construction Project Manager (Starship Launch Pad),"Starbase, TX",2026-09-14_15-29-45
2026-09-14,NEW,Construction Project Manager (Starship Launch Pads),"Cape Canaveral, FL",2026-09-14_15-29-45
2026-09-14,NEW,Construction Superintendent,"McGregor, TX",2026-09-14_15-29-45
2026-09-14,NEW,Construction Superintendent,"Starbase, TX",2026-09-14_15-29-45
2026-09-14,NEW,Construction Superintendent,"Anderson, TX",2026-09-14_15-29-45
2026-09-14,NEW,Construction Superintendent,"Bastrop, TX",2026-09-14_15-29-45
2026-09-14,NEW,Construction Superintendent,"Hawthorne, CA",2026-09-14_15-29-45
2026-09-14,NEW,Construction Superintendent (Night Shift),"Bastrop, TX",2026-09-14_15-29-45
2026-09-14,NEW,"Construction Superintendent, Residential (Starbase Development)","Starbase, TX",2026-09-14_15-29-45
2026-09-14,NEW,Construction Superintendent (Starship),"Starbase, TX",2026-09-14_15-29-45
2026-09-14,NEW,Construction Superintendent (Starship Pad Build),"Cape Canaveral, FL",2026-09-14_15-29-45
2026-09-14,NEW,Construction Superintendent - Welding (Starbase),"Starbase, TX",2026-09-14_15-29-45
2026-09-14,NEW,Construction Technician,"Starbase, TX",2026-09-14_15-29-45
2026-09-14,NEW,Construction Technician,"Starbase, TX",2026-09-14_15-29-45
2026-09-14,NEW,Construction Technician,"Hawthorne, CA",2026-09-14_15-29-45
2026-09-14,NEW,Contractor Service Administrator (Facilities),"Cape Canaveral, FL",2026-09-14_15-29-45
2026-09-14,NEW,Controls Technician,"Starbase, TX",2026-09-14_15-29-45
2026-09-14,NEW,Controls Technician (Starship) - Level 4/5,"Starbase, TX",2026-09-14_15-29-45
2026-09-14,NEW,Cook,"Hawthorne, CA",2026-09-14_15-29-45
2026-09-14,NEW,Cook,"Redmond, WA",2026-09-14_15-29-45
2026-09-14,NEW,Cook - 2nd Shift (Temporary),"Cape Canaveral, FL",2026-09-14_15-29-45
2026-09-14,NEW,Cook - Temporary,"Anderson, TX",2026-09-14_15-29-45
2026-09-14,NEW,Cook - Temporary,"Starbase, TX",2026-09-14_15-29-45
2026-09-14,NEW,Cook - Temporary,"Bastrop, TX",2026-09-14_15-29-45
2026-09-14,NEW,"Corporate Counsel, Strategic Investments","Hawthorne, CA",2026-09-14_15-29-45
2026-09-14,NEW,"Counsel, Global Trade Compliance","Palo Alto, CA",2026-09-14_15-29-45
2026-09-14,NEW,"Counsel, Global Trade Compliance","Hawthorne, CA",2026-09-14_15-29-45
2026-09-14,NEW,"Counsel, Global Trade Compliance","Hawthorne, CA",2026-09-14_15-29-45
2026-09-14,NEW,"Counsel, Global Trade Compliance","Washington, DC",2026-09-14_15-29-45
2026-09-14,NEW,"Counsel, Global Trade Compliance","Starbase, TX",2026-09-14_15-29-45
2026-09-14,NEW,Crane Operator - 2nd Shift,"McGregor, TX",2026-09-14_15-29-45
2026-09-14,NEW,Critical Lift Technician (Starship),"Starbase, TX",2026-09-14_15-29-45
2026-09-14,NEW,Critical Lift & Transport Engineer (Falcon),"Vandenberg, CA",2026-09-14_15-29-45
2026-09-14,NEW,Critical Lift & Transport Engineer (Starship),"Starbase, TX",2026-09-14_15-29-45
2026-09-14,NEW,Critical Lift & Transport Technician (Crane Operations) - Night Shift,"Cape Canaveral, FL",2026-09-14_15-29-45
2026-09-14,NEW,Critical Lift & Transport Technician (Falcon 9),"Long Beach, CA",2026-09-14_15-29-45
2026-09-14,NEW,Customer Integrity & Threat Detection Manager (Starlink),"Redmond, WA",2026-09-14_15-29-45
2026-09-14,NEW,"Customer Support Associate, Bilingual - Ukrainian (Starlink)","Redmond, WA",2026-09-14_15-29-45
2026-09-14,NEW,"Customer Support Associate, Bilingual - Ukrainian (Starlink)","Bastrop, TX",2026-09-14_15-29-45
2026-09-14,NEW,Dangerous Goods Lead,"Woodinville, WA",2026-09-14_15-29-45
2026-09-14,NEW,Dangerous Goods Lead,"Bastrop, TX",2026-09-14_15-29-45
2026-09-14,NEW,Dangerous Goods Lead,"Hawthorne, CA",2026-09-14_15-29-45
2026-09-14,NEW,Dangerous Goods Lead,"Redmond, WA",2026-09-14_15-29-45
2026-09-14,NEW,Database Reliability Engineer,"Hawthorne, CA",2026-09-14_15-29-45
2026-09-14,NEW,Data Center Administrator,"Redmond, WA",2026-09-14_15-29-45
2026-09-14,NEW,Data Center Administrator,"Hawthorne, CA",2026-09-14_15-29-45
2026-09-14,NEW,Data Center Facilities Specialist,"Hawthorne, CA",2026-09-14_15-29-45
2026-09-14,NEW,Data Center Facilities Technician,"Hawthorne, CA",2026-09-14_15-29-45
2026-09-14,NEW,Data Center Safety Engineer (Automation) - Memphis,"Memphis, TN",2026-09-14_15-29-45
2026-09-14,NEW,Data Center Safety Engineer (Electrical) - Memphis,"Memphis, TN",2026-09-14_15-29-45
2026-09-14,NEW,Data Center Specialist (Starlink),Remote - WA,2026-09-14_15-29-45
2026-09-14,NEW,Data & Control Systems Engineer,"Cape Canaveral, FL",2026-09-14_15-29-45
2026-09-14,NEW,Data & Control Systems Technician (Starship Launch Hardware),"Cape Canaveral, FL",2026-09-14_15-29-45
2026-09-14,NEW,Data & Control Systems Technician (Starship Launch Hardware) - Level 4/5,"Cape Canaveral, FL",2026-09-14_15-29-45
2026-09-14,NEW,"Data Engineer, Ground Network Engineering (Gateway)","Redmond, WA",2026-09-14_15-29-45
2026-09-14,NEW,Data Engineer (Starlink),"Bastrop, TX",2026-09-14_15-29-45
2026-09-14,NEW,Data Engineer (Starlink),"Hawthorne, CA",2026-09-14_15-29-45
2026-09-14,NEW,Data Engineer (Starlink Go-To-Market),"Hawthorne, CA",2026-09-14_15-29-45
2026-09-14,NEW,Data Engineer (Starship),"Starbase, TX",2026-09-14_15-29-45
2026-09-14,NEW,Data Infrastructure Operations Manager II (Starlink),"Sunnyvale, CA",2026-09-14_15-29-45
2026-09-14,NEW,Data Infrastructure Operations Manager (Starlink),"Sunnyvale, CA",2026-09-14_15-29-45
2026-09-14,NEW,Data Infrastructure Operations Specialist II (Starlink),"Redmond, WA",2026-09-14_15-29-45
2026-09-14,NEW,Data Scientist (Starlink),"Redmond, WA",2026-09-14_15-29-45
2026-09-14,NEW,Deburr Technician (Machining),"Hawthorne, CA",2026-09-14_15-29-45
2026-09-14,NEW,"Deburr Technician, Machining (Starship)","Hawthorne, CA",2026-09-14_15-29-45
2026-09-14,NEW,Delivery Systems Specialist - Driver,"Redmond, WA",2026-09-14_15-29-45
2026-09-14,NEW,Design Criteria Engineer (Falcon & Dragon),"Hawthorne, CA",2026-09-14_15-29-45
2026-09-14,NEW,Design Criteria Engineer (Starshield),"Hawthorne, CA",2026-09-14_15-29-45
2026-09-14,NEW,Design Criteria Engineer (Starship),"Starbase, TX",2026-09-14_15-29-45
2026-09-14,NEW,Design Criteria Engineer (Starship),"Starbase, TX",2026-09-14_15-29-45
2026-09-14,NEW,Design Reliability Engineer (Falcon & Dragon),"Hawthorne, CA",2026-09-14_15-29-45
2026-09-14,NEW,Design Verification Engineer (Silicon Engineering),"Palo Alto, CA",2026-09-14_15-29-45
2026-09-14,NEW,Design Verification Engineer (Silicon Engineering),"Redmond, WA",2026-09-14_15-29-45
2026-09-14,NEW,Design Verification Engineer (Silicon Engineering),"Austin, TX",2026-09-14_15-29-45
2026-09-14,NEW,Design Verification Engineer (Silicon Engineering),"Irvine, CA",2026-09-14_15-29-45
2026-09-14,NEW,"Development Process Technician, Injection Molding (Starlink) - Level 4/5","Bastrop, TX",2026-09-14_15-29-45
2026-09-14,NEW,Development Technician (PCBA) - 2nd Shift (Starlink),"Redmond, WA",2026-09-14_15-29-45
2026-09-14,NEW,Development Technician (Starlink),"Bastrop, TX",2026-09-14_15-29-45
2026-09-14,NEW,"Development Test Engineer, Battery (Starship Electronics)","Hawthorne, CA",2026-09-14_15-29-45
2026-09-14,NEW,"Development Test Engineer, Satellites (Starlink)","Redmond, WA",2026-09-14_15-29-45
2026-09-14,NEW,Development Test Technician (Mechanical),"McGregor, TX",2026-09-14_15-29-45
2026-09-14,NEW,Diamond Turning Machinist (Starlink),"Redmond, WA",2026-09-14_15-29-45
2026-09-14,NEW,Diamond Turning Machinist (Starlink) - Level 4/5,"Redmond, WA",2026-09-14_15-29-45
2026-09-14,NEW,Diamond Turning Machinist (Starshield),"Hawthorne, CA",2026-09-14_15-29-45
2026-09-14,NEW,Diamond Turning Machinist (Starshield) - Level 4/5,"Hawthorne, CA",2026-09-14_15-29-45
2026-09-14,NEW,Diamond Turning Technician (Starlink) - 2nd Shift,"Redmond, WA",2026-09-14_15-29-45
2026-09-14,NEW,Dimensional Inspector (CMM Programmer),"Hawthorne, CA",2026-09-14_15-29-45
2026-09-14,NEW,Dimensional Inspector - Supply Chain (Starship),"Starbase, TX",2026-09-14_15-29-45
2026-09-14,NEW,E-Commerce & Merchandising Project Lead,"Hawthorne, CA",2026-09-14_15-29-45
2026-09-14,NEW,EDA Engineer (RFIC Engineering),"Irvine, CA",2026-09-14_15-29-45
2026-09-14,NEW,EDA Engineer (RFIC Engineering),"Redmond, WA",2026-09-14_15-29-45
2026-09-14,NEW,EDM Machinist (Starlink),"Bastrop, TX",2026-09-14_15-29-45
2026-09-14,NEW,EDM Programmer (Starlink),"Bastrop, TX",2026-09-14_15-29-45
2026-09-14,NEW,EDM Programmer (Starlink) - Level 4/5,"Bastrop, TX",2026-09-14_15-29-45
2026-09-14,NEW,EEE Failure Analysis Specialist (Starlink Satellite PCB Engineering),"Redmond, WA",2026-09-14_15-29-45
2026-09-14,NEW,Electrical Design Engineer (Falcon & Dragon Avionics),"Hawthorne, CA",2026-09-14_15-29-45
2026-09-14,NEW,"Electrical Design Engineer, Gateways & Customer Hardware (Starlink)","Bastrop, TX",2026-09-14_15-29-45
2026-09-14,NEW,"Electrical Design Engineer, Satellites Payload (Starlink)","Palo Alto, CA",2026-09-14_15-29-45
2026-09-14,NEW,Electrical Design Engineer (Starlink Mobile),"Redmond, WA",2026-09-14_15-29-45
2026-09-14,NEW,Electrical Design Engineer (Starshield),"Hawthorne, CA",2026-09-14_15-29-45
2026-09-14,NEW,Electrical Designer (Construction),"Hawthorne, CA",2026-09-14_15-29-45
2026-09-14,NEW,Electrical Engineer - Energy & Generation,"McGregor, TX",2026-09-14_15-29-45
2026-09-14,NEW,"Electrical Engineer, Energy Infrastructure & Generation","Bastrop, TX",2026-09-14_15-29-45
2026-09-14,NEW,Electrical Engineer (Facilities),"Hawthorne, CA",2026-09-14_15-29-45
2026-09-14,NEW,"Electrical Engineer, Facilities Infrastructure","Cape Canaveral, FL",2026-09-14_15-29-45
2026-09-14,NEW,"Electrical Engineer, Facilities (Starlink)","Bastrop, TX",2026-09-14_15-29-45
2026-09-14,NEW,"Electrical Engineer, Hardware Reliability (Starlink)","Bastrop, TX",2026-09-14_15-29-45
2026-09-14,NEW,Electrical Engineer - Instrumentation and Controls,"McGregor, TX",2026-09-14_15-29-45
2026-09-14,NEW,"Electrical Engineer, Launch Infrastructure (Starship)","Cape Canaveral, FL",2026-09-14_15-29-45
2026-09-14,NEW,"Electrical Engineer, Launch Pad (Starship)","Starbase, TX",2026-09-14_15-29-45
2026-09-14,NEW,"Electrical Engineer, Launch Pad (Starship)","Cape Canaveral, FL",2026-09-14_15-29-45
2026-09-14,NEW,"Electrical Engineer, PCB (Starlink)","Bastrop, TX",2026-09-14_15-29-45
2026-09-14,NEW,Electrical Engineer (Power Systems),"McGregor, TX",2026-09-14_15-29-45
2026-09-14,NEW,"Electrical Engineer, Power Systems (Starlink)","Bastrop, TX",2026-09-14_15-29-45
2026-09-14,NEW,"Electrical Engineer, Propellant Generation (Starship)","Cape Canaveral, FL",2026-09-14_15-29-45
2026-09-14,NEW,"Electrical Engineer, Radiation Effects","Hawthorne, CA",2026-09-14_15-29-45
2026-09-14,NEW,"Electrical Engineer, Sensors (Starship Avionics)","Hawthorne, CA",2026-09-14_15-29-45
2026-09-14,NEW,"Electrical Engineer, Silicon Reliability Test (Starlink)","Bastrop, TX",2026-09-14_15-29-45
2026-09-14,NEW,Electrical Engineer (Starship Avionics),"Starbase, TX",2026-09-14_15-29-45
2026-09-14,NEW,Electrical Engineer (Starship Avionics),"Hawthorne, CA",2026-09-14_15-29-45
2026-09-14,NEW,"Electrical Hardware Engineer, AI Satellites (Starmind)","Bastrop, TX",2026-09-14_15-29-45
2026-09-14,NEW,"Electrical Hardware Engineer - Optics, Satellites (Starlink)","Redmond, WA",2026-09-14_15-29-45
2026-09-14,NEW,"Electrical Hardware Engineer, Satellites (Starlink)","Redmond, WA",2026-09-14_15-29-45
2026-09-14,NEW,"Electrical On-orbit Reliability Engineer, Satellites (Starlink)","Redmond, WA",2026-09-14_15-29-45
2026-09-14,NEW,Electrical Safety Engineer (AI Supercomputer) - Memphis,"Memphis, TN",2026-09-14_15-29-45
2026-09-14,NEW,Electrical Superintendent,"Hawthorne, CA",2026-09-14_15-29-45
2026-09-14,NEW,"Electrical Test and Reliability Engineer, Satellites (Starlink)","Redmond, WA",2026-09-14_15-29-45
2026-09-14,NEW,"Electrical Test Development Engineer, Customer Hardware (Starlink)","Bastrop, TX",2026-09-14_15-29-45
2026-09-14,NEW,"Electrical Test Engineer, PCB (Starlink)","Bastrop, TX",2026-09-14_15-29-45
2026-09-14,NEW,Electrical Test Engineer (Starshield),"Hawthorne, CA",2026-09-14_15-29-45
2026-09-14,NEW,"Electrical Test Specialist, PCB (Starlink)","Bastrop, TX",2026-09-14_15-29-45
2026-09-14,NEW,Electrical Training Specialist (Starlink),"Bastrop, TX",2026-09-14_15-29-45
2026-09-14,NEW,Electrician,"McGregor, TX",2026-09-14_15-29-45
2026-09-14,NEW,Electrician,"Hawthorne, CA",2026-09-14_15-29-45
2026-09-14,NEW,"Electrician, Facilities (Multiple Shifts)","Cape Canaveral, FL",2026-09-14_15-29-45
2026-09-14,NEW,"Electrician, Medium Voltage (Starship)","Starbase, TX",2026-09-14_15-29-45
2026-09-14,NEW,"Electrician, Solar Cells (Starlink) - Day Shift","Bastrop, TX",2026-09-14_15-29-45
2026-09-14,NEW,Electrician (Starlink),"Redmond, WA",2026-09-14_15-29-45
2026-09-14,NEW,Electrician (Starship),"Starbase, TX",2026-09-14_15-29-45
2026-09-14,NEW,"Electrician, Starship Launch Pad - Night Shift","Cape Canaveral, FL",2026-09-14_15-29-45
2026-09-14,NEW,"Electric Propulsion Engineer, Mechanical - (Starlink)","Redmond, WA",2026-09-14_15-29-45
2026-09-14,NEW,"Electric Propulsion Engineer, Mechanical (Starshield)","Hawthorne, CA",2026-09-14_15-29-45
2026-09-14,NEW,Electromagnetic Effects Engineer (Starlink Aviation),"Woodinville, WA",2026-09-14_15-29-45
2026-09-14,NEW,Electromagnetic Effects Test Engineer,"Hawthorne, CA",2026-09-14_15-29-45
2026-09-14,NEW,Electromagnetic Effects Test Engineer (Automotive/Satellite EMC),"Hawthorne, CA",2026-09-14_15-29-45
2026-09-14,NEW,Electromagnetic Effects Test Technician,"Hawthorne, CA",2026-09-14_15-29-45
2026-09-14,NEW,Electromechanical Technician (Starshield),"Hawthorne, CA",2026-09-14_15-29-45
2026-09-14,NEW,Electromechanical Technician (Starshield) - Level 4/5,"Hawthorne, CA",2026-09-14_15-29-45
2026-09-14,NEW,Electronics Technician (Falcon Test),"McGregor, TX",2026-09-14_15-29-45
2026-09-14,NEW,Elevator Mechanic - Level 4/5,"Starbase, TX",2026-09-14_15-29-45
2026-09-14,NEW,Embedded Security Engineer (Starlink),"Redmond, WA",2026-09-14_15-29-45
2026-09-14,NEW,Embedded Security Engineer (Starlink),"Hawthorne, CA",2026-09-14_15-29-45
2026-09-14,NEW,Embedded Security Engineer (Starlink),"Bastrop, TX",2026-09-14_15-29-45
2026-09-14,NEW,"Embedded Software Engineer, Laser Mesh Routing (Starlink)","Redmond, WA",2026-09-14_15-29-45
2026-09-14,NEW,"Embedded Software Engineer, Laser Mesh Routing (Starlink)","Palo Alto, CA",2026-09-14_15-29-45
2026-09-14,NEW,"Embedded Software Engineer, OS/Platform  (Starlink)","Redmond, WA",2026-09-14_15-29-45
2026-09-14,NEW,"Embedded Software Engineer, OS/Platform (Starlink)","Bastrop, TX",2026-09-14_15-29-45
2026-09-14,NEW,"Embedded Software Engineer, OS/Platform (Starshield)","Hawthorne, CA",2026-09-14_15-29-45
2026-09-14,NEW,"Embedded Software Engineer, Satellite Antenna (Starlink)","Redmond, WA",2026-09-14_15-29-45
2026-09-14,NEW,Embedded Software Engineer (Starlink),"Bastrop, TX",2026-09-14_15-29-45
2026-09-14,NEW,EMC/EMI Test Specialist (Starlink Aviation),"Woodinville, WA",2026-09-14_15-29-45
2026-09-14,NEW,EMC/EMI Test Technician (2nd Shift),"Bastrop, TX",2026-09-14_15-29-45
2026-09-14,NEW,EMC/EMI Test Technician (Second Shift),"Bastrop, TX",2026-09-14_15-29-45
2026-09-14,NEW,"Engineering Manager, Wastewater Treatment & Ultrapure Water (Starlink)","Bastrop, TX",2026-09-14_15-29-45
2026-09-14,NEW,Engineering Technician (Starlink/Akoustis),"Canandaigua, NY",2026-09-14_15-29-45
2026-09-14,NEW,Enterprise Account Manager (Aviation),"Woodinville, WA",2026-09-14_15-29-45
2026-09-14,NEW,(Entry Level) Production Technician - PCBA,"Redmond, WA",2026-09-14_15-29-45
2026-09-14,NEW,Environmental Engineer,"Hawthorne, CA",2026-09-14_15-29-45
2026-09-14,NEW,Environmental Engineer,"McGregor, TX",2026-09-14_15-29-45
2026-09-14,NEW,Environmental Engineer (AI Supercomputer) - Memphis,"Memphis, TN",2026-09-14_15-29-45
2026-09-14,NEW,"Environmental Engineer, Compliance/Air Programs","Bastrop, TX",2026-09-14_15-29-45
2026-09-14,NEW,Environmental Health & Safety Engineer,"Bastrop, TX",2026-09-14_15-29-45
2026-09-14,NEW,Environmental Health & Safety Engineer,"McGregor, TX",2026-09-14_15-29-45
2026-09-14,NEW,Environmental Health & Safety Engineer,"Vandenberg, CA",2026-09-14_15-29-45
2026-09-14,NEW,Environmental Health & Safety Engineer,"Starbase, TX",2026-09-14_15-29-45
2026-09-14,NEW,Environmental Health & Safety Engineer,"Hawthorne, CA",2026-09-14_15-29-45
2026-09-14,NEW,Environmental Health & Safety Engineer (Civil) - Memphis,"Memphis, TN",2026-09-14_15-29-45
2026-09-14,NEW,Environmental Health & Safety Engineer (Construction Safety),"Starbase, TX",2026-09-14_15-29-45
2026-09-14,NEW,Environmental Health & Safety Engineer (Construction Safety),"Cape Canaveral, FL",2026-09-14_15-29-45
2026-09-14,NEW,"Environmental Health & Safety Engineer, Construction (Starlink)","Bastrop, TX",2026-09-14_15-29-45
2026-09-14,NEW,"Environmental Health & Safety Engineer (Radiation, Laser, and Chemical Safety)","Starbase, TX",2026-09-14_15-29-45
2026-09-14,NEW,Environmental Health & Safety Engineer (Satellites),"Redmond, WA",2026-09-14_15-29-45
2026-09-14,NEW,Environmental Health & Safety Engineer (Satellites),"Hawthorne, CA",2026-09-14_15-29-45
2026-09-14,NEW,Environmental Health & Safety Specialist (AI Supercomputer),"Memphis, TN",2026-09-14_15-29-45
2026-09-14,NEW,Environmental Health & Safety Specialist (Falcon/Dragon),"Hawthorne, CA",2026-09-14_15-29-45
2026-09-14,NEW,Environmental Health & Safety Specialist (Paramedic),"Cape Canaveral, FL",2026-09-14_15-29-45
2026-09-14,NEW,Environmental Health & Safety Specialist (Raptor/Starship),"Hawthorne, CA",2026-09-14_15-29-45
2026-09-14,NEW,Environmental Health & Safety Specialist (Satellites),"Redmond, WA",2026-09-14_15-29-45
2026-09-14,NEW,Environmental Health & Safety Specialist (Satellites),"Hawthorne, CA",2026-09-14_15-29-45
2026-09-14,NEW,Environmental Health & Safety Technician,"Vandenberg, CA",2026-09-14_15-29-45
2026-09-14,NEW,Environmental Health & Safety Technician,"Starbase, TX",2026-09-14_15-29-45
2026-09-14,NEW,Environmental Health & Safety Technician,"Bastrop, TX",2026-09-14_15-29-45
2026-09-14,NEW,Environmental Health & Safety Technician (AI Supercomputer) - Memphis,"Memphis, TN",2026-09-14_15-29-45
2026-09-14,NEW,Environmental Specialist,"Hawthorne, CA",2026-09-14_15-29-45
2026-09-14,NEW,Environmental Specialist,"Bastrop, TX",2026-09-14_15-29-45
2026-09-14,NEW,Equipment Engineering Manager - Solar Cell Factory (Starlink),"Bastrop, TX",2026-09-14_15-29-45
2026-09-14,NEW,"Equipment Maintenance & Reliability Engineer, PCB (Starlink)","Bastrop, TX",2026-09-14_15-29-45
2026-09-14,NEW,Equipment Maintenance Technician,"Hawthorne, CA",2026-09-14_15-29-45
2026-09-14,NEW,"Equipment Maintenance Technician, Heatshield (Starship)","Starbase, TX",2026-09-14_15-29-45
2026-09-14,NEW,"Equipment Maintenance Technician, Silicon Assembly (Starlink)","Bastrop, TX",2026-09-14_15-29-45
2026-09-14,NEW,Equipment Maintenance Technician (Starlink/Akoustis),"Canandaigua, NY",2026-09-14_15-29-45
2026-09-14,NEW,Equipment Maintenance Technician (Starship),"Starbase, TX",2026-09-14_15-29-45
2026-09-14,NEW,Equipment Maintenance Technician (Starship) - Level 4/5,"Starbase, TX",2026-09-14_15-29-45
2026-09-14,NEW,Equipment Operator (Starlink/Akoustis),"Canandaigua, NY",2026-09-14_15-29-45
2026-09-14,NEW,"Equipment Reliability Engineer, PCB Maintenance (Starlink)","Bastrop, TX",2026-09-14_15-29-45
2026-09-14,NEW,Equipment Reliability Engineer (Starlink),"Bastrop, TX",2026-09-14_15-29-45
2026-09-14,NEW,Equipment Reliability Engineer (Starship),"Starbase, TX",2026-09-14_15-29-45
2026-09-14,NEW,Equipment Safety Engineer,"Bastrop, TX",2026-09-14_15-29-45
2026-09-14,NEW,Executive Assistant (Starlink),"Palo Alto, CA",2026-09-14_15-29-45
2026-09-14,NEW,Executive IT Support Specialist,"Palo Alto, CA",2026-09-14_15-29-45
2026-09-14,NEW,"Executive Producer, Broadcast","Hawthorne, CA",2026-09-14_15-29-45
2026-09-14,NEW,Fabrication Technician,"McGregor, TX",2026-09-14_15-29-45
2026-09-14,NEW,Fabrication Technician - 2nd Shift,"McGregor, TX",2026-09-14_15-29-45
2026-09-14,NEW,Fabrication Technician - 2nd Shift,"Starbase, TX",2026-09-14_15-29-45
2026-09-14,NEW,Fabrication Technician (Fluid Systems) - Multiple Shifts,"Cape Canaveral, FL",2026-09-14_15-29-45
2026-09-14,NEW,"Facilities Coordinator, Solar Cells (Starlink)","Bastrop, TX",2026-09-14_15-29-45
2026-09-14,NEW,Facilities Engineer (Fluids & Cryogenics),"Redmond, WA",2026-09-14_15-29-45
2026-09-14,NEW,"Facilities Engineer, Mechanical (Starlink)","Bastrop, TX",2026-09-14_15-29-45
2026-09-14,NEW,"Facilities Engineer, MEP","McGregor, TX",2026-09-14_15-29-45
2026-09-14,NEW,"Facilities Engineer, Solar Cell Factory (Starlink)","Bastrop, TX",2026-09-14_15-29-45
2026-09-14,NEW,"Facilities Maintenance Technician, Solar Cells (Starlink) - Day Shift","Bastrop, TX",2026-09-14_15-29-45
2026-09-14,NEW,Facilities Mechanical HVAC Engineer (Starlink),"Redmond, WA",2026-09-14_15-29-45
2026-09-14,NEW,Facilities Operations Engineer (Starlink),"Redmond, WA",2026-09-14_15-29-45
2026-09-14,NEW,Facilities Specialist,"Starbase, TX",2026-09-14_15-29-45
2026-09-14,NEW,Facilities Specialist,"Hawthorne, CA",2026-09-14_15-29-45
2026-09-14,NEW,Facilities Supervisor,"Starbase, TX",2026-09-14_15-29-45
2026-09-14,NEW,Facilities Supervisor (Starlink),"Woodinville, WA",2026-09-14_15-29-45
2026-09-14,NEW,Facilities Supervisor (Starlink),"Redmond, WA",2026-09-14_15-29-45
2026-09-14,NEW,Facilities Technician,"Starbase, TX",2026-09-14_15-29-45
2026-09-14,NEW,"Facilities Technician, Mechanical (Starlink)","Bastrop, TX",2026-09-14_15-29-45
2026-09-14,NEW,Facilities Technician (Starlink/Akoustis) - Night Shift,"Canandaigua, NY",2026-09-14_15-29-45
2026-09-14,NEW,Facilities Technician - Temporary,"Anderson, TX",2026-09-14_15-29-45
2026-09-14,NEW,Facilities Technician - Temporary,"Starbase, TX",2026-09-14_15-29-45
2026-09-14,NEW,Facilities Technician - Temporary,"Starbase, TX",2026-09-14_15-29-45
2026-09-14,NEW,Factory Build Engineer (Starlink Production),"Bastrop, TX",2026-09-14_15-29-45
2026-09-14,NEW,Factory Engineer (Starlink Production),"Bastrop, TX",2026-09-14_15-29-45
2026-09-14,NEW,Factory Software Engineer (Starlink),"Bastrop, TX",2026-09-14_15-29-45
2026-09-14,NEW,"Failure Analysis Engineer, Microelectronics (Starlink)","Bastrop, TX",2026-09-14_15-29-45
2026-09-14,NEW,Fiber Furnace Technician (Starship) - Multiple Shifts,"Cape Canaveral, FL",2026-09-14_15-29-45
2026-09-14,NEW,Field Engineer (Site Development),"McGregor, TX",2026-09-14_15-29-45
2026-09-14,NEW,Finance Manager,"Austin, TX",2026-09-14_15-29-45
2026-09-14,NEW,Finance Manager,"Hawthorne, CA",2026-09-14_15-29-45
2026-09-14,NEW,Financial Analyst,"Hawthorne, CA",2026-09-14_15-29-45
2026-09-14,NEW,Fire Protection Engineer,"Bastrop, TX",2026-09-14_15-29-45
2026-09-14,NEW,Fire Protection Engineer,"Hawthorne, CA",2026-09-14_15-29-45
2026-09-14,NEW,Fire Protection Engineer (Starlink),"Redmond, WA",2026-09-14_15-29-45
2026-09-14,NEW,Fleet Maintenance Technician (Starship),"Starbase, TX",2026-09-14_15-29-45
2026-09-14,NEW,Fleet Maintenance Technician (Starship) - Level 4/5,"Starbase, TX",2026-09-14_15-29-45
2026-09-14,NEW,Flight Software Engineer (Starlink Mobile),"Redmond, WA",2026-09-14_15-29-45
2026-09-14,NEW,Flight Software Infrastructure Engineer (Starlink),"Redmond, WA",2026-09-14_15-29-45
2026-09-14,NEW,"Fluids Engineer, Launch Hardware Engineering","Cape Canaveral, FL",2026-09-14_15-29-45
2026-09-14,NEW,Fluids Engineer (Starship),"Starbase, TX",2026-09-14_15-29-45
2026-09-14,NEW,Fluids Systems Technician (Starship),"Starbase, TX",2026-09-14_15-29-45
2026-09-14,NEW,"Fluid Systems Engineer, Solar Cell Factory (Starlink)","Bastrop, TX",2026-09-14_15-29-45
2026-09-14,NEW,Food Services Specialist,"Redmond, WA",2026-09-14_15-29-45
2026-09-14,NEW,Food Services Specialist - Multiple Shifts,"Vandenberg, CA",2026-09-14_15-29-45
2026-09-14,NEW,Food Services Specialist - Multiple Shifts - Level 4/5,"Vandenberg, CA",2026-09-14_15-29-45
2026-09-14,NEW,Food Services Specialist - Restaurants,"Hawthorne, CA",2026-09-14_15-29-45
2026-09-14,NEW,Food Services Specialist - Stocking,"Hawthorne, CA",2026-09-14_15-29-45
2026-09-14,NEW,Food Services Specialist - Temporary,"Cape Canaveral, FL",2026-09-14_15-29-45
2026-09-14,NEW,Food Services Specialist - Temporary,"Bastrop, TX",2026-09-14_15-29-45
2026-09-14,NEW,Food Services Specialist - Temporary,"Starbase, TX",2026-09-14_15-29-45
2026-09-14,NEW,FPGA/ASIC Design Engineer (Silicon Engineering),"Redmond, WA",2026-09-14_15-29-45
2026-09-14,NEW,Friction Stir Welding Technician (Falcon),"Hawthorne, CA",2026-09-14_15-29-45
2026-09-14,NEW,"Fulfillment Buyer, Datacenters","Bastrop, TX",2026-09-14_15-29-45
2026-09-14,NEW,Fulfillment Buyer (Starship),"Starbase, TX",2026-09-14_15-29-45
2026-09-14,NEW,Fulfillment Buyer (Starship),"Hawthorne, CA",2026-09-14_15-29-45
2026-09-14,NEW,Fulfillment Buyer - Temporary,"Hawthorne, CA",2026-09-14_15-29-45
2026-09-14,NEW,Fulfillment Buyer - Temporary,"McGregor, TX",2026-09-14_15-29-45
2026-09-14,NEW,Fulfillment Coordinator (Starlink Aviation),"Woodinville, WA",2026-09-14_15-29-45
2026-09-14,NEW,"Full-Stack Data Scientist, Hardware Reliability (Starlink)","Bastrop, TX",2026-09-14_15-29-45
2026-09-14,NEW,Full Stack Engineer (Application Software),"Redmond, WA",2026-09-14_15-29-45
2026-09-14,NEW,Full Stack Engineer (Application Software),"Palo Alto, CA",2026-09-14_15-29-45
2026-09-14,NEW,Full Stack Engineer (Application Software),"Cape Canaveral, FL",2026-09-14_15-29-45
2026-09-14,NEW,Full Stack Engineer (Application Software),"Hawthorne, CA",2026-09-14_15-29-45
2026-09-14,NEW,"Full Stack Engineer, Employee Experience","Palo Alto, CA",2026-09-14_15-29-45
2026-09-14,NEW,"Full Stack Engineer, Flight Software","Hawthorne, CA",2026-09-14_15-29-45
2026-09-14,NEW,Full Stack Software Engineer,"Bastrop, TX",2026-09-14_15-29-45
2026-09-14,NEW,Full Stack Software Engineer,"Hawthorne, CA",2026-09-14_15-29-45
2026-09-14,NEW,Full Stack Software Engineer (Application Software),"Bastrop, TX",2026-09-14_15-29-45
2026-09-14,NEW,Full Stack Software Engineer (Application Software),"Starbase, TX",2026-09-14_15-29-45
2026-09-14,NEW,"Full Stack Software Engineer, Application Software - Memphis","Memphis, TN",2026-09-14_15-29-45
2026-09-14,NEW,Full Stack Software Engineer (Build Reliability),"Hawthorne, CA",2026-09-14_15-29-45
2026-09-14,NEW,"Full Stack Software Engineer, Data Platform (Starlink)","Redmond, WA",2026-09-14_15-29-45
2026-09-14,NEW,"Full Stack Software Engineer, Data (Starlink)","Redmond, WA",2026-09-14_15-29-45
2026-09-14,NEW,"Full Stack Software Engineer, Developer Systems","Hawthorne, CA",2026-09-14_15-29-45
2026-09-14,NEW,"Full Stack Software Engineer, Employee Experience","Hawthorne, CA",2026-09-14_15-29-45
2026-09-14,NEW,"Full Stack Software Engineer, Flight Software","Cape Canaveral, FL",2026-09-14_15-29-45
2026-09-14,NEW,"Full Stack Software Engineer, Internal Systems","Cape Canaveral, FL",2026-09-14_15-29-45
2026-09-14,NEW,"Full Stack Software Engineer, Internal Systems","Hawthorne, CA",2026-09-14_15-29-45
2026-09-14,NEW,"Full Stack Software Engineer, Internal Systems","Bastrop, TX",2026-09-14_15-29-45
2026-09-14,NEW,"Full Stack Software Engineer, Internal Systems - Memphis","Memphis, TN",2026-09-14_15-29-45
2026-09-14,NEW,"Full Stack Software Engineer, Manufacturing","Starbase, TX",2026-09-14_15-29-45
2026-09-14,NEW,"Full Stack Software Engineer, Manufacturing Systems","Bastrop, TX",2026-09-14_15-29-45
2026-09-14,NEW,"Full Stack Software Engineer, Manufacturing Systems","Hawthorne, CA",2026-09-14_15-29-45
2026-09-14,NEW,"Full Stack Software Engineer, MES (Manufacturing Execution System)","Bastrop, TX",2026-09-14_15-29-45
2026-09-14,NEW,"Full Stack Software Engineer, Observability (Starlink)","Hawthorne, CA",2026-09-14_15-29-45
2026-09-14,NEW,"Full Stack Software Engineer, Operations Software (Starlink)","Redmond, WA",2026-09-14_15-29-45
2026-09-14,NEW,Full Stack Software Engineer - Simulation & Flight Systems,"Hawthorne, CA",2026-09-14_15-29-45
2026-09-14,NEW,Full Stack Software Engineer (Starlink),"Palo Alto, CA",2026-09-14_15-29-45
2026-09-14,NEW,Full Stack Software Engineer (Starshield),"Hawthorne, CA",2026-09-14_15-29-45
2026-09-14,NEW,"Gas & Chemical Technician, Solar Cells (Starlink) - Day Shift","Bastrop, TX",2026-09-14_15-29-45
2026-09-14,NEW,Gateway Fleet Specialist,"Redmond, WA",2026-09-14_15-29-45
2026-09-14,NEW,Gateway Site Development Engineer (Starlink),"Redmond, WA",2026-09-14_15-29-45
2026-09-14,NEW,Global Immigration and Compliance Specialist,"Bastrop, TX",2026-09-14_15-29-45
2026-09-14,NEW,Global Immigration and Compliance Specialist,"Hawthorne, CA",2026-09-14_15-29-45
2026-09-14,NEW,Global Logistics Lead (Dangerous Goods),"Woodinville, WA",2026-09-14_15-29-45
2026-09-14,NEW,Global Logistics Lead (Dangerous Goods),"Redmond, WA",2026-09-14_15-29-45
2026-09-14,NEW,Global Logistics Lead (Dangerous Goods),"Hawthorne, CA",2026-09-14_15-29-45
2026-09-14,NEW,Global Logistics Lead (Dangerous Goods),"Bastrop, TX",2026-09-14_15-29-45
2026-09-14,NEW,Global Logistics Lead (Starlink),"Bastrop, TX",2026-09-14_15-29-45
2026-09-14,NEW,Global Operations Engineer (Product & Change Management),"Bastrop, TX",2026-09-14_15-29-45
2026-09-14,NEW,Global Operations Engineer (Starlink),"Redmond, WA",2026-09-14_15-29-45
2026-09-14,NEW,Global Operations Engineer (Starlink),"Bastrop, TX",2026-09-14_15-29-45
2026-09-14,NEW,Global Operations Lead (Tax Technology),"Bastrop, TX",2026-09-14_15-29-45
2026-09-14,NEW,"Global Operations Manager, Latin America (Country Launch)","Bastrop, TX",2026-09-14_15-29-45
2026-09-14,NEW,"Global Operations Manager, Latin America (Country Launch)","Redmond, WA",2026-09-14_15-29-45
2026-09-14,NEW,Global Relocation Program Manager,"Hawthorne, CA",2026-09-14_15-29-45
2026-09-14,NEW,Global Sourcing Manager (Starshield),"Hawthorne, CA",2026-09-14_15-29-45
2026-09-14,NEW,"Global Supply Manager, Capital Equipment & Construction (Starlink)","Bastrop, TX",2026-09-14_15-29-45
2026-09-14,NEW,"Global Supply Manager, Capital Equipment & Construction (Starlink)","Redmond, WA",2026-09-14_15-29-45
2026-09-14,NEW,"Global Supply Manager, Capital Equipment (Terafab)","Bastrop, TX",2026-09-14_15-29-45
2026-09-14,NEW,"Global Supply Manager, Contract Manufacturing (Starlink)","Bastrop, TX",2026-09-14_15-29-45
2026-09-14,NEW,"Global Supply Manager, Custom Silicon and Semiconductor (Starlink)","Redmond, WA",2026-09-14_15-29-45
2026-09-14,NEW,"Global Supply Manager, Datacenter Cooling Equipment (Starlink)","Austin, TX",2026-09-14_15-29-45
2026-09-14,NEW,"Global Supply Manager, Datacenter Switches and Optics (Starlink)","Austin, TX",2026-09-14_15-29-45
2026-09-14,NEW,"Global Supply Manager, Datacenter Switches and Optics (Starlink)","Palo Alto, CA",2026-09-14_15-29-45
2026-09-14,NEW,"Global Supply Manager, Fleet, Waste, and Facilities","McGregor, TX",2026-09-14_15-29-45
2026-09-14,NEW,"Global Supply Manager, Ground Infrastructure (Starlink)","Redmond, WA",2026-09-14_15-29-45
2026-09-14,NEW,"Global Supply Manager, Harness (Starlink)","Redmond, WA",2026-09-14_15-29-45
2026-09-14,NEW,Global Supply Manager (Industrial Gases Sourcing & Logistics),"Cape Canaveral, FL",2026-09-14_15-29-45
2026-09-14,NEW,"Global Supply Manager, Mechanical (Starlink)","Bastrop, TX",2026-09-14_15-29-45
2026-09-14,NEW,"Global Supply Manager, ODM/CM Management (Starlink)","Austin, TX",2026-09-14_15-29-45
2026-09-14,NEW,Global Supply Manager PCB/PCBA (Starship Electronics),"Hawthorne, CA",2026-09-14_15-29-45
2026-09-14,NEW,Global Supply Manager (Raptor),"Hawthorne, CA",2026-09-14_15-29-45
2026-09-14,NEW,"Global Supply Manager, Raw Materials (Raptor)","Hawthorne, CA",2026-09-14_15-29-45
2026-09-14,NEW,"Global Supply Manager, Semiconductor Capital Equipment (Starlink)","Bastrop, TX",2026-09-14_15-29-45
2026-09-14,NEW,Global Supply Manager (Starlink Aviation),"Woodinville, WA",2026-09-14_15-29-45
2026-09-14,NEW,Global Supply Manager (Starship),"Starbase, TX",2026-09-14_15-29-45
2026-09-14,NEW,Global Supply Manager (Starship Electronics),"Hawthorne, CA",2026-09-14_15-29-45
2026-09-14,NEW,"Global Supply Manager, Utilities & Infrastructure (Starlink)","Bastrop, TX",2026-09-14_15-29-45
2026-09-14,NEW,"GNC Engineer, ADCS (Starlink)","Redmond, WA",2026-09-14_15-29-45
2026-09-14,NEW,"GNC Engineer, ADCS (Starshield)","Hawthorne, CA",2026-09-14_15-29-45
2026-09-14,NEW,"GNC Engineer, Attitude Determination and Optical Navigation (Starlink)","Redmond, WA",2026-09-14_15-29-45
2026-09-14,NEW,"GNC Engineer, Beam Planning (Starshield)","Hawthorne, CA",2026-09-14_15-29-45
2026-09-14,NEW,"GNC Engineer - Embedded Controls, AI Satellites (Starmind)","Bastrop, TX",2026-09-14_15-29-45
2026-09-14,NEW,GNC Engineer - Embedded Controls (Starlink),"Redmond, WA",2026-09-14_15-29-45
2026-09-14,NEW,"GNC Engineer, Fleet Management (Starshield)","Hawthorne, CA",2026-09-14_15-29-45
2026-09-14,NEW,"GNC Engineer, Orbit Control (Starlink)","Redmond, WA",2026-09-14_15-29-45
2026-09-14,NEW,"GNC Engineer, Orbit Determination/Stargaze (Starlink)","Redmond, WA",2026-09-14_15-29-45
2026-09-14,NEW,"GNC Engineer, Phased Array Devices (Starshield)","Hawthorne, CA",2026-09-14_15-29-45
2026-09-14,NEW,"GNC Engineer, Satellite Power Systems (Starlink)","Redmond, WA",2026-09-14_15-29-45
2026-09-14,NEW,GNC Engineer (Starfall),"Hawthorne, CA",2026-09-14_15-29-45
2026-09-14,NEW,"GNC Engineer, Starlink Controls (Starlink)","Redmond, WA",2026-09-14_15-29-45
2026-09-14,NEW,GNC Engineer (Starship),"Starbase, TX",2026-09-14_15-29-45
2026-09-14,NEW,"Government Affairs Director, X","Washington, DC",2026-09-14_15-29-45
2026-09-14,NEW,Government Affairs Manager,"Anderson, TX",2026-09-14_15-29-45
2026-09-14,NEW,Government Affairs Manager,"Austin, TX",2026-09-14_15-29-45
2026-09-14,NEW,Government Affairs Manager (Federal),"Washington, DC",2026-09-14_15-29-45
2026-09-14,NEW,Government Affairs Manager (National Security),"Washington, DC",2026-09-14_15-29-45
2026-09-14,NEW,Government Affairs Manager (Tennessee),"Memphis, TN",2026-09-14_15-29-45
2026-09-14,NEW,Government Program Development Manager (Federal Civil Agencies),"Washington, DC",2026-09-14_15-29-45
2026-09-14,NEW,Government Program Development Manager (International),"Washington, DC",2026-09-14_15-29-45
2026-09-14,NEW,Government Project Engineer,"Hawthorne, CA",2026-09-14_15-29-45
2026-09-14,NEW,Graphic Designer (Starlink),"Bastrop, TX",2026-09-14_15-29-45
2026-09-14,NEW,Ground Network Specialist (Starlink),Remote - WA,2026-09-14_15-29-45
2026-09-14,NEW,Ground Network Specialist (Starshield),"Hawthorne, CA",2026-09-14_15-29-45
2026-09-14,NEW,Hardware Development Electrical Engineer (Starlink Aviation),"Woodinville, WA",2026-09-14_15-29-45
2026-09-14,NEW,"Hardware Development Engineer, Failure Analysis (Starlink)","Redmond, WA",2026-09-14_15-29-45
2026-09-14,NEW,"Hardware Development Engineer, Gateway Failure Analysis (Starlink)","Bastrop, TX",2026-09-14_15-29-45
2026-09-14,NEW,Hardware Development Engineer- Microelectronics,"Redmond, WA",2026-09-14_15-29-45
2026-09-14,NEW,"Hardware Development Engineer, PCBA Manufacturing (Starlink)","Bastrop, TX",2026-09-14_15-29-45
2026-09-14,NEW,"Hardware Development Engineer, PCBA (STARLINK)","Redmond, WA",2026-09-14_15-29-45
2026-09-14,NEW,"Hardware Development Engineer, Power (Starlink)","Redmond, WA",2026-09-14_15-29-45
2026-09-14,NEW,"Hardware Engineer - Electrical, Satellites (Starlink)","Redmond, WA",2026-09-14_15-29-45
2026-09-14,NEW,"Hardware Engineer, Gateways & Customer Hardware (Starlink)","Bastrop, TX",2026-09-14_15-29-45
2026-09-14,NEW,"Hardware Reliability Engineer, Components (Starshield)","Hawthorne, CA",2026-09-14_15-29-45
2026-09-14,NEW,"Hardware Reliability Engineer, Electrical (Starshield)","Hawthorne, CA",2026-09-14_15-29-45
2026-09-14,NEW,"Hardware Reliability Engineer, Mechanical (Starshield)","Hawthorne, CA",2026-09-14_15-29-45
2026-09-14,NEW,Hardware Reliability Engineer (Starlink),"Redmond, WA",2026-09-14_15-29-45
2026-09-14,NEW,Hardware Reliability Engineer (Starshield),"Hawthorne, CA",2026-09-14_15-29-45
2026-09-14,NEW,Hardware Reliability Specialist (Starlink),"Bastrop, TX",2026-09-14_15-29-45
2026-09-14,NEW,"Hardware Reliability Technician, Microelectronics Test (Starlink)","Bastrop, TX",2026-09-14_15-29-45
2026-09-14,NEW,"Hardware Reliability Technician, Root Cause (Starlink)","Bastrop, TX",2026-09-14_15-29-45
2026-09-14,NEW,"Hardware Test Automation Engineer, Satellites (Starlink)","Redmond, WA",2026-09-14_15-29-45
2026-09-14,NEW,Hardware Test Engineer (Starlink),"Redmond, WA",2026-09-14_15-29-45
2026-09-14,NEW,Hardware Test Engineer (Starlink),"Redmond, WA",2026-09-14_15-29-45
2026-09-14,NEW,"Hardware Test Specialist, Failure Analysis (Gateway)","Redmond, WA",2026-09-14_15-29-45
2026-09-14,NEW,"Harness Design Engineer, Satellites (Starlink)","Redmond, WA",2026-09-14_15-29-45
2026-09-14,NEW,Harness Design Engineer (Starshield),"Hawthorne, CA",2026-09-14_15-29-45
2026-09-14,NEW,Harness Engineering Specialist (Starshield),"Hawthorne, CA",2026-09-14_15-29-45
2026-09-14,NEW,Heavy Fleet Maintenance Supervisor (Starship),"Starbase, TX",2026-09-14_15-29-45
2026-09-14,NEW,High-Speed Electro-Optical IC Engineer (RFIC Engineering),"Redmond, WA",2026-09-14_15-29-45
2026-09-14,NEW,Hospitality Specialist (Cape Canaveral),"Cape Canaveral, FL",2026-09-14_15-29-45
2026-09-14,NEW,Hospitality Specialist (Starbase),"Starbase, TX",2026-09-14_15-29-45
2026-09-14,NEW,HR Business Partner (Employee Relations),"Starbase, TX",2026-09-14_15-29-45
2026-09-14,NEW,HR Business Partner (Employee Relations),"Hawthorne, CA",2026-09-14_15-29-45
2026-09-14,NEW,HR Coordinator,"Starbase, TX",2026-09-14_15-29-45
2026-09-14,NEW,HR Generalist,"Hawthorne, CA",2026-09-14_15-29-45
2026-09-14,NEW,HR Generalist,"Redmond, WA",2026-09-14_15-29-45
2026-09-14,NEW,Human Resources Coordinator (Employee Relations),"Hawthorne, CA",2026-09-14_15-29-45
2026-09-14,NEW,HVAC Design Engineer (Facilities),"Hawthorne, CA",2026-09-14_15-29-45
2026-09-14,NEW,HVAC Programmer,"Bastrop, TX",2026-09-14_15-29-45
2026-09-14,NEW,HVAC Programmer,"McGregor, TX",2026-09-14_15-29-45
2026-09-14,NEW,HVAC Supervisor (Starship),"Starbase, TX",2026-09-14_15-29-45
2026-09-14,NEW,HVAC Technician,"Starbase, TX",2026-09-14_15-29-45
2026-09-14,NEW,HVAC Technician - 2nd Shift,"Hawthorne, CA",2026-09-14_15-29-45
2026-09-14,NEW,HVAC Technician (Facilities),"Cape Canaveral, FL",2026-09-14_15-29-45
2026-09-14,NEW,HVAC Technician (Facilities) - 1st Shift,"Hawthorne, CA",2026-09-14_15-29-45
2026-09-14,NEW,HVAC Technician (Facilities) - 3rd Shift,"Cape Canaveral, FL",2026-09-14_15-29-45
2026-09-14,NEW,HVAC Technician - Level 4/5 (Starlink),"Woodinville, WA",2026-09-14_15-29-45
2026-09-14,NEW,"HVAC Technician, Solar Cells (Starlink) - Day Shift","Bastrop, TX",2026-09-14_15-29-45
2026-09-14,NEW,HVAC Technician (Starlink) - Level 4/5,"Bastrop, TX",2026-09-14_15-29-45
2026-09-14,NEW,Industrial Controls Technician,"Bastrop, TX",2026-09-14_15-29-45
2026-09-14,NEW,Industrial Designer (Starlink),"Bastrop, TX",2026-09-14_15-29-45
2026-09-14,NEW,Industrial Gases Technician,"Hawthorne, CA",2026-09-14_15-29-45
2026-09-14,NEW,Industrial Hygienist,"Starbase, TX",2026-09-14_15-29-45
2026-09-14,NEW,Industrial Maintenance Technician (Starlink) - 2nd Shift,"Redmond, WA",2026-09-14_15-29-45
2026-09-14,NEW,Industrial Security Analyst (CSSO/CPSO),"Vandenberg, CA",2026-09-14_15-29-45
2026-09-14,NEW,Industrial Security Analyst (PERSEC),"Redmond, WA",2026-09-14_15-29-45
2026-09-14,NEW,Industrial Security Analyst (PERSEC),"Hawthorne, CA",2026-09-14_15-29-45
2026-09-14,NEW,Information Security Analyst,"Starbase, TX",2026-09-14_15-29-45
2026-09-14,NEW,Information Security Analyst,"Hawthorne, CA",2026-09-14_15-29-45
2026-09-14,NEW,Information System Security Manager,"Hawthorne, CA",2026-09-14_15-29-45
2026-09-14,NEW,Information System Security Officer,"Hawthorne, CA",2026-09-14_15-29-45
2026-09-14,NEW,Infrastructure Engineer,"Redmond, WA",2026-09-14_15-29-45
2026-09-14,NEW,Injection Molding Technician - 2nd Shift,"Bastrop, TX",2026-09-14_15-29-45
2026-09-14,NEW,Inspection and Warranty Specialist,"Starbase, TX",2026-09-14_15-29-45
2026-09-14,NEW,Instrumentation & Controls Technician,"McGregor, TX",2026-09-14_15-29-45
2026-09-14,NEW,Instrumentation & Controls Technician - 2nd Shift,"McGregor, TX",2026-09-14_15-29-45
2026-09-14,NEW,"Instrumentation & Controls Technician, Solar Cells (Starlink)","Bastrop, TX",2026-09-14_15-29-45
2026-09-14,NEW,"Instrumentation & Controls Technician, Water Treatment (Starlink)","Bastrop, TX",2026-09-14_15-29-45
2026-09-14,NEW,Instrumentation Fitter,"McGregor, TX",2026-09-14_15-29-45
2026-09-14,NEW,Instrumentation Fitter - 2nd Shift,"McGregor, TX",2026-09-14_15-29-45
2026-09-14,NEW,"Integration Engineer, Heatshield (Starship)","Starbase, TX",2026-09-14_15-29-45
2026-09-14,NEW,Integration Engineer (Starship),"Starbase, TX",2026-09-14_15-29-45
2026-09-14,NEW,Integration Engineer (Starship) - Night Shift,"Starbase, TX",2026-09-14_15-29-45
2026-09-14,NEW,Integration Engineer (Super Heavy Booster),"Starbase, TX",2026-09-14_15-29-45
2026-09-14,NEW,Integration Specialist (Starlink Aviation),"Woodinville, WA",2026-09-14_15-29-45
2026-09-14,NEW,Integration Specialist (Starlink Aviation) - 2nd Shift,"Woodinville, WA",2026-09-14_15-29-45
2026-09-14,NEW,Integration Technician (F9 Booster & Fairings) - Multiple Shifts,"Long Beach, CA",2026-09-14_15-29-45
2026-09-14,NEW,Integration Technician (Fairings) - Night Shift,"Vandenberg, CA",2026-09-14_15-29-45
2026-09-14,NEW,Integration Technician (Falcon),"Hawthorne, CA",2026-09-14_15-29-45
2026-09-14,NEW,Integration Technician (Falcon Operations) - Multiple Shifts,"Vandenberg, CA",2026-09-14_15-29-45
2026-09-14,NEW,"Integration Technician, Mission Management","Vandenberg, CA",2026-09-14_15-29-45
2026-09-14,NEW,Integration Technician (Payloads) - Multiple Shifts,"Vandenberg, CA",2026-09-14_15-29-45
2026-09-14,NEW,Integration Technician (Starlink),"Redmond, WA",2026-09-14_15-29-45
2026-09-14,NEW,Integration Technician (Starlink)  - 1st Shift,"Redmond, WA",2026-09-14_15-29-45
2026-09-14,NEW,Integration Technician (Starlink) - 2nd Shift,"Redmond, WA",2026-09-14_15-29-45
2026-09-14,NEW,Integration Technician (Starshield),"Hawthorne, CA",2026-09-14_15-29-45
2026-09-14,NEW,Integration Technician (Starshield) - Level 4/5,"Hawthorne, CA",2026-09-14_15-29-45
2026-09-14,NEW,Integration Technician (Starship),"Starbase, TX",2026-09-14_15-29-45
2026-09-14,NEW,"Integration & Test Engineer, AI Satellites (Starmind)","Bastrop, TX",2026-09-14_15-29-45
2026-09-14,NEW,Integration & Test Engineer (Bus & Payload Sub-Assemblies),"Redmond, WA",2026-09-14_15-29-45
2026-09-14,NEW,Integration & Test Engineer (Fairings),"Vandenberg, CA",2026-09-14_15-29-45
2026-09-14,NEW,Integration & Test Engineer (Falcon),"Vandenberg, CA",2026-09-14_15-29-45
2026-09-14,NEW,Integration & Test Engineer (Starlink),"Redmond, WA",2026-09-14_15-29-45
2026-09-14,NEW,Integration & Test Engineer (Starlink Aviation),"Woodinville, WA",2026-09-14_15-29-45
2026-09-14,NEW,Integration & Test Engineer (Starlink Propulsion),"Redmond, WA",2026-09-14_15-29-45
2026-09-14,NEW,Integration & Test Engineer (Starship),"Starbase, TX",2026-09-14_15-29-45
2026-09-14,NEW,Integration & Test Specialist (Bus & Payload Sub-Assemblies) - 2nd shift,"Redmond, WA",2026-09-14_15-29-45
2026-09-14,NEW,Integration & Test Specialist (Starlink Propulsion) - 1st Shift,"Redmond, WA",2026-09-14_15-29-45
2026-09-14,NEW,Internal Communications Manager,"Hawthorne, CA",2026-09-14_15-29-45
2026-09-14,NEW,Internal Communications Manager,"Palo Alto, CA",2026-09-14_15-29-45
2026-09-14,NEW,Internal Mobility Analyst (Recruiting) - Memphis,"Memphis, TN",2026-09-14_15-29-45
2026-09-14,NEW,International Infrastructure Operations Specialist (Starlink),"Redmond, WA",2026-09-14_15-29-45
2026-09-14,NEW,"Inventory Control Analyst, Maintenance (Starlink)","Bastrop, TX",2026-09-14_15-29-45
2026-09-14,NEW,Inventory Control Clerk,"McGregor, TX",2026-09-14_15-29-45
2026-09-14,NEW,Inventory Control Clerk - 2nd Shift,"McGregor, TX",2026-09-14_15-29-45
2026-09-14,NEW,"Inventory Specialist, Maintenance (Starlink)","Bastrop, TX",2026-09-14_15-29-45
2026-09-14,NEW,Inventory Specialist - Multiple Shifts (Starshield),"Hawthorne, CA",2026-09-14_15-29-45
2026-09-14,NEW,Inventory Specialist (Raptor) - 1st Shift,"Hawthorne, CA",2026-09-14_15-29-45
2026-09-14,NEW,Inventory Specialist (Starlink),"Woodinville, WA",2026-09-14_15-29-45
2026-09-14,NEW,Inventory Specialist (Starlink),"Redmond, WA",2026-09-14_15-29-45
2026-09-14,NEW,Inventory Specialist (Starlink) - 3rd Shift,"Redmond, WA",2026-09-14_15-29-45
2026-09-14,NEW,Inventory Specialist (Starlink) - Weekend Shift,"Woodinville, WA",2026-09-14_15-29-45
2026-09-14,NEW,Inventory Specialist (Starship),"Starbase, TX",2026-09-14_15-29-45
2026-09-14,NEW,"IT Infrastructure Engineer, Virtualization & Storage","Hawthorne, CA",2026-09-14_15-29-45
2026-09-14,NEW,IT Licensing Technician,"Hawthorne, CA",2026-09-14_15-29-45
2026-09-14,NEW,IT Network Engineer,"Vandenberg, CA",2026-09-14_15-29-45
2026-09-14,NEW,"IT Network Engineer, Mission Systems","Cape Canaveral, FL",2026-09-14_15-29-45
2026-09-14,NEW,IT Network Engineer - Top Secret Clearance,"Hawthorne, CA",2026-09-14_15-29-45
2026-09-14,NEW,IT Network Infrastructure Engineer,"Hawthorne, CA",2026-09-14_15-29-45
2026-09-14,NEW,"IT Network Infrastructure Engineer, Launch","Starbase, TX",2026-09-14_15-29-45
2026-09-14,NEW,IT Network Infrastructure Specialist,"Starbase, TX",2026-09-14_15-29-45
2026-09-14,NEW,IT Network Infrastructure Technician,"Starbase, TX",2026-09-14_15-29-45
2026-09-14,NEW,IT Network Infrastructure Technician,"Cape Canaveral, FL",2026-09-14_15-29-45
2026-09-14,NEW,IT Network Infrastructure Technician (Weekend Shift),"Cape Canaveral, FL",2026-09-14_15-29-45
2026-09-14,NEW,IT Operations Engineer,"Cape Canaveral, FL",2026-09-14_15-29-45
2026-09-14,NEW,IT Security Engineer - Top Secret Clearance,"Hawthorne, CA",2026-09-14_15-29-45
2026-09-14,NEW,IT Storage Engineer,"Bastrop, TX",2026-09-14_15-29-45
2026-09-14,NEW,IT Storage Engineer,"Redmond, WA",2026-09-14_15-29-45
2026-09-14,NEW,IT Storage Engineer,"Hawthorne, CA",2026-09-14_15-29-45
2026-09-14,NEW,IT Storage Engineer,"Cape Canaveral, FL",2026-09-14_15-29-45
2026-09-14,NEW,IT Storage Engineer,"Starbase, TX",2026-09-14_15-29-45
2026-09-14,NEW,IT Support Technician,"Cape Canaveral, FL",2026-09-14_15-29-45
2026-09-14,NEW,IT Support Technician,"Canandaigua, NY",2026-09-14_15-29-45
2026-09-14,NEW,IT Support Technician,"Hawthorne, CA",2026-09-14_15-29-45
2026-09-14,NEW,IT Support Technician,"Washington, DC",2026-09-14_15-29-45
2026-09-14,NEW,IT Support Technician (Logistics),"Bastrop, TX",2026-09-14_15-29-45
2026-09-14,NEW,"IT Support Technician, VIP Support","Washington, DC",2026-09-14_15-29-45
2026-09-14,NEW,"IT Systems Administrator, Launch","Starbase, TX",2026-09-14_15-29-45
2026-09-14,NEW,"IT Systems Administrator, Launch","Hawthorne, CA",2026-09-14_15-29-45
2026-09-14,NEW,"IT Systems Administrator, Mission Systems","Vandenberg, CA",2026-09-14_15-29-45
2026-09-14,NEW,IT Systems Engineer - Top Secret Clearance,"Hawthorne, CA",2026-09-14_15-29-45
2026-09-14,NEW,IT Windows Systems Engineer - Top Secret Clearance,"Hawthorne, CA",2026-09-14_15-29-45
2026-09-14,NEW,Journeyman Electrician (Starlink),"Bastrop, TX",2026-09-14_15-29-45
2026-09-14,NEW,Jr. Sous Chef (Sushi),"Starbase, TX",2026-09-14_15-29-45
2026-09-14,NEW,Jr. Sous Chef - Temporary,"Starbase, TX",2026-09-14_15-29-45
2026-09-14,NEW,Jr. Sous Chef - Temporary,"Cape Canaveral, FL",2026-09-14_15-29-45
2026-09-14,NEW,Jr. Sous Chef - Temporary,"Bastrop, TX",2026-09-14_15-29-45
2026-09-14,NEW,"Kiln Technician, Thermal Hardware (Starship)","Cape Canaveral, FL",2026-09-14_15-29-45
2026-09-14,NEW,Kubernetes Platform Infrastructure Engineer (Starlink),"Redmond, WA",2026-09-14_15-29-45
2026-09-14,NEW,Lab Architect,"Redmond, WA",2026-09-14_15-29-45
2026-09-14,NEW,Laser Tracker Toolmaker (Starship Launch Hardware),"Cape Canaveral, FL",2026-09-14_15-29-45
2026-09-14,NEW,"Launch and Test Engineer, Fluids","Cape Canaveral, FL",2026-09-14_15-29-45
2026-09-14,NEW,"Launch Engineer, Dragon","Cape Canaveral, FL",2026-09-14_15-29-45
2026-09-14,NEW,"Launch Engineer, Falcon Engineering","Vandenberg, CA",2026-09-14_15-29-45
2026-09-14,NEW,"Launch Engineer, Fluid Systems (Starship)","Starbase, TX",2026-09-14_15-29-45
2026-09-14,NEW,"Launch Engineer, Ground Support Equipment (Falcon)","Vandenberg, CA",2026-09-14_15-29-45
2026-09-14,NEW,"Launch Engineer, Spacecraft Integration (Payloads)","Vandenberg, CA",2026-09-14_15-29-45
2026-09-14,NEW,"Launch Engineer, Stage 0 Propellant Generation (Starship)","Cape Canaveral, FL",2026-09-14_15-29-45
2026-09-14,NEW,Launch Operations Engineer (Starship),"Starbase, TX",2026-09-14_15-29-45
2026-09-14,NEW,"Launch Pad Engineer, Fluid Systems (Falcon 9)","Vandenberg, CA",2026-09-14_15-29-45
2026-09-14,NEW,Launch Pad Technician - Multiple Shifts,"Vandenberg, CA",2026-09-14_15-29-45
2026-09-14,NEW,Launch Pad Technician (Starship) - Multiple Shifts,"Cape Canaveral, FL",2026-09-14_15-29-45
2026-09-14,NEW,Launch Quality Inspector - Night Shift,"Cape Canaveral, FL",2026-09-14_15-29-45
2026-09-14,NEW,Launch Reliability Engineer,"Vandenberg, CA",2026-09-14_15-29-45
2026-09-14,NEW,Launch Reliability Engineer (Launch Pads & Recovery),"Cape Canaveral, FL",2026-09-14_15-29-45
2026-09-14,NEW,"Lead Automation and Controls Engineer, Silicon Technology (Starlink)","Bastrop, TX",2026-09-14_15-29-45
2026-09-14,NEW,Lead Avionics Test Engineer (Starshield),"Hawthorne, CA",2026-09-14_15-29-45
2026-09-14,NEW,Lead Cook,"Redmond, WA",2026-09-14_15-29-45
2026-09-14,NEW,Lead Development Test Technician (Starship Structural Test) - 1st Shift,"Starbase, TX",2026-09-14_15-29-45
2026-09-14,NEW,"Lead EHS Engineer, Fire Safety & Emergency Response","Bastrop, TX",2026-09-14_15-29-45
2026-09-14,NEW,"Lead Electrical Engineer, Hardware Reliability (Starlink)","Bastrop, TX",2026-09-14_15-29-45
2026-09-14,NEW,"Lead Electronic Development Engineer, Gateways (Starlink)","Bastrop, TX",2026-09-14_15-29-45
2026-09-14,NEW,"Lead Environmental Health & Safety Engineer, Construction Safety","Bastrop, TX",2026-09-14_15-29-45
2026-09-14,NEW,"Lead Environmental Health & Safety Engineer, Safety Engineering","Bastrop, TX",2026-09-14_15-29-45
2026-09-14,NEW,"Lead, Fulfillment Purchasing","Hawthorne, CA",2026-09-14_15-29-45
2026-09-14,NEW,"Lead, Fulfillment Purchasing","McGregor, TX",2026-09-14_15-29-45
2026-09-14,NEW,"Lead Full Stack Engineer, Starship Manufacturing (Application Software)","Starbase, TX",2026-09-14_15-29-45
2026-09-14,NEW,"Lead Graphic Designer, Merchandising & Events","Hawthorne, CA",2026-09-14_15-29-45
2026-09-14,NEW,"Lead Hardware Reliability Engineer, Electrical (Starshield)","Hawthorne, CA",2026-09-14_15-29-45
2026-09-14,NEW,Lead Hardware Reliability Engineer (Starlink),"Bastrop, TX",2026-09-14_15-29-45
2026-09-14,NEW,Lead HVAC Technician (Starship),"Starbase, TX",2026-09-14_15-29-45
2026-09-14,NEW,Lead Integration & Test Engineer (Starshield),"Hawthorne, CA",2026-09-14_15-29-45
2026-09-14,NEW,Lead Inventory Specialist (Falcon) - 2nd Shift,"Hawthorne, CA",2026-09-14_15-29-45
2026-09-14,NEW,"Lead, Logistics (Outbound)","Woodinville, WA",2026-09-14_15-29-45
2026-09-14,NEW,Lead Manufacturing Engineer (Starlink PCBA),"Bastrop, TX",2026-09-14_15-29-45
2026-09-14,NEW,"Lead Mechanical Engineer, Hardware Reliability (Starlink)","Bastrop, TX",2026-09-14_15-29-45
2026-09-14,NEW,"Lead Mechanical Engineer, MEP","McGregor, TX",2026-09-14_15-29-45
2026-09-14,NEW,Lead Mechanical Engineer (Starship),"Starbase, TX",2026-09-14_15-29-45
2026-09-14,NEW,Lead Mechanical Engineer (Starship Avionics),"Starbase, TX",2026-09-14_15-29-45
2026-09-14,NEW,Lead PCB Designer (Starshield),"Hawthorne, CA",2026-09-14_15-29-45
2026-09-14,NEW,Lead Power Systems Engineer,"McGregor, TX",2026-09-14_15-29-45
2026-09-14,NEW,Lead Security Officer,"Starbase, TX",2026-09-14_15-29-45
2026-09-14,NEW,Lead Security Officer,"Palo Alto, CA",2026-09-14_15-29-45
2026-09-14,NEW,Lead Security Officer - Memphis,"Memphis, TN",2026-09-14_15-29-45
2026-09-14,NEW,Lead Security Officer (Terafab),"Anderson, TX",2026-09-14_15-29-45
2026-09-14,NEW,"Lead Software Engineer, Application Software (Finance)","Hawthorne, CA",2026-09-14_15-29-45
2026-09-14,NEW,"Lead Software Engineer, Application Software (Manufacturing)","Starbase, TX",2026-09-14_15-29-45
2026-09-14,NEW,"Lead Software Engineer, Finance","Hawthorne, CA",2026-09-14_15-29-45
2026-09-14,NEW,"Lead Software Engineer, Flight Systems - Top Secret Clearance","Hawthorne, CA",2026-09-14_15-29-45
2026-09-14,NEW,Lead Software Engineer (Full Stack) - Build Reliability,"Hawthorne, CA",2026-09-14_15-29-45
2026-09-14,NEW,"Lead Software Engineer, Full Stack - Top Secret Clearance","Hawthorne, CA",2026-09-14_15-29-45
2026-09-14,NEW,"Lead Software Engineer, Starship Manufacturing (Application Software)","Starbase, TX",2026-09-14_15-29-45
2026-09-14,NEW,Lead Starship Engineer (Ship Vehicle Assembly),"Starbase, TX",2026-09-14_15-29-45
2026-09-14,NEW,Lead Structural Welder - Night Shift,"Starbase, TX",2026-09-14_15-29-45
2026-09-14,NEW,Lead Supplier Development Engineer (Starlink),"Redmond, WA",2026-09-14_15-29-45
2026-09-14,NEW,Lead Supply Chain Reliability Engineer (Starlink),"Woodinville, WA",2026-09-14_15-29-45
2026-09-14,NEW,Lead Welder - 2nd Shift,"McGregor, TX",2026-09-14_15-29-45
2026-09-14,NEW,Lead Welder (Starship Launch Hardware) - Multiple Shifts,"Cape Canaveral, FL",2026-09-14_15-29-45
2026-09-14,NEW,"Legal Analyst, Product (Starlink)","Washington, DC",2026-09-14_15-29-45
2026-09-14,NEW,Liquefied Natural Gas Process/Project Engineer,"Starbase, TX",2026-09-14_15-29-45
2026-09-14,NEW,Loads & Dynamics Engineer (Starfall),"Hawthorne, CA",2026-09-14_15-29-45
2026-09-14,NEW,Loads & Dynamics Engineer (Starshield),"Hawthorne, CA",2026-09-14_15-29-45
2026-09-14,NEW,Logistics Technician,"McGregor, TX",2026-09-14_15-29-45
2026-09-14,NEW,Machine Maintenance Associate (Starlink),"Bastrop, TX",2026-09-14_15-29-45
2026-09-14,NEW,"Machine Maintenance Specialist, Solar Cells (Starlink)","Bastrop, TX",2026-09-14_15-29-45
2026-09-14,NEW,Machine Maintenance Supervisor (Starlink) - Multiple Shifts,"Bastrop, TX",2026-09-14_15-29-45
2026-09-14,NEW,Machine Maintenance Technician,"Redmond, WA",2026-09-14_15-29-45
2026-09-14,NEW,Machine Maintenance Technician (CNC) - Level 4/5,"Hawthorne, CA",2026-09-14_15-29-45
2026-09-14,NEW,"Machine Maintenance Technician, PCB (Starlink)","Bastrop, TX",2026-09-14_15-29-45
2026-09-14,NEW,"Machine Maintenance Technician, Solar Cells (Starlink) - Day Shift","Bastrop, TX",2026-09-14_15-29-45
2026-09-14,NEW,Machine Maintenance Technician (Starlink),"Bastrop, TX",2026-09-14_15-29-45
2026-09-14,NEW,Machining Technician (Starlink),"Woodinville, WA",2026-09-14_15-29-45
2026-09-14,NEW,Machining Technician (Starlink) - Entry Level,"Woodinville, WA",2026-09-14_15-29-45
2026-09-14,NEW,Machinist,"Vandenberg, CA",2026-09-14_15-29-45
2026-09-14,NEW,"Maintenance Engineer, High Pressure Die Casting (Starlink)","Bastrop, TX",2026-09-14_15-29-45
2026-09-14,NEW,"Maintenance Engineer, PCB (Starlink)","Bastrop, TX",2026-09-14_15-29-45
2026-09-14,NEW,Maintenance Supervisor (Starlink),"Bastrop, TX",2026-09-14_15-29-45
2026-09-14,NEW,Maintenance Supervisor (Starlink) - Night Shift,"Bastrop, TX",2026-09-14_15-29-45
2026-09-14,NEW,Maintenance Technician,"Hawthorne, CA",2026-09-14_15-29-45
2026-09-14,NEW,Maintenance Technician,"Starbase, TX",2026-09-14_15-29-45
2026-09-14,NEW,Maintenance Technician (Starlink) - Level 4/5,"Redmond, WA",2026-09-14_15-29-45
2026-09-14,NEW,"Manager, Advanced Process Manufacturing","Bastrop, TX",2026-09-14_15-29-45
2026-09-14,NEW,"Manager, ASIC Design Engineering (Starshield Silicon)","Hawthorne, CA",2026-09-14_15-29-45
2026-09-14,NEW,"Manager, Automation & Controls Engineering (Power Generation & Utilities)","Starbase, TX",2026-09-14_15-29-45
2026-09-14,NEW,"Manager, Chemical Operations & Production","Bastrop, TX",2026-09-14_15-29-45
2026-09-14,NEW,"Manager, Chemical Process Production (Starlink)","Bastrop, TX",2026-09-14_15-29-45
2026-09-14,NEW,"Manager, Construction","Palo Alto, CA",2026-09-14_15-29-45
2026-09-14,NEW,"Manager, Critical Lift (Starship)","Starbase, TX",2026-09-14_15-29-45
2026-09-14,NEW,"Manager, Data Center Hardware & Infrastructure (TS/SCI)","Hawthorne, CA",2026-09-14_15-29-45
2026-09-14,NEW,"Manager, Environmental Health & Safety - Memphis","Memphis, TN",2026-09-14_15-29-45
2026-09-14,NEW,"Manager, Facilities Infrastructure","Starbase, TX",2026-09-14_15-29-45
2026-09-14,NEW,"Manager, Facilities Operations - Solar Cell Factory (Starlink)","Bastrop, TX",2026-09-14_15-29-45
2026-09-14,NEW,"Manager, Facilities Operations (Starlink)","Bastrop, TX",2026-09-14_15-29-45
2026-09-14,NEW,"Manager, Gateway Electronics Engineering (Starlink)","Bastrop, TX",2026-09-14_15-29-45
2026-09-14,NEW,"Manager, Hospitality","Redmond, WA",2026-09-14_15-29-45
2026-09-14,NEW,"Manager, Indirect Tax","Hawthorne, CA",2026-09-14_15-29-45
2026-09-14,NEW,"Manager, IT Infrastructure (Storage, Compute, & Virtualization)","Hawthorne, CA",2026-09-14_15-29-45
2026-09-14,NEW,"Manager, Logistics (Global Fulfillment Network)","Hawthorne, CA",2026-09-14_15-29-45
2026-09-14,NEW,"Manager, Logistics (Global Fulfillment Network)","Bastrop, TX",2026-09-14_15-29-45
2026-09-14,NEW,"Manager, Logistics (Global Fulfillment Network)","Woodinville, WA",2026-09-14_15-29-45
2026-09-14,NEW,"Manager, Logistics (Global Fulfillment Network)","Redmond, WA",2026-09-14_15-29-45
2026-09-14,NEW,"Manager, Logistics (Inbound & CapEx)","Bastrop, TX",2026-09-14_15-29-45
2026-09-14,NEW,"Manager, Machine Maintenance - Solar Cell Factory (Starlink)","Bastrop, TX",2026-09-14_15-29-45
2026-09-14,NEW,"Manager, Machine Maintenance (Starlink)","Bastrop, TX",2026-09-14_15-29-45
2026-09-14,NEW,"Manager, Maintenance Operations (Starlink)","Bastrop, TX",2026-09-14_15-29-45
2026-09-14,NEW,"Manager, Material Flow Engineering (Hawthorne)","Hawthorne, CA",2026-09-14_15-29-45
2026-09-14,NEW,"Manager, Materials Management (Starship)","Starbase, TX",2026-09-14_15-29-45
2026-09-14,NEW,"Manager, Materials Management (Starship)","Hawthorne, CA",2026-09-14_15-29-45
2026-09-14,NEW,"Manager, Mechanical Engineering (Starship Avionics)","Starbase, TX",2026-09-14_15-29-45
2026-09-14,NEW,"Manager, NDE Operations (Starship Mechanisms)","Hawthorne, CA",2026-09-14_15-29-45
2026-09-14,NEW,"Manager, PCBA SMT Production (Starlink)","Bastrop, TX",2026-09-14_15-29-45
2026-09-14,NEW,"Manager, Printed Circuit Board (PCB) Production (Starlink)","Bastrop, TX",2026-09-14_15-29-45
2026-09-14,NEW,"Manager, Production (Chemical Processes)","Bastrop, TX",2026-09-14_15-29-45
2026-09-14,NEW,"Manager, Production (Solar Cells)","Bastrop, TX",2026-09-14_15-29-45
2026-09-14,NEW,"Manager, Security","Redmond, WA",2026-09-14_15-29-45
2026-09-14,NEW,"Manager, Security - Memphis","Memphis, TN",2026-09-14_15-29-45
2026-09-14,NEW,"Manager, Starlink Enterprise Sales","Hawthorne, CA",2026-09-14_15-29-45
2026-09-14,NEW,"Manager, Starlink Enterprise Sales","Bastrop, TX",2026-09-14_15-29-45
2026-09-14,NEW,"Manager, Starlink Enterprise Sales",Remote - IL,2026-09-14_15-29-45
2026-09-14,NEW,"Manager, Starlink Enterprise Sales","Redmond, WA",2026-09-14_15-29-45
2026-09-14,NEW,"Manager, Starlink Enterprise Sales","New York City, NY",2026-09-14_15-29-45
2026-09-14,NEW,"Manager, Starshield Account Management","Washington, DC",2026-09-14_15-29-45
2026-09-14,NEW,"Manager, Starship Build","Starbase, TX",2026-09-14_15-29-45
2026-09-14,NEW,"Manager, Starship Indirect Supply Chain","Hawthorne, CA",2026-09-14_15-29-45
2026-09-14,NEW,"Manager, Supply Chain - Datacenter Compute Infrastructure (Starlink)","Palo Alto, CA",2026-09-14_15-29-45
2026-09-14,NEW,"Manager, Supply Chain - Datacenter Compute Infrastructure (Starlink)","Austin, TX",2026-09-14_15-29-45
2026-09-14,NEW,"Manager, Utilities Engineering and Operations (Starlink)","Bastrop, TX",2026-09-14_15-29-45
2026-09-14,NEW,"Manufacturing Automation Engineer, Chamber and Nozzle (Raptor)","Hawthorne, CA",2026-09-14_15-29-45
2026-09-14,NEW,"Manufacturing Automation Engineer, Solar - (Starlink)","Redmond, WA",2026-09-14_15-29-45
2026-09-14,NEW,"Manufacturing Engineer, AI Satellites (Starmind)","Bastrop, TX",2026-09-14_15-29-45
2026-09-14,NEW,"Manufacturing Engineer, Blades and Vanes","Bastrop, TX",2026-09-14_15-29-45
2026-09-14,NEW,"Manufacturing Engineer, Chamber and Nozzle (Raptor)","Hawthorne, CA",2026-09-14_15-29-45
2026-09-14,NEW,Manufacturing Engineer (Falcon & Dragon),"Hawthorne, CA",2026-09-14_15-29-45
2026-09-14,NEW,"Manufacturing Engineering Specialist, PCBA (Starlink)","Bastrop, TX",2026-09-14_15-29-45
2026-09-14,NEW,Manufacturing Engineering Specialist (Starlink) - 2nd Shift,"Bastrop, TX",2026-09-14_15-29-45
2026-09-14,NEW,"Manufacturing Engineer, Machine Shop (Starship)","Hawthorne, CA",2026-09-14_15-29-45
2026-09-14,NEW,Manufacturing Engineer (Machining),"Hawthorne, CA",2026-09-14_15-29-45
2026-09-14,NEW,"Manufacturing Engineer, Machining (Starship)","Hawthorne, CA",2026-09-14_15-29-45
2026-09-14,NEW,"Manufacturing Engineer, Next-Gen Compute Systems (Starlink)","Bastrop, TX",2026-09-14_15-29-45
2026-09-14,NEW,"Manufacturing Engineer, Optical Fiber (Starlink)","Redmond, WA",2026-09-14_15-29-45
2026-09-14,NEW,"Manufacturing Engineer, PCBA (Starlink)","Bastrop, TX",2026-09-14_15-29-45
2026-09-14,NEW,Manufacturing Engineer (Raptor Combustion Devices Machining),"Hawthorne, CA",2026-09-14_15-29-45
2026-09-14,NEW,"Manufacturing Engineer, Raptor Turbomachinery","Hawthorne, CA",2026-09-14_15-29-45
2026-09-14,NEW,Manufacturing Engineer (Raptor Turbomachinery Machining),"Hawthorne, CA",2026-09-14_15-29-45
2026-09-14,NEW,Manufacturing Engineer (Raptor Valves Machining),"Hawthorne, CA",2026-09-14_15-29-45
2026-09-14,NEW,"Manufacturing Engineer, Solar (Starlink)","Redmond, WA",2026-09-14_15-29-45
2026-09-14,NEW,Manufacturing Engineer (Starlink),"Bastrop, TX",2026-09-14_15-29-45
2026-09-14,NEW,Manufacturing Engineer (Starship Components Operations),"Hawthorne, CA",2026-09-14_15-29-45
2026-09-14,NEW,Manufacturing Engineer - Supplier Development (Starlink),"Redmond, WA",2026-09-14_15-29-45
2026-09-14,NEW,Manufacturing Engineer - Supplier Development (Starlink Gateway),"Bastrop, TX",2026-09-14_15-29-45
2026-09-14,NEW,"Manufacturing Engineer, Supply Chain (Starship)","Starbase, TX",2026-09-14_15-29-45
2026-09-14,NEW,"Manufacturing Engineer, Tool & Die Machining - 2nd Shift","Bastrop, TX",2026-09-14_15-29-45
2026-09-14,NEW,"Manufacturing Engineer, Tool & Die Machining (Starlink)","Bastrop, TX",2026-09-14_15-29-45
2026-09-14,NEW,Manufacturing Integration Engineer (Starship),"Starbase, TX",2026-09-14_15-29-45
2026-09-14,NEW,Manufacturing Specialist - 2nd Shift,"Redmond, WA",2026-09-14_15-29-45
2026-09-14,NEW,"Manufacturing Specialist, Components Test","Redmond, WA",2026-09-14_15-29-45
2026-09-14,NEW,Manufacturing Specialist (Optical Production) - 2nd Shift,"Redmond, WA",2026-09-14_15-29-45
2026-09-14,NEW,"Manufacturing Specialist, PCBA (Starlink)","Bastrop, TX",2026-09-14_15-29-45
2026-09-14,NEW,Manufacturing Specialist (Satellite Transceiver),"Redmond, WA",2026-09-14_15-29-45
2026-09-14,NEW,Manufacturing Specialist (Satellite Transceiver) - 2nd Shift,"Redmond, WA",2026-09-14_15-29-45
2026-09-14,NEW,"Manufacturing Specialist, Solar Cells (Starlink)","Bastrop, TX",2026-09-14_15-29-45
2026-09-14,NEW,"Manufacturing Specialist, Solar (Starlink)","Redmond, WA",2026-09-14_15-29-45
2026-09-14,NEW,Manufacturing Specialist (Starlink),"Bastrop, TX",2026-09-14_15-29-45
2026-09-14,NEW,Manufacturing Specialist (Starlink) - 2nd Shift,"Bastrop, TX",2026-09-14_15-29-45
2026-09-14,NEW,Manufacturing Specialist (Starshield),"Hawthorne, CA",2026-09-14_15-29-45
2026-09-14,NEW,Manufacturing Supervisor - Night Shift (PCB Manufacturing),"Bastrop, TX",2026-09-14_15-29-45
2026-09-14,NEW,Manufacturing Supervisor (PCB Manufacturing),"Bastrop, TX",2026-09-14_15-29-45
2026-09-14,NEW,Manufacturing Technician,"Bastrop, TX",2026-09-14_15-29-45
2026-09-14,NEW,Market Analysis Lead (Starlink),"Hawthorne, CA",2026-09-14_15-29-45
2026-09-14,NEW,Master Electrician,"Starbase, TX",2026-09-14_15-29-45
2026-09-14,NEW,Material Flow Engineer,"Hawthorne, CA",2026-09-14_15-29-45
2026-09-14,NEW,Material Handler,"Cape Canaveral, FL",2026-09-14_15-29-45
2026-09-14,NEW,"Material Handler, Heatshield (Starship)","Starbase, TX",2026-09-14_15-29-45
2026-09-14,NEW,Material Handler (Starshield) - Temporary Position,"Hawthorne, CA",2026-09-14_15-29-45
2026-09-14,NEW,"Materials Engineer, AI Satellites (Starmind)","Bastrop, TX",2026-09-14_15-29-45
2026-09-14,NEW,"Materials Engineer, Metals (Starlink)","Redmond, WA",2026-09-14_15-29-45
2026-09-14,NEW,"Materials Engineer, Metals (Starship)","Hawthorne, CA",2026-09-14_15-29-45
2026-09-14,NEW,"Materials Engineer, Metals (Starship)","Starbase, TX",2026-09-14_15-29-45
2026-09-14,NEW,"Materials Engineer, Polymer Development","Hawthorne, CA",2026-09-14_15-29-45
2026-09-14,NEW,"Materials Engineer, Polymers (Starlink)","Bastrop, TX",2026-09-14_15-29-45
2026-09-14,NEW,"Materials Engineer, Solar Cell Characterization","Bastrop, TX",2026-09-14_15-29-45
2026-09-14,NEW,Materials Engineer (Starlink),"Bastrop, TX",2026-09-14_15-29-45
2026-09-14,NEW,"Materials Engineer, Thermal Protection (Starship)","Cape Canaveral, FL",2026-09-14_15-29-45
2026-09-14,NEW,"Materials Engineer, Welding (Starship Components)","Hawthorne, CA",2026-09-14_15-29-45
2026-09-14,NEW,Materials R&D Technician,"Hawthorne, CA",2026-09-14_15-29-45
2026-09-14,NEW,Materials R&D Technician - Level 4/5,"Bastrop, TX",2026-09-14_15-29-45
2026-09-14,NEW,Materials R&D Technician - Level 4/5,"Hawthorne, CA",2026-09-14_15-29-45
2026-09-14,NEW,"Materials R&D Technician, Silicon Crystal Growth","Bastrop, TX",2026-09-14_15-29-45
2026-09-14,NEW,"Materials R&D Technician, Solar Cell Characterization","Bastrop, TX",2026-09-14_15-29-45
2026-09-14,NEW,Material Transfer Driver - 2nd Shift,"Hawthorne, CA",2026-09-14_15-29-45
2026-09-14,NEW,"Mechanical Design Engineer, Consumer Hardware (Starlink)","Bastrop, TX",2026-09-14_15-29-45
2026-09-14,NEW,Mechanical Design Engineer (Falcon),"Hawthorne, CA",2026-09-14_15-29-45
2026-09-14,NEW,"Mechanical Design Engineer, Gateways (Starlink)","Bastrop, TX",2026-09-14_15-29-45
2026-09-14,NEW,"Mechanical Design Engineer, PCB (STARLINK)","Bastrop, TX",2026-09-14_15-29-45
2026-09-14,NEW,"Mechanical Design Engineer, Production (Starlink)","Redmond, WA",2026-09-14_15-29-45
2026-09-14,NEW,Mechanical Design Engineer (Starfall),"Hawthorne, CA",2026-09-14_15-29-45
2026-09-14,NEW,Mechanical Design Engineer (Starship Components),"Hawthorne, CA",2026-09-14_15-29-45
2026-09-14,NEW,"Mechanical Designer, Automation & Controls (Starship Launch Pad)","Starbase, TX",2026-09-14_15-29-45
2026-09-14,NEW,Mechanical Designer (HVAC),"Hawthorne, CA",2026-09-14_15-29-45
2026-09-14,NEW,"Mechanical Development Test Engineer, Satellites (Starlink)","Redmond, WA",2026-09-14_15-29-45
2026-09-14,NEW,Mechanical Engineer,"McGregor, TX",2026-09-14_15-29-45
2026-09-14,NEW,"Mechanical Engineer, AI Satellites (Starmind)","Bastrop, TX",2026-09-14_15-29-45
2026-09-14,NEW,"Mechanical Engineer, Aviation Hardware (Starlink)","Woodinville, WA",2026-09-14_15-29-45
2026-09-14,NEW,"Mechanical Engineer, Aviation Integration (Starlink)","Woodinville, WA",2026-09-14_15-29-45
2026-09-14,NEW,"Mechanical Engineer - Battery Pack, Satellites (Starlink)","Redmond, WA",2026-09-14_15-29-45
2026-09-14,NEW,"Mechanical Engineer, Cabin Structures (Crew Starship)","Starbase, TX",2026-09-14_15-29-45
2026-09-14,NEW,Mechanical Engineer (Data Center MEP Systems),"Starbase, TX",2026-09-14_15-29-45
2026-09-14,NEW,Mechanical Engineer (Dragon),"Hawthorne, CA",2026-09-14_15-29-45
2026-09-14,NEW,"Mechanical Engineer, Electro-Mechanical (Starlink)","Redmond, WA",2026-09-14_15-29-45
2026-09-14,NEW,Mechanical Engineer (Facilities),"Redmond, WA",2026-09-14_15-29-45
2026-09-14,NEW,Mechanical Engineer (Facilities),"Hawthorne, CA",2026-09-14_15-29-45
2026-09-14,NEW,"Mechanical Engineer, Flight Termination System (Starship)","Hawthorne, CA",2026-09-14_15-29-45
2026-09-14,NEW,"Mechanical Engineer, Fluid Systems (Design & Build)","McGregor, TX",2026-09-14_15-29-45
2026-09-14,NEW,Mechanical Engineer (Gas/Steam Turbines),"Starbase, TX",2026-09-14_15-29-45
2026-09-14,NEW,"Mechanical Engineer, Hardware Reliability (Starlink)","Bastrop, TX",2026-09-14_15-29-45
2026-09-14,NEW,"Mechanical Engineer, Heatshield (Starship)","Starbase, TX",2026-09-14_15-29-45
2026-09-14,NEW,"Mechanical Engineer, HVAC (Facilities)","Cape Canaveral, FL",2026-09-14_15-29-45
2026-09-14,NEW,"Mechanical Engineer, Infrastructure","Starbase, TX",2026-09-14_15-29-45
2026-09-14,NEW,"Mechanical Engineer, Insource Manufacturing (Starlink)","Bastrop, TX",2026-09-14_15-29-45
2026-09-14,NEW,"Mechanical Engineer, Machine Design (Starship)","Starbase, TX",2026-09-14_15-29-45
2026-09-14,NEW,"Mechanical Engineer, Mechanisms (Crew Starship)","Starbase, TX",2026-09-14_15-29-45
2026-09-14,NEW,"Mechanical Engineer - Optical, Satellites (Starlink)","Redmond, WA",2026-09-14_15-29-45
2026-09-14,NEW,"Mechanical Engineer, Optical & Space Lasers Manufacturing (Starlink)","Redmond, WA",2026-09-14_15-29-45
2026-09-14,NEW,"Mechanical Engineer, PCB (Starlink)","Bastrop, TX",2026-09-14_15-29-45
2026-09-14,NEW,"Mechanical Engineer, Precision Machining (Starlink)","Woodinville, WA",2026-09-14_15-29-45
2026-09-14,NEW,"Mechanical Engineer, Printer Design & Manufacturing (Raptor)","Hawthorne, CA",2026-09-14_15-29-45
2026-09-14,NEW,"Mechanical Engineer, Propellant Generation (Starship)","Cape Canaveral, FL",2026-09-14_15-29-45
2026-09-14,NEW,"Mechanical Engineer, Satellite Harnessing (Starlink)","Redmond, WA",2026-09-14_15-29-45
2026-09-14,NEW,Mechanical Engineer - Satellite Payload (Starlink),"Redmond, WA",2026-09-14_15-29-45
2026-09-14,NEW,Mechanical Engineer - Satellite Solar Array (Starlink),"Redmond, WA",2026-09-14_15-29-45
2026-09-14,NEW,"Mechanical Engineer, Satellites (Starlink)","Redmond, WA",2026-09-14_15-29-45
2026-09-14,NEW,"Mechanical Engineer, Solar Cell Factory (Starlink)","Bastrop, TX",2026-09-14_15-29-45
2026-09-14,NEW,Mechanical Engineer (Starlink Components),"Redmond, WA",2026-09-14_15-29-45
2026-09-14,NEW,Mechanical Engineer (Starlink Mobile),"Redmond, WA",2026-09-14_15-29-45
2026-09-14,NEW,Mechanical Engineer (Starshield),"Hawthorne, CA",2026-09-14_15-29-45
2026-09-14,NEW,Mechanical Engineer (Starship),"Hawthorne, CA",2026-09-14_15-29-45
2026-09-14,NEW,Mechanical Engineer (Starship),"Starbase, TX",2026-09-14_15-29-45
2026-09-14,NEW,Mechanical Engineer (Starship Avionics),"Starbase, TX",2026-09-14_15-29-45
2026-09-14,NEW,Mechanical Engineer (Starship Avionics),"Hawthorne, CA",2026-09-14_15-29-45
2026-09-14,NEW,Mechanical Engineer (Starship Components Manufacturing),"Hawthorne, CA",2026-09-14_15-29-45
2026-09-14,NEW,"Mechanical Engineer, Starship Launch Hardware","Cape Canaveral, FL",2026-09-14_15-29-45
2026-09-14,NEW,Mechanical Engineer (Starship Structures),"Starbase, TX",2026-09-14_15-29-45
2026-09-14,NEW,"Mechanical Engineer (Structures), Starship Infrastructure","Starbase, TX",2026-09-14_15-29-45
2026-09-14,NEW,Mechanical Engineer (Super Heavy Booster),"Starbase, TX",2026-09-14_15-29-45
2026-09-14,NEW,"Mechanical Engineer - Tooling/Controls, Satellites (Starlink)","Redmond, WA",2026-09-14_15-29-45
2026-09-14,NEW,"Mechanical Engineer, Tower/Launch and Test","Starbase, TX",2026-09-14_15-29-45
2026-09-14,NEW,"Mechanical Engineer, Tower & Launch Mount (Starship)","Cape Canaveral, FL",2026-09-14_15-29-45
2026-09-14,NEW,Mechanical Integration and Test Engineer (Starlink),"Woodinville, WA",2026-09-14_15-29-45
2026-09-14,NEW,Mechanical Integration & Test Engineer (Starshield),"Hawthorne, CA",2026-09-14_15-29-45
2026-09-14,NEW,"Mechanical Specialist, PCB (Starlink)","Bastrop, TX",2026-09-14_15-29-45
2026-09-14,NEW,Mechanical Superintendent (HVAC),"Hawthorne, CA",2026-09-14_15-29-45
2026-09-14,NEW,Mechanical Technician (Facilities),"Hawthorne, CA",2026-09-14_15-29-45
2026-09-14,NEW,Mechanisms Engineer (Starship),"Hawthorne, CA",2026-09-14_15-29-45
2026-09-14,NEW,MEP/Construction Engineer,"Bastrop, TX",2026-09-14_15-29-45
2026-09-14,NEW,MEP Engineer,"McGregor, TX",2026-09-14_15-29-45
2026-09-14,NEW,Merchandising Associate (Bastrop),"Bastrop, TX",2026-09-14_15-29-45
2026-09-14,NEW,Merchandising Associate (Starbase),"Starbase, TX",2026-09-14_15-29-45
2026-09-14,NEW,"Metrology Specialist, Solar Cells (Starlink) - Day Shift","Bastrop, TX",2026-09-14_15-29-45
2026-09-14,NEW,Metrology Specialist (Starship),"Starbase, TX",2026-09-14_15-29-45
2026-09-14,NEW,Microelectronics Process Engineer (Optical Products),"Redmond, WA",2026-09-14_15-29-45
2026-09-14,NEW,"Microelectronics Technician, Starlink","Redmond, WA",2026-09-14_15-29-45
2026-09-14,NEW,Millwright (Gas/Steam Turbines),"Starbase, TX",2026-09-14_15-29-45
2026-09-14,NEW,Millwright (Launch Hardware),"Cape Canaveral, FL",2026-09-14_15-29-45
2026-09-14,NEW,"Mission Integration Engineer, AI (Starshield) - Top Secret Clearance","Hawthorne, CA",2026-09-14_15-29-45
2026-09-14,NEW,"Mission Integration Engineer, C3 - Top Secret Clearance","Hawthorne, CA",2026-09-14_15-29-45
2026-09-14,NEW,"Mission Integration Engineer, Mission Systems (Starshield)","Hawthorne, CA",2026-09-14_15-29-45
2026-09-14,NEW,Mission Integration Engineer (Security Products) - Top Secret Clearance,"Hawthorne, CA",2026-09-14_15-29-45
2026-09-14,NEW,"Mission Integration Engineer, Special Programs","Hawthorne, CA",2026-09-14_15-29-45
2026-09-14,NEW,Mission Integration Engineer (Starshield),"Hawthorne, CA",2026-09-14_15-29-45
2026-09-14,NEW,"Mission Manager, Launch","Vandenberg, CA",2026-09-14_15-29-45
2026-09-14,NEW,"Mission Manager, Space Lasers (Starshield)","Hawthorne, CA",2026-09-14_15-29-45
2026-09-14,NEW,Mixologist,"Starbase, TX",2026-09-14_15-29-45
2026-09-14,NEW,"ML Engineer, Surrogate Modeling (Vehicle Engineering)","Hawthorne, CA",2026-09-14_15-29-45
2026-09-14,NEW,Motion Graphics Producer,"Hawthorne, CA",2026-09-14_15-29-45
2026-09-14,NEW,NDE Engineer,"Hawthorne, CA",2026-09-14_15-29-45
2026-09-14,NEW,"NDE Inspector, Certified Welding Inspector (CWI)","Starbase, TX",2026-09-14_15-29-45
2026-09-14,NEW,NDE Inspector (Starship),"Starbase, TX",2026-09-14_15-29-45
2026-09-14,NEW,NDE Inspector (Starship),"Westminster, MD",2026-09-14_15-29-45
2026-09-14,NEW,NDE Inspector (Starship) - Digital Radiography,"Starbase, TX",2026-09-14_15-29-45
2026-09-14,NEW,NDE Inspector (Starship) - Phased Array,"Starbase, TX",2026-09-14_15-29-45
2026-09-14,NEW,NDE Inspector Trainee (Starship) - Temporary,"Starbase, TX",2026-09-14_15-29-45
2026-09-14,NEW,"NDE Level II Inspector, Certified Welding Inspector (Starship Mechanisms) - 1st Shift","Hawthorne, CA",2026-09-14_15-29-45
2026-09-14,NEW,NDE Level II Inspector - Multiple Shifts,"Hawthorne, CA",2026-09-14_15-29-45
2026-09-14,NEW,NDE Level II Inspector (Starship Mechanisms),"Hawthorne, CA",2026-09-14_15-29-45
2026-09-14,NEW,NDE Level II Inspector (Starship Mechanisms) - Split Shift,"Hawthorne, CA",2026-09-14_15-29-45
2026-09-14,NEW,Network Engineer (Starlink),"Redmond, WA",2026-09-14_15-29-45
2026-09-14,NEW,Network Engineer (Starlink Community Gateway),"Redmond, WA",2026-09-14_15-29-45
2026-09-14,NEW,Network Operations Engineer (Starlink),"Redmond, WA",2026-09-14_15-29-45
2026-09-14,NEW,Network Operations Technician (Starlink),"Redmond, WA",2026-09-14_15-29-45
2026-09-14,NEW,Network Software Integration Engineer (Starlink),"Redmond, WA",2026-09-14_15-29-45
2026-09-14,NEW,"New Graduate Engineer, Civil/Structural (Starship)","Starbase, TX",2026-09-14_15-29-45
2026-09-14,NEW,"New Graduate Engineer, Electrical - '26/'27 (Starlink)","Redmond, WA",2026-09-14_15-29-45
2026-09-14,NEW,"New Graduate Engineer, Electrical - '26/'27 (Starlink)","Bastrop, TX",2026-09-14_15-29-45
2026-09-14,NEW,"New Graduate Engineer, Electrical (Starshield)","Hawthorne, CA",2026-09-14_15-29-45
2026-09-14,NEW,"New Graduate Engineer, Electrical (Starship)","Starbase, TX",2026-09-14_15-29-45
2026-09-14,NEW,"New Graduate Engineer, GNC- '26/'27 (Starlink)","Bastrop, TX",2026-09-14_15-29-45
2026-09-14,NEW,"New Graduate Engineer, GNC- '26/'27 (Starlink)","Redmond, WA",2026-09-14_15-29-45
2026-09-14,NEW,"New Graduate Engineer, Launch & Test (Starship)","Starbase, TX",2026-09-14_15-29-45
2026-09-14,NEW,"New Graduate Engineer, Manufacturing (Starshield)","Hawthorne, CA",2026-09-14_15-29-45
2026-09-14,NEW,"New Graduate Engineer, Manufacturing (Starship)","Starbase, TX",2026-09-14_15-29-45
2026-09-14,NEW,"New Graduate Engineer, Mechanical","McGregor, TX",2026-09-14_15-29-45
2026-09-14,NEW,"New Graduate Engineer, Mechanical - '26/'27 (Starlink)","Bastrop, TX",2026-09-14_15-29-45
2026-09-14,NEW,"New Graduate Engineer, Mechanical - '26/'27 (Starlink)","Redmond, WA",2026-09-14_15-29-45
2026-09-14,NEW,"New Graduate Engineer, Mechanical (Cape Canaveral)","Cape Canaveral, FL",2026-09-14_15-29-45
2026-09-14,NEW,"New Graduate Engineer, Mechanical Design (Starshield)","Hawthorne, CA",2026-09-14_15-29-45
2026-09-14,NEW,"New Graduate Engineer, Mechanical (Starship)","Starbase, TX",2026-09-14_15-29-45
2026-09-14,NEW,"New Graduate Engineer, Power Generation (Starship)","Starbase, TX",2026-09-14_15-29-45
2026-09-14,NEW,"New Graduate Engineer, Propulsion (Raptor)","Hawthorne, CA",2026-09-14_15-29-45
2026-09-14,NEW,"New Graduate Engineer, Propulsion (Starship)","Starbase, TX",2026-09-14_15-29-45
2026-09-14,NEW,"New Graduate Engineer, Security Software (Starshield)","Washington, DC",2026-09-14_15-29-45
2026-09-14,NEW,"New Graduate Engineer, Security Software (Starshield)","Hawthorne, CA",2026-09-14_15-29-45
2026-09-14,NEW,"New Graduate Engineer, Silicon Engineering","Palo Alto, CA",2026-09-14_15-29-45
2026-09-14,NEW,"New Graduate Engineer, Silicon Engineering","Redmond, WA",2026-09-14_15-29-45
2026-09-14,NEW,"New Graduate Engineer, Silicon Engineering","Irvine, CA",2026-09-14_15-29-45
2026-09-14,NEW,"New Graduate Engineer, Software","Hawthorne, CA",2026-09-14_15-29-45
2026-09-14,NEW,"New Graduate Engineer, Software  - '26/'27  (Starlink)","Bastrop, TX",2026-09-14_15-29-45
2026-09-14,NEW,"New Graduate Engineer, Software - '26/'27 (Starlink)","Palo Alto, CA",2026-09-14_15-29-45
2026-09-14,NEW,"New Graduate Engineer, Software - '26/'27 (Starlink)","Redmond, WA",2026-09-14_15-29-45
2026-09-14,NEW,"New Graduate Engineer, Software (Application Software)","Hawthorne, CA",2026-09-14_15-29-45
2026-09-14,NEW,"New Graduate Engineer, Software Security - '26/'27 (Starlink)","Palo Alto, CA",2026-09-14_15-29-45
2026-09-14,NEW,"New Graduate Engineer, Software Security - '26/'27 (Starlink)","Redmond, WA",2026-09-14_15-29-45
2026-09-14,NEW,"New Graduate Engineer, Software Security - '26/'27 (Starlink)","Hawthorne, CA",2026-09-14_15-29-45
2026-09-14,NEW,"New Graduate Engineer, Software Security - '26/'27 (Starlink)","Bastrop, TX",2026-09-14_15-29-45
2026-09-14,NEW,"New Graduate Engineer, Software (Starship)","Starbase, TX",2026-09-14_15-29-45
2026-09-14,NEW,"New Graduate Engineer, Software (Starship)","Hawthorne, CA",2026-09-14_15-29-45
2026-09-14,NEW,"New Graduate Engineer, Starship Components","Hawthorne, CA",2026-09-14_15-29-45
2026-09-14,NEW,Offline Paid Media Lead,"Hawthorne, CA",2026-09-14_15-29-45
2026-09-14,NEW,Omnichannel Marketing Manager - Retail (Starlink),"Hawthorne, CA",2026-09-14_15-29-45
2026-09-14,NEW,Onboarding Coordinator,"Hawthorne, CA",2026-09-14_15-29-45
2026-09-14,NEW,Onboarding Coordinator,"Memphis, TN",2026-09-14_15-29-45
2026-09-14,NEW,Onboarding Specialist,"Bastrop, TX",2026-09-14_15-29-45
2026-09-14,NEW,Onboarding Specialist,"Memphis, TN",2026-09-14_15-29-45
2026-09-14,NEW,"Operations Analyst, Reliability (Starship)","Starbase, TX",2026-09-14_15-29-45
2026-09-14,NEW,Operations Development Engineer (Starlink),"Redmond, WA",2026-09-14_15-29-45
2026-09-14,NEW,Operations Engineer,"Bastrop, TX",2026-09-14_15-29-45
2026-09-14,NEW,"Operations Engineer, Applied AI (Application Software)","Redmond, WA",2026-09-14_15-29-45
2026-09-14,NEW,"Operations Engineer, Applied AI (Application Software)","Cape Canaveral, FL",2026-09-14_15-29-45
2026-09-14,NEW,"Operations Engineer, Applied AI (Application Software)","Starbase, TX",2026-09-14_15-29-45
2026-09-14,NEW,"Operations Engineer, Applied AI (Application Software)","Vandenberg, CA",2026-09-14_15-29-45
2026-09-14,NEW,"Operations Engineer, Applied AI (Application Software)","McGregor, TX",2026-09-14_15-29-45
2026-09-14,NEW,"Operations Engineer, Applied AI (Application Software)","Bastrop, TX",2026-09-14_15-29-45
2026-09-14,NEW,"Operations Engineer, Applied AI (Application Software)","Hawthorne, CA",2026-09-14_15-29-45
2026-09-14,NEW,Operations Engineer (Construction),"Hawthorne, CA",2026-09-14_15-29-45
2026-09-14,NEW,Operations Engineer (Facilities),"Hawthorne, CA",2026-09-14_15-29-45
2026-09-14,NEW,"Operations Engineer, Facilities (Starlink)","Redmond, WA",2026-09-14_15-29-45
2026-09-14,NEW,Operations Engineer (Material Flow),"Hawthorne, CA",2026-09-14_15-29-45
2026-09-14,NEW,Operations Engineer (Production),"Hawthorne, CA",2026-09-14_15-29-45
2026-09-14,NEW,Operations Engineer (Raptor),"Hawthorne, CA",2026-09-14_15-29-45
2026-09-14,NEW,"Operations Engineer, Starbase Infrastructure","Starbase, TX",2026-09-14_15-29-45
2026-09-14,NEW,Operations Engineer (Starlink Aviation),"Woodinville, WA",2026-09-14_15-29-45
2026-09-14,NEW,Operations Engineer (Starlink Growth),"Bastrop, TX",2026-09-14_15-29-45
2026-09-14,NEW,Operations Engineer (Starlink Production),"Bastrop, TX",2026-09-14_15-29-45
2026-09-14,NEW,Operations Engineer (Starship),"Starbase, TX",2026-09-14_15-29-45
2026-09-14,NEW,Operations Engineer (Starship),"Hawthorne, CA",2026-09-14_15-29-45
2026-09-14,NEW,"Operations Engineer, Supply Chain (Starlink)","Bastrop, TX",2026-09-14_15-29-45
2026-09-14,NEW,"Operations Engineer, Supply Chain (Starlink)","Redmond, WA",2026-09-14_15-29-45
2026-09-14,NEW,Operations Specialist (Starship),"Hawthorne, CA",2026-09-14_15-29-45
2026-09-14,NEW,"Optical Engineer, Satellites (Starlink)","Redmond, WA",2026-09-14_15-29-45
2026-09-14,NEW,Optical Engineer (Starfall),"Hawthorne, CA",2026-09-14_15-29-45
2026-09-14,NEW,Optical Engineer (Starshield),"Hawthorne, CA",2026-09-14_15-29-45
2026-09-14,NEW,"Optical Test Engineer, AI Satellites (Starmind)","Bastrop, TX",2026-09-14_15-29-45
2026-09-14,NEW,Optical Test Engineer (Integration & Test),"Redmond, WA",2026-09-14_15-29-45
2026-09-14,NEW,"Optical Transceiver Engineer - High Speed Links, Satellites (Starlink)","Redmond, WA",2026-09-14_15-29-45
2026-09-14,NEW,Orbital Tube Welder (Falcon),"Hawthorne, CA",2026-09-14_15-29-45
2026-09-14,NEW,OS/Platform Software Engineer (Starlink),"Redmond, WA",2026-09-14_15-29-45
2026-09-14,NEW,"OT Systems Engineer, Mission Systems","Cape Canaveral, FL",2026-09-14_15-29-45
2026-09-14,NEW,Paint & Coatings Technician,"McGregor, TX",2026-09-14_15-29-45
2026-09-14,NEW,Paint Technician (Starship),"Starbase, TX",2026-09-14_15-29-45
2026-09-14,NEW,Parachute Rigger & Quality Specialist (Starfall),"Bloomfield, CT",2026-09-14_15-29-45
2026-09-14,NEW,Pastry Chef,"Starbase, TX",2026-09-14_15-29-45
2026-09-14,NEW,Pastry Chef,"Bastrop, TX",2026-09-14_15-29-45
2026-09-14,NEW,"PCB Designer, Avionics (Falcon & Dragon)","Hawthorne, CA",2026-09-14_15-29-45
2026-09-14,NEW,PCB Designer (Starlink),"Bastrop, TX",2026-09-14_15-29-45
2026-09-14,NEW,PCB Designer (Starlink),"Bastrop, TX",2026-09-14_15-29-45
2026-09-14,NEW,PCB Designer (Starshield),"Hawthorne, CA",2026-09-14_15-29-45
2026-09-14,NEW,PCB Designer (Starship),"Hawthorne, CA",2026-09-14_15-29-45
2026-09-14,NEW,PCB Materials Lab Technician (Starlink),"Bastrop, TX",2026-09-14_15-29-45
2026-09-14,NEW,PCB Reliability Engineer (Starshield),"Hawthorne, CA",2026-09-14_15-29-45
2026-09-14,NEW,PCB Technician (Starlink),"Bastrop, TX",2026-09-14_15-29-45
2026-09-14,NEW,Physical Design Engineer II (Silicon Engineering),"Palo Alto, CA",2026-09-14_15-29-45
2026-09-14,NEW,Physical Design Engineer II (Silicon Engineering),"Austin, TX",2026-09-14_15-29-45
2026-09-14,NEW,Physical Design Engineer II (Silicon Engineering),"Irvine, CA",2026-09-14_15-29-45
2026-09-14,NEW,Physical Design Engineer (Silicon Engineering),"Palo Alto, CA",2026-09-14_15-29-45
2026-09-14,NEW,Physical Design Engineer (Silicon Engineering),"Austin, TX",2026-09-14_15-29-45
2026-09-14,NEW,Physical Design Engineer (Silicon Engineering),"Irvine, CA",2026-09-14_15-29-45
2026-09-14,NEW,Physical Security Hardware Specialist,"Vandenberg, CA",2026-09-14_15-29-45
2026-09-14,NEW,Physical Security Hardware Specialist - Memphis,"Memphis, TN",2026-09-14_15-29-45
2026-09-14,NEW,Physical Security Specialist,"Starbase, TX",2026-09-14_15-29-45
2026-09-14,NEW,Pilot in Command (PIC),"Hawthorne, CA",2026-09-14_15-29-45
2026-09-14,NEW,Pipe Welder (Night Shift),"Starbase, TX",2026-09-14_15-29-45
2026-09-14,NEW,Pipe Welder (Starship),"Starbase, TX",2026-09-14_15-29-45
2026-09-14,NEW,Piping Technician (Starlink),"Bastrop, TX",2026-09-14_15-29-45
2026-09-14,NEW,"Platform Engineer, Flight Software (Starlink)","Redmond, WA",2026-09-14_15-29-45
2026-09-14,NEW,Platform Integrity Manager (Starlink),"Bastrop, TX",2026-09-14_15-29-45
2026-09-14,NEW,Platform Integrity Manager (Starlink),"Redmond, WA",2026-09-14_15-29-45
2026-09-14,NEW,Platform Integrity Manager (Starlink),"Hawthorne, CA",2026-09-14_15-29-45
2026-09-14,NEW,PLP/SiP Maintenance Technician (Starlink),"Bastrop, TX",2026-09-14_15-29-45
2026-09-14,NEW,Plumber - Level 4/5,"Starbase, TX",2026-09-14_15-29-45
2026-09-14,NEW,Plumbing Technician - 2nd Shift (Facilities),"Hawthorne, CA",2026-09-14_15-29-45
2026-09-14,NEW,Porter,"Hawthorne, CA",2026-09-14_15-29-45
2026-09-14,NEW,Porter,"Redmond, WA",2026-09-14_15-29-45
2026-09-14,NEW,Porter - Temporary,"Cape Canaveral, FL",2026-09-14_15-29-45
2026-09-14,NEW,Porter - Temporary,"Bastrop, TX",2026-09-14_15-29-45
2026-09-14,NEW,Porter - Temporary,"Starbase, TX",2026-09-14_15-29-45
2026-09-14,NEW,Porter - Temporary,"McGregor, TX",2026-09-14_15-29-45
2026-09-14,NEW,Porter - Temporary,"Anderson, TX",2026-09-14_15-29-45
2026-09-14,NEW,"Power Electronics Engineer, AI Satellites (Starmind)","Bastrop, TX",2026-09-14_15-29-45
2026-09-14,NEW,Power Electronics Engineer - High Voltage (Starlink),"Redmond, WA",2026-09-14_15-29-45
2026-09-14,NEW,"Power Electronics Engineer, Satellites (Starlink)","Redmond, WA",2026-09-14_15-29-45
2026-09-14,NEW,Power Electronics Engineer (Starship),"Hawthorne, CA",2026-09-14_15-29-45
2026-09-14,NEW,Power Generation Engineer (Starship),"Starbase, TX",2026-09-14_15-29-45
2026-09-14,NEW,Power Plant Engineer,"Starbase, TX",2026-09-14_15-29-45
2026-09-14,NEW,Power Systems Engineer,"Bastrop, TX",2026-09-14_15-29-45
2026-09-14,NEW,Power Systems Engineer (Starship),"Starbase, TX",2026-09-14_15-29-45
2026-09-14,NEW,Power Systems Engineer (Starship Avionics),"Hawthorne, CA",2026-09-14_15-29-45
2026-09-14,NEW,Power Systems Engineer (Starship Avionics),"Starbase, TX",2026-09-14_15-29-45
2026-09-14,NEW,Precision Inspector (Machining),"Hawthorne, CA",2026-09-14_15-29-45
2026-09-14,NEW,Precision Inspector (Rocket Valves) - 2nd Shift,"Hawthorne, CA",2026-09-14_15-29-45
2026-09-14,NEW,Precision Inspector (Starlink),"Bastrop, TX",2026-09-14_15-29-45
2026-09-14,NEW,"Principal AI Engineer, Special Programs","Washington, DC",2026-09-14_15-29-45
2026-09-14,NEW,"Principal AI Engineer, Special Programs","Palo Alto, CA",2026-09-14_15-29-45
2026-09-14,NEW,Principal ASIC Design Engineer (Starshield),"Hawthorne, CA",2026-09-14_15-29-45
2026-09-14,NEW,Principal Design Verification Engineer (Silicon Engineering),"Redmond, WA",2026-09-14_15-29-45
2026-09-14,NEW,Principal Design Verification Engineer (Silicon Engineering),"Irvine, CA",2026-09-14_15-29-45
2026-09-14,NEW,Principal Design Verification Engineer (Silicon Engineering),"Austin, TX",2026-09-14_15-29-45
2026-09-14,NEW,Principal Design Verification Engineer (Silicon Engineering),"Palo Alto, CA",2026-09-14_15-29-45
2026-09-14,NEW,Principal DFT Engineer (Silicon Engineering),"Irvine, CA",2026-09-14_15-29-45
2026-09-14,NEW,Principal DFT Engineer (Silicon Engineering),"Austin, TX",2026-09-14_15-29-45
2026-09-14,NEW,Principal DFT Engineer (Silicon Engineering),"Palo Alto, CA",2026-09-14_15-29-45
2026-09-14,NEW,"Principal Electrical Design Engineer, Gateways & Customer Hardware (Starlink)","Bastrop, TX",2026-09-14_15-29-45
2026-09-14,NEW,"Principal Electrical Engineer, Satellites (Starlink)","Redmond, WA",2026-09-14_15-29-45
2026-09-14,NEW,"Principal Engineer, AI Satellites (Starmind)","Bastrop, TX",2026-09-14_15-29-45
2026-09-14,NEW,Principal Environmental Engineer,"Bastrop, TX",2026-09-14_15-29-45
2026-09-14,NEW,Principal Environmental Engineer,"Starbase, TX",2026-09-14_15-29-45
2026-09-14,NEW,Principal Environmental Engineer,"McGregor, TX",2026-09-14_15-29-45
2026-09-14,NEW,"Principal Hardware Engineer, Gateways & Customer Hardware (Starlink)","Bastrop, TX",2026-09-14_15-29-45
2026-09-14,NEW,Principal Network Engineer (Starlink Ground Network),"Palo Alto, CA",2026-09-14_15-29-45
2026-09-14,NEW,Principal Optical Engineer (Starfall),"Hawthorne, CA",2026-09-14_15-29-45
2026-09-14,NEW,Principal Optical Network Engineer (Starlink Ground Network),"Redmond, WA",2026-09-14_15-29-45
2026-09-14,NEW,Principal RF Engineer (Starshield),"Hawthorne, CA",2026-09-14_15-29-45
2026-09-14,NEW,Principal RFIC Engineer (Starshield Silicon),"Hawthorne, CA",2026-09-14_15-29-45
2026-09-14,NEW,Principal RF Software Engineer (Starshield),"Hawthorne, CA",2026-09-14_15-29-45
2026-09-14,NEW,Principal Security Software Engineer (Starlink),"Bastrop, TX",2026-09-14_15-29-45
2026-09-14,NEW,Principal Security Software Engineer (Starlink),"Redmond, WA",2026-09-14_15-29-45
2026-09-14,NEW,Principal Security Software Engineer (Starlink),"Austin, TX",2026-09-14_15-29-45
2026-09-14,NEW,Principal Security Software Engineer (Starlink),"Palo Alto, CA",2026-09-14_15-29-45
2026-09-14,NEW,"Principal Software Engineer, CDN  (Starlink)","Redmond, WA",2026-09-14_15-29-45
2026-09-14,NEW,"Principal Software Engineer, CDN  (Starlink)","Palo Alto, CA",2026-09-14_15-29-45
2026-09-14,NEW,"Principal Software Engineer, CDN  (Starlink)","Hawthorne, CA",2026-09-14_15-29-45
2026-09-14,NEW,"Principal Software Engineer, Continuous Integration (Starship)","Hawthorne, CA",2026-09-14_15-29-45
2026-09-14,NEW,"Principal Software Engineer, Continuous Integration (Starship)","Starbase, TX",2026-09-14_15-29-45
2026-09-14,NEW,Principal Software Engineer (Platform Team),"Bastrop, TX",2026-09-14_15-29-45
2026-09-14,NEW,Principal Software Engineer (Platform Team),"Redmond, WA",2026-09-14_15-29-45
2026-09-14,NEW,Principal Software Engineer (Platform Team),"Hawthorne, CA",2026-09-14_15-29-45
2026-09-14,NEW,Principal Software Engineer (Platform Team),"Sunnyvale, CA",2026-09-14_15-29-45
2026-09-14,NEW,Principal Software Engineer (Platform Team),"Palo Alto, CA",2026-09-14_15-29-45
2026-09-14,NEW,Principal Software Engineer (Platform Team),"Starbase, TX",2026-09-14_15-29-45
2026-09-14,NEW,"Principal Water Treatment Engineer, Solar Cell Factory","Bastrop, TX",2026-09-14_15-29-45
2026-09-14,NEW,Principal Wi-Fi Software Engineer (Starlink),"Palo Alto, CA",2026-09-14_15-29-45
2026-09-14,NEW,"Process Controls Engineer, Solar Cell Factory (Starlink)","Bastrop, TX",2026-09-14_15-29-45
2026-09-14,NEW,Process Development Engineer,"Hawthorne, CA",2026-09-14_15-29-45
2026-09-14,NEW,"Process Engineer, Industrial Water Treatment (Starlink)","Bastrop, TX",2026-09-14_15-29-45
2026-09-14,NEW,"Process Engineer, Machinery & Automation","Hawthorne, CA",2026-09-14_15-29-45
2026-09-14,NEW,Process Engineer (Starlink/Akoustis),"Canandaigua, NY",2026-09-14_15-29-45
2026-09-14,NEW,Process Engineer (Starshield),"Hawthorne, CA",2026-09-14_15-29-45
2026-09-14,NEW,Process Engineer (Starship),"Starbase, TX",2026-09-14_15-29-45
2026-09-14,NEW,Process Operator Specialist,"Starbase, TX",2026-09-14_15-29-45
2026-09-14,NEW,"Process Operator Specialist, Air Separation Unit (Starship)","Starbase, TX",2026-09-14_15-29-45
2026-09-14,NEW,"Process Operator Specialist, Air Separation Unit (Starship) - Level 4/5","Starbase, TX",2026-09-14_15-29-45
2026-09-14,NEW,"Process Operator Specialist, Air Separation Unit (Starship) - Level 4/5 - Night Shift","Starbase, TX",2026-09-14_15-29-45
2026-09-14,NEW,"Process Operator Specialist, Air Separation Unit (Starship) - Night Shift","Starbase, TX",2026-09-14_15-29-45
2026-09-14,NEW,Process Operator Specialist - Level 4/5,"Starbase, TX",2026-09-14_15-29-45
2026-09-14,NEW,Process Safety Engineer (Mechanical),"Hawthorne, CA",2026-09-14_15-29-45
2026-09-14,NEW,"Process Technician, Injection Molding (Starlink) - 2nd shift","Bastrop, TX",2026-09-14_15-29-45
2026-09-14,NEW,Product Compliance Engineer (Starlink),"Bastrop, TX",2026-09-14_15-29-45
2026-09-14,NEW,Product Development Engineer (Starlink),"Bastrop, TX",2026-09-14_15-29-45
2026-09-14,NEW,Product Development Engineer (Starlink),"Bastrop, TX",2026-09-14_15-29-45
2026-09-14,NEW,Product Growth Strategy & Analytics Lead (Starlink),"Hawthorne, CA",2026-09-14_15-29-45
2026-09-14,NEW,Product Growth Strategy & Analytics Lead (Starlink),"Bastrop, TX",2026-09-14_15-29-45
2026-09-14,NEW,Product Growth Strategy & Analytics Lead (Starlink),"Redmond, WA",2026-09-14_15-29-45
2026-09-14,NEW,Production Associate (Starlink/Akoustis),"Canandaigua, NY",2026-09-14_15-29-45
2026-09-14,NEW,Production Control Scheduler (Falcon),"Hawthorne, CA",2026-09-14_15-29-45
2026-09-14,NEW,Production Coordinator,"Cape Canaveral, FL",2026-09-14_15-29-45
2026-09-14,NEW,Production Coordinator (Avionics),"Hawthorne, CA",2026-09-14_15-29-45
2026-09-14,NEW,Production Coordinator (Booster Structures),"Hawthorne, CA",2026-09-14_15-29-45
2026-09-14,NEW,"Production Coordinator, Heatshield (Starship) - Night Shift","Starbase, TX",2026-09-14_15-29-45
2026-09-14,NEW,Production Coordinator - Night Shift,"Vandenberg, CA",2026-09-14_15-29-45
2026-09-14,NEW,Production Coordinator (Starlink) - 2nd Shift,"Redmond, WA",2026-09-14_15-29-45
2026-09-14,NEW,"Production Coordinator, Tool and Die","Bastrop, TX",2026-09-14_15-29-45
2026-09-14,NEW,Production Director (Starship),"Starbase, TX",2026-09-14_15-29-45
2026-09-14,NEW,"Production Engineer, Site Reliability (Application Software)","Hawthorne, CA",2026-09-14_15-29-45
2026-09-14,NEW,Production Engineer (Starship Electronics),"Hawthorne, CA",2026-09-14_15-29-45
2026-09-14,NEW,Production Machinist (Starlink) - 1st Shift,"Woodinville, WA",2026-09-14_15-29-45
2026-09-14,NEW,Production Machinist (Starlink) - 1st Shift - Level 4/5,"Woodinville, WA",2026-09-14_15-29-45
2026-09-14,NEW,Production Machinist (Starlink) - 2nd Shift,"Woodinville, WA",2026-09-14_15-29-45
2026-09-14,NEW,Production Machinist (Starlink) - 2nd Shift - Level 4/5,"Woodinville, WA",2026-09-14_15-29-45
2026-09-14,NEW,"Production Manager, Blades and Vanes Foundry","Bastrop, TX",2026-09-14_15-29-45
2026-09-14,NEW,"Production Manager, Starlink Silicon Assembly","Bastrop, TX",2026-09-14_15-29-45
2026-09-14,NEW,Production Operations Engineer (Starship),"Starbase, TX",2026-09-14_15-29-45
2026-09-14,NEW,Production Project Engineer (Starlink),"Bastrop, TX",2026-09-14_15-29-45
2026-09-14,NEW,Production Reliability Engineer (Starship Electronics),"Hawthorne, CA",2026-09-14_15-29-45
2026-09-14,NEW,"Production Scheduler, Precision Machining (Starlink)","Woodinville, WA",2026-09-14_15-29-45
2026-09-14,NEW,"Production Scheduler, Starlink Machining Operations","Bastrop, TX",2026-09-14_15-29-45
2026-09-14,NEW,Production Scheduler (Starship),"Starbase, TX",2026-09-14_15-29-45
2026-09-14,NEW,"Production Scheduler, Starship","Hawthorne, CA",2026-09-14_15-29-45
2026-09-14,NEW,"Production Scheduler, Starship Components","Hawthorne, CA",2026-09-14_15-29-45
2026-09-14,NEW,Production Scheduler (Starship Mechanisms),"Hawthorne, CA",2026-09-14_15-29-45
2026-09-14,NEW,Production Shift Supervisor (Starlink/Akoustis),"Canandaigua, NY",2026-09-14_15-29-45
2026-09-14,NEW,Production Supervisor - Assembly & SMT (Starlink),"Bastrop, TX",2026-09-14_15-29-45
2026-09-14,NEW,Production Supervisor (Cleanroom) - 2nd Shift,"Redmond, WA",2026-09-14_15-29-45
2026-09-14,NEW,"Production Supervisor, Injection Molding - Night Shift (Starlink)","Bastrop, TX",2026-09-14_15-29-45
2026-09-14,NEW,"Production Supervisor, Injection Molding (Starlink)","Bastrop, TX",2026-09-14_15-29-45
2026-09-14,NEW,Production Supervisor (PCB Manufacturing),"Bastrop, TX",2026-09-14_15-29-45
2026-09-14,NEW,"Production Supervisor, Silicon Assembly (Starlink)","Bastrop, TX",2026-09-14_15-29-45
2026-09-14,NEW,Production Supervisor (Starlink) - 2nd Shift,"Redmond, WA",2026-09-14_15-29-45
2026-09-14,NEW,Production Technician,"Bastrop, TX",2026-09-14_15-29-45
2026-09-14,NEW,"Production Technician, Gateways (Starlink)","Bastrop, TX",2026-09-14_15-29-45
2026-09-14,NEW,"Production Technician, Solar Cells (Starlink) - Day Shift","Bastrop, TX",2026-09-14_15-29-45
2026-09-14,NEW,Production Technician (Starlink/Akoustis),"Canandaigua, NY",2026-09-14_15-29-45
2026-09-14,NEW,Product Security Engineer (Starlink),"Bastrop, TX",2026-09-14_15-29-45
2026-09-14,NEW,Product Security Engineer (Starlink),"Redmond, WA",2026-09-14_15-29-45
2026-09-14,NEW,Product Security Engineer (Starlink),"Hawthorne, CA",2026-09-14_15-29-45
2026-09-14,NEW,Product Security Engineer (Starshield),"Hawthorne, CA",2026-09-14_15-29-45
2026-09-14,NEW,Product Security Engineer (Starshield),"Washington, DC",2026-09-14_15-29-45
2026-09-14,NEW,"Project Engineer, Critical Lift & Transport (Starship)","Starbase, TX",2026-09-14_15-29-45
2026-09-14,NEW,"Project Manager, Tooling (Starship)","Starbase, TX",2026-09-14_15-29-45
2026-09-14,NEW,Proposal Specialist,"Hawthorne, CA",2026-09-14_15-29-45
2026-09-14,NEW,"Propulsion Analyst, Chamber and Nozzle (Raptor)","Hawthorne, CA",2026-09-14_15-29-45
2026-09-14,NEW,"Propulsion Analyst, Turbomachinery (Raptor)","Hawthorne, CA",2026-09-14_15-29-45
2026-09-14,NEW,Propulsion Build Engineer (Starship),"Starbase, TX",2026-09-14_15-29-45
2026-09-14,NEW,"Propulsion Engineer, Avionics Manufacturing (Raptor)","Hawthorne, CA",2026-09-14_15-29-45
2026-09-14,NEW,"Propulsion Engineer, Chamber and Nozzle Manufacturing (Raptor)","Hawthorne, CA",2026-09-14_15-29-45
2026-09-14,NEW,"Propulsion Engineer, Chamber and Nozzle (Raptor)","Hawthorne, CA",2026-09-14_15-29-45
2026-09-14,NEW,"Propulsion Engineer, Combustion Devices Manufacturing (Raptor)","Hawthorne, CA",2026-09-14_15-29-45
2026-09-14,NEW,"Propulsion Engineer, Components Manufacturing (Raptor)","Hawthorne, CA",2026-09-14_15-29-45
2026-09-14,NEW,Propulsion Engineer (Falcon Flight Operations),"Hawthorne, CA",2026-09-14_15-29-45
2026-09-14,NEW,Propulsion Engineer (Merlin Hardware Development),"Hawthorne, CA",2026-09-14_15-29-45
2026-09-14,NEW,"Propulsion Engineer, Propulsion Simulation & Data Analysis","Hawthorne, CA",2026-09-14_15-29-45
2026-09-14,NEW,Propulsion Engineer (Raptor Combustion Devices),"Hawthorne, CA",2026-09-14_15-29-45
2026-09-14,NEW,Propulsion Engineer (Raptor Components),"Hawthorne, CA",2026-09-14_15-29-45
2026-09-14,NEW,Propulsion Engineer (Raptor Final Assembly & Tube Shop),"Hawthorne, CA",2026-09-14_15-29-45
2026-09-14,NEW,Propulsion Engineer (Raptor Flight),"Hawthorne, CA",2026-09-14_15-29-45
2026-09-14,NEW,"Propulsion Engineer, Stage Systems (Starship)","Starbase, TX",2026-09-14_15-29-45
2026-09-14,NEW,Propulsion Engineer (Starship),"Starbase, TX",2026-09-14_15-29-45
2026-09-14,NEW,"Propulsion Engineer, Thermal & Fluid Analysis (Starship)","Starbase, TX",2026-09-14_15-29-45
2026-09-14,NEW,"Propulsion Engineer, Valves (Raptor Components)","Hawthorne, CA",2026-09-14_15-29-45
2026-09-14,NEW,Propulsion Fluids Analyst (Raptor Systems Engineering),"Hawthorne, CA",2026-09-14_15-29-45
2026-09-14,NEW,Propulsion R&D Technician (Raptor),"Hawthorne, CA",2026-09-14_15-29-45
2026-09-14,NEW,Propulsion Technician (Falcon),"Hawthorne, CA",2026-09-14_15-29-45
2026-09-14,NEW,Propulsion Technician (Raptor),"Hawthorne, CA",2026-09-14_15-29-45
2026-09-14,NEW,"Propulsion Technician, Raptor Chamber and Nozzle Assembly","Hawthorne, CA",2026-09-14_15-29-45
2026-09-14,NEW,Propulsion Technician - Raptor Chamber & Nozzle Assembly & Final Assembly - 2nd Shift,"Hawthorne, CA",2026-09-14_15-29-45
2026-09-14,NEW,"Propulsion Technician - Raptor Chamber & Nozzle Assembly & Final Assembly, Level 4/5 - 2nd Shift","Hawthorne, CA",2026-09-14_15-29-45
2026-09-14,NEW,Propulsion Technician (Raptor Foundry),"Hawthorne, CA",2026-09-14_15-29-45
2026-09-14,NEW,Propulsion Technician (Raptor Manufacturing Systems),"Hawthorne, CA",2026-09-14_15-29-45
2026-09-14,NEW,Propulsion Technician (Raptor Printer Automation & Controls),"Hawthorne, CA",2026-09-14_15-29-45
2026-09-14,NEW,Propulsion Technician (Raptor Production Machining),"Hawthorne, CA",2026-09-14_15-29-45
2026-09-14,NEW,Propulsion Technician (Raptor Production Machining) - 2nd Shift,"Hawthorne, CA",2026-09-14_15-29-45
2026-09-14,NEW,Propulsion Technician (Raptor Turbopump Assembly),"Hawthorne, CA",2026-09-14_15-29-45
2026-09-14,NEW,Propulsion Technician (Starship),"Starbase, TX",2026-09-14_15-29-45
2026-09-14,NEW,Propulsion Technician (Starship),"Hawthorne, CA",2026-09-14_15-29-45
2026-09-14,NEW,Propulsion Technician (Starship),"Hawthorne, CA",2026-09-14_15-29-45
2026-09-14,NEW,Propulsion Technician (Starship) - 2nd Shift,"Hawthorne, CA",2026-09-14_15-29-45
2026-09-14,NEW,Propulsion Technician (Super Heavy Booster Propulsion Systems),"Hawthorne, CA",2026-09-14_15-29-45
2026-09-14,NEW,Propulsion Thermal Analyst (Raptor Combustion Devices),"Hawthorne, CA",2026-09-14_15-29-45
2026-09-14,NEW,Quality Inspector (Aviation Supply Chain),"Woodinville, WA",2026-09-14_15-29-45
2026-09-14,NEW,Quality Inspector (Falcon & Dragon),"Hawthorne, CA",2026-09-14_15-29-45
2026-09-14,NEW,"Quality Inspector, Solar Cells (Starlink)","Bastrop, TX",2026-09-14_15-29-45
2026-09-14,NEW,Quality Inspector (Starfall),"Bloomfield, CT",2026-09-14_15-29-45
2026-09-14,NEW,Quality Inspector (Starlink),"Woodinville, WA",2026-09-14_15-29-45
2026-09-14,NEW,Quality Inspector (Starlink Aviation) - 2nd Shift,"Woodinville, WA",2026-09-14_15-29-45
2026-09-14,NEW,Quality Inspector (Starshield),"Hawthorne, CA",2026-09-14_15-29-45
2026-09-14,NEW,Quality Inspector (Starship),"Westminster, MD",2026-09-14_15-29-45
2026-09-14,NEW,Quality Inspector (Supply Chain),"Starbase, TX",2026-09-14_15-29-45
2026-09-14,NEW,Quality Inspector - Supply Chain Avionics,"Hawthorne, CA",2026-09-14_15-29-45
2026-09-14,NEW,Quality Inspector (Valves),"Hawthorne, CA",2026-09-14_15-29-45
2026-09-14,NEW,Quality Inspector (Valves) - 2nd Shift,"Hawthorne, CA",2026-09-14_15-29-45
2026-09-14,NEW,"Quality Specialist, Precision Machining (Starlink)","Woodinville, WA",2026-09-14_15-29-45
2026-09-14,NEW,"Quality Specialist, Precision Machining (Starlink) - Level 4/5","Woodinville, WA",2026-09-14_15-29-45
2026-09-14,NEW,Quality Specialist (Starship),"Starbase, TX",2026-09-14_15-29-45
2026-09-14,NEW,Quality Specialist - Weekend Shift (Starlink Supply Chain Reliability),"Bastrop, TX",2026-09-14_15-29-45
2026-09-14,NEW,Radiation Effects Engineer,"Hawthorne, CA",2026-09-14_15-29-45
2026-09-14,NEW,RAN Validation Engineer (Starlink Mobile),"Redmond, WA",2026-09-14_15-29-45
2026-09-14,NEW,RAN Validation Engineer (Starlink Mobile),"Palo Alto, CA",2026-09-14_15-29-45
2026-09-14,NEW,Raptor Manufacturing Specialist (Maintenance),"Hawthorne, CA",2026-09-14_15-29-45
2026-09-14,NEW,RCDD / ICT Design Engineer,"Hawthorne, CA",2026-09-14_15-29-45
2026-09-14,NEW,Real Estate Analyst,"Cape Canaveral, FL",2026-09-14_15-29-45
2026-09-14,NEW,Receiving Inspector (Starfall),"Bloomfield, CT",2026-09-14_15-29-45
2026-09-14,NEW,Receiving Inspector (Starlink) - Night Shift,"Bastrop, TX",2026-09-14_15-29-45
2026-09-14,NEW,Receiving Specialist - Multiple Shifts,"Hawthorne, CA",2026-09-14_15-29-45
2026-09-14,NEW,Receiving Specialist (Starlink) - 2nd Shift,"Woodinville, WA",2026-09-14_15-29-45
2026-09-14,NEW,Recovery Engineer (F9 Booster & Fairings),"Long Beach, CA",2026-09-14_15-29-45
2026-09-14,NEW,Recruiting Coordinator (McGregor),"McGregor, TX",2026-09-14_15-29-45
2026-09-14,NEW,Recruiting Coordinator (Starbase),"Starbase, TX",2026-09-14_15-29-45
2026-09-14,NEW,Recruiting Coordinator- Temporary (Bastrop),"Bastrop, TX",2026-09-14_15-29-45
2026-09-14,NEW,Recruiting Coordinator- Temporary (Hawthorne),"Hawthorne, CA",2026-09-14_15-29-45
2026-09-14,NEW,Recruiting Specialist,"Starbase, TX",2026-09-14_15-29-45
2026-09-14,NEW,"Regulatory Analyst, Product (Starlink)","Washington, DC",2026-09-14_15-29-45
2026-09-14,NEW,"Reliability Engineer, Satellite Systems (Starshield)","Hawthorne, CA",2026-09-14_15-29-45
2026-09-14,NEW,Reliability Engineer (Starlink/Akoustis),"Bastrop, TX",2026-09-14_15-29-45
2026-09-14,NEW,Reliability Technician (Starlink Aviation),"Woodinville, WA",2026-09-14_15-29-45
2026-09-14,NEW,RF Engineer (Starlink),"Bastrop, TX",2026-09-14_15-29-45
2026-09-14,NEW,RF Engineer (Starshield),"Hawthorne, CA",2026-09-14_15-29-45
2026-09-14,NEW,RF Engineer (Starship),"Hawthorne, CA",2026-09-14_15-29-45
2026-09-14,NEW,RFIC Design Engineer (RFIC Engineering),"Irvine, CA",2026-09-14_15-29-45
2026-09-14,NEW,RFIC Design Engineer (RFIC Engineering),"Redmond, WA",2026-09-14_15-29-45
2026-09-14,NEW,"RFIC Engineer, AI Satellites (Starmind)","Bastrop, TX",2026-09-14_15-29-45
2026-09-14,NEW,RFIC Engineer (Starshield Silicon),"Hawthorne, CA",2026-09-14_15-29-45
2026-09-14,NEW,RFIC Layout Designer (RFIC Engineering),"Palo Alto, CA",2026-09-14_15-29-45
2026-09-14,NEW,RFIC Layout Designer (RFIC Engineering),"Irvine, CA",2026-09-14_15-29-45
2026-09-14,NEW,RFIC Layout Designer (RFIC Engineering),"Redmond, WA",2026-09-14_15-29-45
2026-09-14,NEW,RFIC Layout Designer (Starshield Silicon),"Hawthorne, CA",2026-09-14_15-29-45
2026-09-14,NEW,RF/Microwave Engineer (RFIC Engineering),"Redmond, WA",2026-09-14_15-29-45
2026-09-14,NEW,"RF/Microwave Engineer, Satellites (Starlink)","Redmond, WA",2026-09-14_15-29-45
2026-09-14,NEW,RF Software Engineer (Starlink),"Bastrop, TX",2026-09-14_15-29-45
2026-09-14,NEW,RF Software Engineer (Starshield),"Hawthorne, CA",2026-09-14_15-29-45
2026-09-14,NEW,"RF Systems Analysis Engineer, Regulatory (Starlink)","Washington, DC",2026-09-14_15-29-45
2026-09-14,NEW,RF Test Engineer (Starlink/Akoustis),"Canandaigua, NY",2026-09-14_15-29-45
2026-09-14,NEW,RF & Wireless Compliance Engineer (Starlink),"Bastrop, TX",2026-09-14_15-29-45
2026-09-14,NEW,Ropes Access Technician (Starship),"Starbase, TX",2026-09-14_15-29-45
2026-09-14,NEW,RTL Design Engineer (Silicon Engineering),"Irvine, CA",2026-09-14_15-29-45
2026-09-14,NEW,Sales Enablement Manager (Starlink),"Hawthorne, CA",2026-09-14_15-29-45
2026-09-14,NEW,Sales Enablement Specialist (Starlink),"Hawthorne, CA",2026-09-14_15-29-45
2026-09-14,NEW,Sales Operations Lead (Enablement),"Hawthorne, CA",2026-09-14_15-29-45
2026-09-14,NEW,Sales Operations Manager (Enablement),"Hawthorne, CA",2026-09-14_15-29-45
2026-09-14,NEW,Sales Operations Manager (Starlink Channel Sales),"Hawthorne, CA",2026-09-14_15-29-45
2026-09-14,NEW,Sales Operations Manager (Starlink Channel Sales),"Bastrop, TX",2026-09-14_15-29-45
2026-09-14,NEW,Satellite On-Orbit Operations Software Engineer (Starlink),"Redmond, WA",2026-09-14_15-29-45
2026-09-14,NEW,Satellite Policy Associate (Starlink Regulatory Affairs),"Washington, DC",2026-09-14_15-29-45
2026-09-14,NEW,Satellite Policy Manager (Starlink Mobile),"Redmond, WA",2026-09-14_15-29-45
2026-09-14,NEW,Satellite Policy Manager (Starlink Mobile),"Washington, DC",2026-09-14_15-29-45
2026-09-14,NEW,Satellite Systems Software Engineer (Starlink),"Redmond, WA",2026-09-14_15-29-45
2026-09-14,NEW,"Screen Printing Equipment Engineer, Solar Cells (Starlink)","Bastrop, TX",2026-09-14_15-29-45
2026-09-14,NEW,Security Analyst (Blue Team),"Hawthorne, CA",2026-09-14_15-29-45
2026-09-14,NEW,Security Analyst (Detection and Incident Response),"Hawthorne, CA",2026-09-14_15-29-45
2026-09-14,NEW,Security Analyst (SOC),"Hawthorne, CA",2026-09-14_15-29-45
2026-09-14,NEW,Security Analyst (Threat Detection),"Hawthorne, CA",2026-09-14_15-29-45
2026-09-14,NEW,Security Concierge,"Austin, TX",2026-09-14_15-29-45
2026-09-14,NEW,Security Concierge,"Bellevue, WA",2026-09-14_15-29-45
2026-09-14,NEW,Security Engineer,"Cape Canaveral, FL",2026-09-14_15-29-45
2026-09-14,NEW,Security Engineer,"Hawthorne, CA",2026-09-14_15-29-45
2026-09-14,NEW,Security Engineer (Blue Team),"Hawthorne, CA",2026-09-14_15-29-45
2026-09-14,NEW,Security Engineer (Blue Team),"Redmond, WA",2026-09-14_15-29-45
2026-09-14,NEW,Security Engineer (Detection Engineering),"Redmond, WA",2026-09-14_15-29-45
2026-09-14,NEW,Security Engineer (Embedded & Networking),"Cape Canaveral, FL",2026-09-14_15-29-45
2026-09-14,NEW,Security Engineer (Embedded & Networking),"Hawthorne, CA",2026-09-14_15-29-45
2026-09-14,NEW,Security Engineer (Embedded OT),"Hawthorne, CA",2026-09-14_15-29-45
2026-09-14,NEW,Security Engineer (Embedded OT),"Cape Canaveral, FL",2026-09-14_15-29-45
2026-09-14,NEW,Security Officer 3,"Bastrop, TX",2026-09-14_15-29-45
2026-09-14,NEW,Security Officer 3,"Vandenberg, CA",2026-09-14_15-29-45
2026-09-14,NEW,Security Officer 3,"McGregor, TX",2026-09-14_15-29-45
2026-09-14,NEW,Security Officer 3,"Redmond, WA",2026-09-14_15-29-45
2026-09-14,NEW,Security Officer 3,"Hawthorne, CA",2026-09-14_15-29-45
2026-09-14,NEW,Security Officer 3,"Cape Canaveral, FL",2026-09-14_15-29-45
2026-09-14,NEW,Security Officer 3,"Austin, TX",2026-09-14_15-29-45
2026-09-14,NEW,Security Officer 3,"Starbase, TX",2026-09-14_15-29-45
2026-09-14,NEW,Security Officer 3,"Palo Alto, CA",2026-09-14_15-29-45
2026-09-14,NEW,Security Officer 3 - Memphis,"Memphis, TN",2026-09-14_15-29-45
2026-09-14,NEW,Security Operator,"Starbase, TX",2026-09-14_15-29-45
2026-09-14,NEW,Security Operator 2 - Memphis,"Memphis, TN",2026-09-14_15-29-45
2026-09-14,NEW,Security Operator 3,"Austin, TX",2026-09-14_15-29-45
2026-09-14,NEW,Security Operator 3,"Bellevue, WA",2026-09-14_15-29-45
2026-09-14,NEW,Security Operator 3 - Memphis,"Memphis, TN",2026-09-14_15-29-45
2026-09-14,NEW,Security Software Engineer (Starlink),"Hawthorne, CA",2026-09-14_15-29-45
2026-09-14,NEW,Security Software Engineer (Starlink),"Bastrop, TX",2026-09-14_15-29-45
2026-09-14,NEW,Security Software Engineer (Starlink),"Redmond, WA",2026-09-14_15-29-45
2026-09-14,NEW,Security Software Engineer (Starshield),"Washington, DC",2026-09-14_15-29-45
2026-09-14,NEW,Security Software Engineer (Starshield),"Hawthorne, CA",2026-09-14_15-29-45
2026-09-14,NEW,Security Software Engineer - Top Secret Clearance,"Hawthorne, CA",2026-09-14_15-29-45
2026-09-14,NEW,Security UAS Specialist - Memphis,"Memphis, TN",2026-09-14_15-29-45
2026-09-14,NEW,"Senior Manufacturing Engineer, Injection Molding (Starlink)","Bastrop, TX",2026-09-14_15-29-45
2026-09-14,NEW,"Senior Manufacturing Engineer, PCBA (Starlink)","Bastrop, TX",2026-09-14_15-29-45
2026-09-14,NEW,Senior Proposal Specialist,"Hawthorne, CA",2026-09-14_15-29-45
2026-09-14,NEW,Sheet Metal Technician (Starlink),"Redmond, WA",2026-09-14_15-29-45
2026-09-14,NEW,Sheet Metal Technician (Starship),"Starbase, TX",2026-09-14_15-29-45
2026-09-14,NEW,Shipping Specialist,"Woodinville, WA",2026-09-14_15-29-45
2026-09-14,NEW,Shuttle Driver (Starlink),"Redmond, WA",2026-09-14_15-29-45
2026-09-14,NEW,Shuttle Driver (Starlink),"Woodinville, WA",2026-09-14_15-29-45
2026-09-14,NEW,"Signal Integrity Engineer - Serdes, Satellites (Starlink)","Redmond, WA",2026-09-14_15-29-45
2026-09-14,NEW,"Signal Integrity Engineer - Serdes, Satellites (Starlink)","Palo Alto, CA",2026-09-14_15-29-45
2026-09-14,NEW,"Silicon Packaging Technician, Silicon Assembly (Starlink)","Bastrop, TX",2026-09-14_15-29-45
2026-09-14,NEW,Silicon Photonics Design Engineer (RFIC Engineering),"Redmond, WA",2026-09-14_15-29-45
2026-09-14,NEW,Simulation Software Engineer (Application Software),"Hawthorne, CA",2026-09-14_15-29-45
2026-09-14,NEW,Site Reliability Engineer (Application Software),"Hawthorne, CA",2026-09-14_15-29-45
2026-09-14,NEW,"Site Reliability Engineer, GNC","Hawthorne, CA",2026-09-14_15-29-45
2026-09-14,NEW,Site Reliability Engineer — HPC & Automation (Silicon Engineering),"Redmond, WA",2026-09-14_15-29-45
2026-09-14,NEW,"Site Reliability Engineer, Kubernetes Platform (Starshield)","Hawthorne, CA",2026-09-14_15-29-45
2026-09-14,NEW,"Site Reliability Engineer, Kubernetes Platform (Starshield)","Redmond, WA",2026-09-14_15-29-45
2026-09-14,NEW,Site Reliability Engineer (Manufacturing Infrastructure),"Bastrop, TX",2026-09-14_15-29-45
2026-09-14,NEW,Site Reliability Engineer (Raptor),"Hawthorne, CA",2026-09-14_15-29-45
2026-09-14,NEW,Site Reliability Engineer - Top Secret Clearance,"Hawthorne, CA",2026-09-14_15-29-45
2026-09-14,NEW,Site Reliability Engineer (Top Secret Clearance),"Hawthorne, CA",2026-09-14_15-29-45
2026-09-14,NEW,SMT Process Specialist (Starlink),"Bastrop, TX",2026-09-14_15-29-45
2026-09-14,NEW,SMT Rework Technician - PCBA,"Redmond, WA",2026-09-14_15-29-45
2026-09-14,NEW,SMT Specialist - 2nd Shift,"Redmond, WA",2026-09-14_15-29-45
2026-09-14,NEW,"Soft Goods Technician, Cutting (Starfall)","Bloomfield, CT",2026-09-14_15-29-45
2026-09-14,NEW,"Soft Goods Technician, Sewer (Starfall)","Bloomfield, CT",2026-09-14_15-29-45
2026-09-14,NEW,Software Development Test Engineer (Starlink),"Bastrop, TX",2026-09-14_15-29-45
2026-09-14,NEW,Software Engineer,"McGregor, TX",2026-09-14_15-29-45
2026-09-14,NEW,Software Engineer,"Cape Canaveral, FL",2026-09-14_15-29-45
2026-09-14,NEW,Software Engineer,"Bastrop, TX",2026-09-14_15-29-45
2026-09-14,NEW,Software Engineer,"Starbase, TX",2026-09-14_15-29-45
2026-09-14,NEW,"Software Engineer, AI Satellites (Starmind)","Bastrop, TX",2026-09-14_15-29-45
2026-09-14,NEW,Software Engineer (Application Software),"Hawthorne, CA",2026-09-14_15-29-45
2026-09-14,NEW,"Software Engineer, Application Software - Memphis","Memphis, TN",2026-09-14_15-29-45
2026-09-14,NEW,"Software Engineer, Applied AI (Starlink)","Redmond, WA",2026-09-14_15-29-45
2026-09-14,NEW,"Software Engineer, Backend (C/C++)","Hawthorne, CA",2026-09-14_15-29-45
2026-09-14,NEW,"Software Engineer, Beam Planning (Starlink)","Palo Alto, CA",2026-09-14_15-29-45
2026-09-14,NEW,"Software Engineer, Beam Planning (Starlink)","Redmond, WA",2026-09-14_15-29-45
2026-09-14,NEW,"Software Engineer, CDN (Starlink)","Hawthorne, CA",2026-09-14_15-29-45
2026-09-14,NEW,"Software Engineer, CDN (Starlink)","Palo Alto, CA",2026-09-14_15-29-45
2026-09-14,NEW,"Software Engineer, CDN (Starlink)","Redmond, WA",2026-09-14_15-29-45
2026-09-14,NEW,"Software Engineer, C++ (Dragon)","Hawthorne, CA",2026-09-14_15-29-45
2026-09-14,NEW,"Software Engineer, Collision Avoidance (Starshield)","Hawthorne, CA",2026-09-14_15-29-45
2026-09-14,NEW,"Software Engineer, Components (Starshield)","Hawthorne, CA",2026-09-14_15-29-45
2026-09-14,NEW,"Software Engineer, Components Test (Starshield)","Hawthorne, CA",2026-09-14_15-29-45
2026-09-14,NEW,"Software Engineer, Continuous Integration (Starship)","Hawthorne, CA",2026-09-14_15-29-45
2026-09-14,NEW,"Software Engineer, Continuous Integration (Starship)","Starbase, TX",2026-09-14_15-29-45
2026-09-14,NEW,"Software Engineer, C++ (Raptor)","Hawthorne, CA",2026-09-14_15-29-45
2026-09-14,NEW,"Software Engineer, C++ (Simulations)","Hawthorne, CA",2026-09-14_15-29-45
2026-09-14,NEW,"Software Engineer, C++ Simulations (Starlink)","Redmond, WA",2026-09-14_15-29-45
2026-09-14,NEW,"Software Engineer, C++ (Starlink)","Sunnyvale, CA",2026-09-14_15-29-45
2026-09-14,NEW,"Software Engineer, C++ (Starlink)","Redmond, WA",2026-09-14_15-29-45
2026-09-14,NEW,"Software Engineer, Data (Starlink)","Hawthorne, CA",2026-09-14_15-29-45
2026-09-14,NEW,"Software Engineer, Data - Top Secret Clearance (Starlink)","Hawthorne, CA",2026-09-14_15-29-45
2026-09-14,NEW,"Software Engineer, Design Engineering (Starlink)","Redmond, WA",2026-09-14_15-29-45
2026-09-14,NEW,"Software Engineer, Design Software (Starship)","Hawthorne, CA",2026-09-14_15-29-45
2026-09-14,NEW,"Software Engineer, Design Software (Starship)","Starbase, TX",2026-09-14_15-29-45
2026-09-14,NEW,"Software Engineer, Development Test (Starlink)","Redmond, WA",2026-09-14_15-29-45
2026-09-14,NEW,"Software Engineer, DevOps (Starlink)","Redmond, WA",2026-09-14_15-29-45
2026-09-14,NEW,"Software Engineer, Embedded Software (Starlink)","Redmond, WA",2026-09-14_15-29-45
2026-09-14,NEW,"Software Engineer, Embedded Software (Starshield)","Hawthorne, CA",2026-09-14_15-29-45
2026-09-14,NEW,"Software Engineer, Engineering Simulation & Automation (Vehicle Engineering)","Hawthorne, CA",2026-09-14_15-29-45
2026-09-14,NEW,Software Engineer (Flight Reliability),"Starbase, TX",2026-09-14_15-29-45
2026-09-14,NEW,Software Engineer (Flight Reliability),"Hawthorne, CA",2026-09-14_15-29-45
2026-09-14,NEW,Software Engineer (Flight Reliability),"Redmond, WA",2026-09-14_15-29-45
2026-09-14,NEW,"Software Engineer, Flight Software C++ (Starshield)","Hawthorne, CA",2026-09-14_15-29-45
2026-09-14,NEW,"Software Engineer, Flight Software (Starlink)","Redmond, WA",2026-09-14_15-29-45
2026-09-14,NEW,"Software Engineer, Flight Software (Starship)","Starbase, TX",2026-09-14_15-29-45
2026-09-14,NEW,"Software Engineer, Flight Software (Starship)","Hawthorne, CA",2026-09-14_15-29-45
2026-09-14,NEW,"Software Engineer, Hardware Test & Automation (Starlink)","Redmond, WA",2026-09-14_15-29-45
2026-09-14,NEW,"Software Engineer, Hardware Test & Automation (Starshield)","Hawthorne, CA",2026-09-14_15-29-45
2026-09-14,NEW,"Software Engineer, High Performance Computing","Hawthorne, CA",2026-09-14_15-29-45
2026-09-14,NEW,"Software Engineer, High Performance Computing (Starlink)","Redmond, WA",2026-09-14_15-29-45
2026-09-14,NEW,"Software Engineer, High Performance Computing (Starlink)","Palo Alto, CA",2026-09-14_15-29-45
2026-09-14,NEW,"Software Engineer, HITL - Top Secret Clearance","Hawthorne, CA",2026-09-14_15-29-45
2026-09-14,NEW,"Software Engineer, Inference (AI Data Engineering)","Palo Alto, CA",2026-09-14_15-29-45
2026-09-14,NEW,"Software Engineer, Low Latency Computing (Starlink)","Redmond, WA",2026-09-14_15-29-45
2026-09-14,NEW,"Software Engineer, Low Latency Computing (Starlink)","Palo Alto, CA",2026-09-14_15-29-45
2026-09-14,NEW,"Software Engineer, Mobile Apps (Starlink)","Redmond, WA",2026-09-14_15-29-45
2026-09-14,NEW,"Software Engineer, Network Observability (Starlink)","Hawthorne, CA",2026-09-14_15-29-45
2026-09-14,NEW,"Software Engineer, Platform / Infrastructure (Starlink)","Palo Alto, CA",2026-09-14_15-29-45
2026-09-14,NEW,Software Engineer (Platform Team),"Palo Alto, CA",2026-09-14_15-29-45
2026-09-14,NEW,Software Engineer (Platform Team),"Sunnyvale, CA",2026-09-14_15-29-45
2026-09-14,NEW,Software Engineer (Platform Team),"Bastrop, TX",2026-09-14_15-29-45
2026-09-14,NEW,Software Engineer (Platform Team),"Starbase, TX",2026-09-14_15-29-45
2026-09-14,NEW,Software Engineer (Platform Team),"Hawthorne, CA",2026-09-14_15-29-45
2026-09-14,NEW,Software Engineer (Platform Team),"Redmond, WA",2026-09-14_15-29-45
2026-09-14,NEW,"Software Engineer, Power Optimization (Starlink)","Redmond, WA",2026-09-14_15-29-45
2026-09-14,NEW,"Software Engineer, Product Development (Starshield)","Hawthorne, CA",2026-09-14_15-29-45
2026-09-14,NEW,"Software Engineer, Propulsion Simulation & Data Analysis","Hawthorne, CA",2026-09-14_15-29-45
2026-09-14,NEW,"Software Engineer, Satellite Systems (Starshield)","Hawthorne, CA",2026-09-14_15-29-45
2026-09-14,NEW,"Software Engineer, Simulation","Hawthorne, CA",2026-09-14_15-29-45
2026-09-14,NEW,Software Engineer - Simulation & Flight Systems,"Hawthorne, CA",2026-09-14_15-29-45
2026-09-14,NEW,"Software Engineer, Simulations (Application Software)","Hawthorne, CA",2026-09-14_15-29-45
2026-09-14,NEW,"Software Engineer, Site Reliability Engineering (Application Software)","Hawthorne, CA",2026-09-14_15-29-45
2026-09-14,NEW,Software Engineer (Special Projects) - Top Secret Clearance,"Hawthorne, CA",2026-09-14_15-29-45
2026-09-14,NEW,Software Engineer (Starfall),"Hawthorne, CA",2026-09-14_15-29-45
2026-09-14,NEW,Software Engineer (Starlink),"Redmond, WA",2026-09-14_15-29-45
2026-09-14,NEW,Software Engineer (Starlink),"Hawthorne, CA",2026-09-14_15-29-45
2026-09-14,NEW,Software Engineer (Starlink),"Redmond, WA",2026-09-14_15-29-45
2026-09-14,NEW,Software Engineer (Starlink),"Redmond, WA",2026-09-14_15-29-45
2026-09-14,NEW,Software Engineer (Starlink/Akoustis),"Canandaigua, NY",2026-09-14_15-29-45
2026-09-14,NEW,Software Engineer (Starlink Enterprise),"Palo Alto, CA",2026-09-14_15-29-45
2026-09-14,NEW,"Software Engineer, Starlink Enterprise Products (Space Lasers)","Redmond, WA",2026-09-14_15-29-45
2026-09-14,NEW,Software Engineer (Starlink Mobile),"Redmond, WA",2026-09-14_15-29-45
2026-09-14,NEW,Software Engineer (Starlink Mobile),"Sunnyvale, CA",2026-09-14_15-29-45
2026-09-14,NEW,"Software Engineer, Starlink Network","Sunnyvale, CA",2026-09-14_15-29-45
2026-09-14,NEW,"Software Engineer, Starlink Network","Redmond, WA",2026-09-14_15-29-45
2026-09-14,NEW,"Software Engineer, Starlink UX (Starlink)","Redmond, WA",2026-09-14_15-29-45
2026-09-14,NEW,Software Engineer (Starshield),"Hawthorne, CA",2026-09-14_15-29-45
2026-09-14,NEW,Software Engineer (Starshield),"Redmond, WA",2026-09-14_15-29-45
2026-09-14,NEW,Software Engineer (Starshield) - Top Secret Clearance,"Hawthorne, CA",2026-09-14_15-29-45
2026-09-14,NEW,Software Engineer (Starship),"Hawthorne, CA",2026-09-14_15-29-45
2026-09-14,NEW,Software Engineer (Starship),"Starbase, TX",2026-09-14_15-29-45
2026-09-14,NEW,"Software Engineer, Telemetry (Starlink)","Hawthorne, CA",2026-09-14_15-29-45
2026-09-14,NEW,"Software Engineer, Telemetry (Starlink)","Redmond, WA",2026-09-14_15-29-45
2026-09-14,NEW,"Software Engineer, Telemetry - Top Secret Clearance (Starlink)","Hawthorne, CA",2026-09-14_15-29-45
2026-09-14,NEW,"Software Engineer, Test Engineering and Operations","Hawthorne, CA",2026-09-14_15-29-45
2026-09-14,NEW,"Software Engineer, Test Infrastructure (Application Software)","Hawthorne, CA",2026-09-14_15-29-45
2026-09-14,NEW,"Software Engineer, Test Infrastructure (C/C++)","Hawthorne, CA",2026-09-14_15-29-45
2026-09-14,NEW,Software Engineer (Thermal & Fluid Analysis),"Starbase, TX",2026-09-14_15-29-45
2026-09-14,NEW,"Software Engineer, Tracking (Starshield)","Hawthorne, CA",2026-09-14_15-29-45
2026-09-14,NEW,"Software Engineer, Vehicle Operations (Starshield)","Hawthorne, CA",2026-09-14_15-29-45
2026-09-14,NEW,"Software Infrastructure Engineer, Flight Software (Starlink)","Redmond, WA",2026-09-14_15-29-45
2026-09-14,NEW,Software Infrastructure Engineer (Starlink),"Palo Alto, CA",2026-09-14_15-29-45
2026-09-14,NEW,Software Infrastructure Engineer (Starlink),"Redmond, WA",2026-09-14_15-29-45
2026-09-14,NEW,Solar Cell Quality Engineer (Starlink),"Bastrop, TX",2026-09-14_15-29-45
2026-09-14,NEW,Solar Cell Reliability Engineer (Starlink),"Bastrop, TX",2026-09-14_15-29-45
2026-09-14,NEW,"Sourcing Manager, Behind-the-meter (BTM) Transmission (Starlink)","Austin, TX",2026-09-14_15-29-45
2026-09-14,NEW,"Sourcing Manager, Board Mechanicals, Connectors (Starlink)","Austin, TX",2026-09-14_15-29-45
2026-09-14,NEW,"Sourcing Manager, CapEx (Starlink)","Bastrop, TX",2026-09-14_15-29-45
2026-09-14,NEW,"Sourcing Manager, Capital Equipment & Construction (Starlink)","Bastrop, TX",2026-09-14_15-29-45
2026-09-14,NEW,"Sourcing Manager, Capital Equipment & Construction (Starlink)","Redmond, WA",2026-09-14_15-29-45
2026-09-14,NEW,"Sourcing Manager, Capital Equipment & Construction (Starlink)","Bastrop, TX",2026-09-14_15-29-45
2026-09-14,NEW,"Sourcing Manager, Capital Equipment & Construction (Starlink) - Memphis","Memphis, TN",2026-09-14_15-29-45
2026-09-14,NEW,"Sourcing Manager, Capital Equipment & Construction (Starship)","Starbase, TX",2026-09-14_15-29-45
2026-09-14,NEW,"Sourcing Manager, Capital Equipment & Construction (Starship)","Cape Canaveral, FL",2026-09-14_15-29-45
2026-09-14,NEW,"Sourcing Manager, Capital Equipment, Construction, & Wastewater Treatment (Starlink)","Bastrop, TX",2026-09-14_15-29-45
2026-09-14,NEW,"Sourcing Manager, Contract Manufacturing (Starlink)","Bastrop, TX",2026-09-14_15-29-45
2026-09-14,NEW,Sourcing Manager (Cryogenics & Power Generation Capital),"Cape Canaveral, FL",2026-09-14_15-29-45
2026-09-14,NEW,"Sourcing Manager, Data Center Construction (Starlink)","Bastrop, TX",2026-09-14_15-29-45
2026-09-14,NEW,"Sourcing Manager, Datacenter (Starlink)","Austin, TX",2026-09-14_15-29-45
2026-09-14,NEW,"Sourcing Manager, Electronics (Starlink)","Redmond, WA",2026-09-14_15-29-45
2026-09-14,NEW,"Sourcing Manager, Electronics (Starlink)","Bastrop, TX",2026-09-14_15-29-45
2026-09-14,NEW,"Sourcing Manager, Electronics (Starlink)","Redmond, WA",2026-09-14_15-29-45
2026-09-14,NEW,"Sourcing Manager, Fabricated Assemblies (Starship)","Starbase, TX",2026-09-14_15-29-45
2026-09-14,NEW,"Sourcing Manager, Food & Facilities","McGregor, TX",2026-09-14_15-29-45
2026-09-14,NEW,"Sourcing Manager, Ground Infrastructure (Starlink)","Redmond, WA",2026-09-14_15-29-45
2026-09-14,NEW,"Sourcing Manager, Indirect (Starlink)","Bastrop, TX",2026-09-14_15-29-45
2026-09-14,NEW,"Sourcing Manager, Machining & Fabricated Parts (Starship)","Starbase, TX",2026-09-14_15-29-45
2026-09-14,NEW,"Sourcing Manager, Mechanical Commodities (Starlink)","Bastrop, TX",2026-09-14_15-29-45
2026-09-14,NEW,"Sourcing Manager, Mechanical Commodities (Starlink)","Redmond, WA",2026-09-14_15-29-45
2026-09-14,NEW,"Sourcing Manager, Mechanical & Optical Commodities (Starlink)","Bastrop, TX",2026-09-14_15-29-45
2026-09-14,NEW,"Sourcing Manager, Mechanical (Starlink)","Bastrop, TX",2026-09-14_15-29-45
2026-09-14,NEW,"Sourcing Manager, PCB/PCBA (Starshield)","Hawthorne, CA",2026-09-14_15-29-45
2026-09-14,NEW,"Sourcing Manager, PCB (Starlink)","Bastrop, TX",2026-09-14_15-29-45
2026-09-14,NEW,"Sourcing Manager, Power Plant Equipment (Starlink)","Austin, TX",2026-09-14_15-29-45
2026-09-14,NEW,"Sourcing Manager, Rack Components, Cooling/Mechanicals (Starlink)","Austin, TX",2026-09-14_15-29-45
2026-09-14,NEW,"Sourcing Manager, Rack Components, Electronics (Starlink)","Austin, TX",2026-09-14_15-29-45
2026-09-14,NEW,Sourcing Manager (Raptor),"Hawthorne, CA",2026-09-14_15-29-45
2026-09-14,NEW,"Sourcing Manager, Server Mechanicals, Cooling (Starlink)","Austin, TX",2026-09-14_15-29-45
2026-09-14,NEW,"Sourcing Manager, Software & Services","Palo Alto, CA",2026-09-14_15-29-45
2026-09-14,NEW,Sourcing Manager (Starship),"Starbase, TX",2026-09-14_15-29-45
2026-09-14,NEW,Sourcing Manager (Starship),"Hawthorne, CA",2026-09-14_15-29-45
2026-09-14,NEW,Sourcing Manager (Starship Launch Pad),"Cape Canaveral, FL",2026-09-14_15-29-45
2026-09-14,NEW,Sourcing Specialist - CapEx (Starlink),"Redmond, WA",2026-09-14_15-29-45
2026-09-14,NEW,Sourcing Specialist - CapEx (Starlink),"Bastrop, TX",2026-09-14_15-29-45
2026-09-14,NEW,"Sourcing Specialist, Construction","Cape Canaveral, FL",2026-09-14_15-29-45
2026-09-14,NEW,"Sourcing Specialist, Construction","Starbase, TX",2026-09-14_15-29-45
2026-09-14,NEW,"Sourcing Specialist, Construction (Starlink)","Bastrop, TX",2026-09-14_15-29-45
2026-09-14,NEW,"Sourcing Specialist, Contracts (Starlink)","Redmond, WA",2026-09-14_15-29-45
2026-09-14,NEW,"Sourcing Specialist, LNG Capital","Starbase, TX",2026-09-14_15-29-45
2026-09-14,NEW,"Sourcing Specialist, LNG Capital","Cape Canaveral, FL",2026-09-14_15-29-45
2026-09-14,NEW,"Sourcing Specialist, Mechanical Commodities (Starlink)","Redmond, WA",2026-09-14_15-29-45
2026-09-14,NEW,"Sourcing Specialist, Mechanical & Optical Commodities (Starlink)","Bastrop, TX",2026-09-14_15-29-45
2026-09-14,NEW,"Sourcing Specialist, Mechanical & Optical Commodities (Starlink)","Redmond, WA",2026-09-14_15-29-45
2026-09-14,NEW,"Sourcing Specialist, Mechanical (Starship)","Hawthorne, CA",2026-09-14_15-29-45
2026-09-14,NEW,"Sourcing Specialist, Natural Gas","Starbase, TX",2026-09-14_15-29-45
2026-09-14,NEW,"Sourcing Specialist, Natural Gas","Cape Canaveral, FL",2026-09-14_15-29-45
2026-09-14,NEW,"Sourcing Specialist, PCB/PCBA (Starshield)","Hawthorne, CA",2026-09-14_15-29-45
2026-09-14,NEW,Sourcing Specialist (Starship),"Starbase, TX",2026-09-14_15-29-45
2026-09-14,NEW,Sourcing Specialist (Starship),"Hawthorne, CA",2026-09-14_15-29-45
2026-09-14,NEW,"Sourcing Specialist, Supply Chain (Launch Site)","Cape Canaveral, FL",2026-09-14_15-29-45
2026-09-14,NEW,"Sourcing Specialist, Test Hardware and Equipment","McGregor, TX",2026-09-14_15-29-45
2026-09-14,NEW,Sous Chef,"Starbase, TX",2026-09-14_15-29-45
2026-09-14,NEW,"Space Lasers Engineer, Satellites (Starlink)","Redmond, WA",2026-09-14_15-29-45
2026-09-14,NEW,Spaceport Designer - Architect (Starbase Development),"Starbase, TX",2026-09-14_15-29-45
2026-09-14,NEW,"Spaceport Designer, Interior Design","Starbase, TX",2026-09-14_15-29-45
2026-09-14,NEW,Spaceport Integration Manager,"Cape Canaveral, FL",2026-09-14_15-29-45
2026-09-14,NEW,Spaceport Operations Specialist,"Anderson, TX",2026-09-14_15-29-45
2026-09-14,NEW,Spaceport Operations Specialist - Hotel Operations,"Starbase, TX",2026-09-14_15-29-45
2026-09-14,NEW,Spaceport Operations Specialist - Transportation,"Starbase, TX",2026-09-14_15-29-45
2026-09-14,NEW,Space Suit Sewer,"Hawthorne, CA",2026-09-14_15-29-45
2026-09-14,NEW,SPMT Critical Lift Technician (Starship),"Starbase, TX",2026-09-14_15-29-45
2026-09-14,NEW,Spring 2027 Business Operations Internship/Co-op,Flexible - Any SpaceX Site,2026-09-14_15-29-45
2026-09-14,NEW,Spring 2027 Civil Engineering Internship,Flexible - Any SpaceX Site,2026-09-14_15-29-45
2026-09-14,NEW,Spring 2027 Engineering Internship/Co-op,Flexible - Any SpaceX Site,2026-09-14_15-29-45
2026-09-14,NEW,Spring 2027 Graduate Engineer Internship/Co-op,Flexible - Any SpaceX Site,2026-09-14_15-29-45
2026-09-14,NEW,Spring 2027 Silicon Engineering Internship/Co-op,Flexible - Any SpaceX Site,2026-09-14_15-29-45
2026-09-14,NEW,Spring 2027 Software Engineering Internship/Co-op,Flexible - Any SpaceX Site,2026-09-14_15-29-45
2026-09-14,NEW,Sr. 3GPP RAN Standardization Engineer (Starlink Mobile),"Palo Alto, CA",2026-09-14_15-29-45
2026-09-14,NEW,Sr. Accountant,"Palo Alto, CA",2026-09-14_15-29-45
2026-09-14,NEW,"Sr. Accountant, AI Operations","Palo Alto, CA",2026-09-14_15-29-45
2026-09-14,NEW,"Sr. Accountant, AI Operations","Palo Alto, CA",2026-09-14_15-29-45
2026-09-14,NEW,Sr. Accountant (Brazil & Caribbean),"Hawthorne, CA",2026-09-14_15-29-45
2026-09-14,NEW,Sr. Accountant (LATAM),"Hawthorne, CA",2026-09-14_15-29-45
2026-09-14,NEW,"Sr. Accountant, Revenue","Hawthorne, CA",2026-09-14_15-29-45
2026-09-14,NEW,Sr. Aerodynamics Engineer (Starship),"Starbase, TX",2026-09-14_15-29-45
2026-09-14,NEW,"Sr. AI Engineer, Platform Infrastructure, Special Programs","Washington, DC",2026-09-14_15-29-45
2026-09-14,NEW,"Sr. AI Engineer, Platform Infrastructure, Special Programs","Palo Alto, CA",2026-09-14_15-29-45
2026-09-14,NEW,"Sr. AI Engineer, Special Programs","Washington, DC",2026-09-14_15-29-45
2026-09-14,NEW,"Sr. AI Engineer, Special Programs","Palo Alto, CA",2026-09-14_15-29-45
2026-09-14,NEW,"Sr. AI Engineer, Special Programs - Top Secret Clearance","Palo Alto, CA",2026-09-14_15-29-45
2026-09-14,NEW,"Sr. AI Engineer, Special Programs - Top Secret Clearance","Washington, DC",2026-09-14_15-29-45
2026-09-14,NEW,Sr. AI Security Software Engineer (Starshield),"Hawthorne, CA",2026-09-14_15-29-45
2026-09-14,NEW,Sr. AI Security Software Engineer (Starshield),"Washington, DC",2026-09-14_15-29-45
2026-09-14,NEW,"Sr. Antenna Engineer, Satellites (Starlink)","Redmond, WA",2026-09-14_15-29-45
2026-09-14,NEW,Sr. Antenna Engineer (Starlink),"Bastrop, TX",2026-09-14_15-29-45
2026-09-14,NEW,Sr. Antenna Engineer (Starship),"Hawthorne, CA",2026-09-14_15-29-45
2026-09-14,NEW,Sr. Application Security Engineer,"Redmond, WA",2026-09-14_15-29-45
2026-09-14,NEW,Sr. Application Software Engineer,"Hawthorne, CA",2026-09-14_15-29-45
2026-09-14,NEW,Sr. Application Software Engineer,"Starbase, TX",2026-09-14_15-29-45
2026-09-14,NEW,Sr. Application Software Engineer,"Bastrop, TX",2026-09-14_15-29-45
2026-09-14,NEW,Sr. Architectural Project Manager (Starbase Development),"Starbase, TX",2026-09-14_15-29-45
2026-09-14,NEW,Sr. ASIC Design Engineer (Starshield),"Hawthorne, CA",2026-09-14_15-29-45
2026-09-14,NEW,Sr. ASIC Design Verification Engineer (Silicon Engineering),"Austin, TX",2026-09-14_15-29-45
2026-09-14,NEW,Sr. ASIC Design Verification Engineer (Silicon Engineering),"Redmond, WA",2026-09-14_15-29-45
2026-09-14,NEW,Sr. ASIC Design Verification Engineer (Silicon Engineering),"Palo Alto, CA",2026-09-14_15-29-45
2026-09-14,NEW,Sr. ASIC Design Verification Engineer (Silicon Engineering),"Irvine, CA",2026-09-14_15-29-45
2026-09-14,NEW,Sr. ASIC DFT Engineer (Silicon),"Austin, TX",2026-09-14_15-29-45
2026-09-14,NEW,Sr. ASIC DFT Engineer (Silicon),"Palo Alto, CA",2026-09-14_15-29-45
2026-09-14,NEW,Sr. ASIC DFT Engineer (Silicon),"Irvine, CA",2026-09-14_15-29-45
2026-09-14,NEW,"Sr. Automation and Controls Engineer, Satellites (Starlink)","Redmond, WA",2026-09-14_15-29-45
2026-09-14,NEW,"Sr. Automation & Controls Engineer, Assembly Manufacturing (Starlink)","Bastrop, TX",2026-09-14_15-29-45
2026-09-14,NEW,Sr. Automation & Controls Engineer (Components),"Hawthorne, CA",2026-09-14_15-29-45
2026-09-14,NEW,Sr. Automation & Controls Engineer (Facilities),"Hawthorne, CA",2026-09-14_15-29-45
2026-09-14,NEW,"Sr. Automation & Controls Engineer, Infrastructure & Utility (Starship)","Starbase, TX",2026-09-14_15-29-45
2026-09-14,NEW,"Sr. Automation & Controls Engineer, Insource Manufacturing (Starlink)","Bastrop, TX",2026-09-14_15-29-45
2026-09-14,NEW,"Sr. Automation & Controls Engineer, Solar Cell Factory","Bastrop, TX",2026-09-14_15-29-45
2026-09-14,NEW,Sr. Automation & Controls Engineer (Starship),"Cape Canaveral, FL",2026-09-14_15-29-45
2026-09-14,NEW,Sr. Automation & Controls Engineer (Starship),"Starbase, TX",2026-09-14_15-29-45
2026-09-14,NEW,"Sr. Automation Engineer, Blades and Vanes Foundry","Bastrop, TX",2026-09-14_15-29-45
2026-09-14,NEW,"Sr. Aviation Development Engineer, Networking (Starlink)","Bastrop, TX",2026-09-14_15-29-45
2026-09-14,NEW,"Sr. Aviation Development Engineer, Networking (Starlink)","Woodinville, WA",2026-09-14_15-29-45
2026-09-14,NEW,Sr. Aviation Development Engineer (Starlink),"Bastrop, TX",2026-09-14_15-29-45
2026-09-14,NEW,Sr. Aviation Development Engineer (Starlink),"Woodinville, WA",2026-09-14_15-29-45
2026-09-14,NEW,Sr. Avionics Test Engineer (Starshield),"Hawthorne, CA",2026-09-14_15-29-45
2026-09-14,NEW,Sr. BAW Device Engineer (Starlink/Akoustis),"Bastrop, TX",2026-09-14_15-29-45
2026-09-14,NEW,Sr. BAW Filter Design Engineer (Starlink/Akoustis),"Bastrop, TX",2026-09-14_15-29-45
2026-09-14,NEW,Sr. Benefits Analyst (Workers' Compensation),"Hawthorne, CA",2026-09-14_15-29-45
2026-09-14,NEW,Sr. BIM Specialist,"Bastrop, TX",2026-09-14_15-29-45
2026-09-14,NEW,Sr. Build Engineer (Starship),"Starbase, TX",2026-09-14_15-29-45
2026-09-14,NEW,Sr. Business Analyst (Customer Success),"Redmond, WA",2026-09-14_15-29-45
2026-09-14,NEW,Sr. Business Analyst (Customer Success),"Bastrop, TX",2026-09-14_15-29-45
2026-09-14,NEW,Sr. Business Analyst (Starlink),"Bastrop, TX",2026-09-14_15-29-45
2026-09-14,NEW,Sr. Business Analyst (Starlink Enterprise),"Bastrop, TX",2026-09-14_15-29-45
2026-09-14,NEW,Sr. Business Analyst (Starlink Platform Integrity),"Hawthorne, CA",2026-09-14_15-29-45
2026-09-14,NEW,Sr. Business Analyst (Starlink Platform Integrity),"Redmond, WA",2026-09-14_15-29-45
2026-09-14,NEW,Sr. Business Analyst (Starlink Platform Integrity),"Bastrop, TX",2026-09-14_15-29-45
2026-09-14,NEW,"Sr. Business Analyst, Workforce Planning (Starlink)","Bastrop, TX",2026-09-14_15-29-45
2026-09-14,NEW,"Sr. Business Analyst, Workforce Planning (Starlink)","Redmond, WA",2026-09-14_15-29-45
2026-09-14,NEW,"Sr. CAM Engineer, PCB (STARLINK)","Bastrop, TX",2026-09-14_15-29-45
2026-09-14,NEW,"Sr. Chemical Texturing Equipment Engineer, Solar Cells (Starlink)","Austin, TX",2026-09-14_15-29-45
2026-09-14,NEW,Sr. Civil Engineer,"McGregor, TX",2026-09-14_15-29-45
2026-09-14,NEW,"Sr. Civil Engineer, Land Development (Starlink)","Bastrop, TX",2026-09-14_15-29-45
2026-09-14,NEW,"Sr. Civil Engineer, Offsite Infrastructure (Starlink)","Bastrop, TX",2026-09-14_15-29-45
2026-09-14,NEW,Sr. Classified Cyber Assurance Analyst,"Hawthorne, CA",2026-09-14_15-29-45
2026-09-14,NEW,"Sr. Commercial Counsel, Starlink","Hawthorne, CA",2026-09-14_15-29-45
2026-09-14,NEW,Sr. Compensation Analyst,"Hawthorne, CA",2026-09-14_15-29-45
2026-09-14,NEW,Sr. Construction Engineer,"Hawthorne, CA",2026-09-14_15-29-45
2026-09-14,NEW,Sr. Construction Project Engineer,"Hawthorne, CA",2026-09-14_15-29-45
2026-09-14,NEW,Sr. Construction Project Manager,"Bastrop, TX",2026-09-14_15-29-45
2026-09-14,NEW,Sr. Construction Project Manager,"Starbase, TX",2026-09-14_15-29-45
2026-09-14,NEW,Sr. Construction Project Manager,"Starbase, TX",2026-09-14_15-29-45
2026-09-14,NEW,Sr. Construction Superintendent,"Bastrop, TX",2026-09-14_15-29-45
2026-09-14,NEW,Sr. Construction Superintendent,"Hawthorne, CA",2026-09-14_15-29-45
2026-09-14,NEW,Sr. Construction Superintendent - Texas Construction Projects,"Starbase, TX",2026-09-14_15-29-45
2026-09-14,NEW,Sr. Corporate Counsel,"Hawthorne, CA",2026-09-14_15-29-45
2026-09-14,NEW,Sr. Critical Lift & Transport Engineer (Falcon),"Vandenberg, CA",2026-09-14_15-29-45
2026-09-14,NEW,Sr. Critical Lift & Transport Engineer (Starship),"Starbase, TX",2026-09-14_15-29-45
2026-09-14,NEW,"Sr. Cyber Assurance Analyst, Finance","Hawthorne, CA",2026-09-14_15-29-45
2026-09-14,NEW,"Sr. Cyber Assurance Analyst, Finance","Redmond, WA",2026-09-14_15-29-45
2026-09-14,NEW,"Sr. Cyber Assurance Analyst, Starlink","Redmond, WA",2026-09-14_15-29-45
2026-09-14,NEW,"Sr. Cyber Assurance Analyst, Starlink","Hawthorne, CA",2026-09-14_15-29-45
2026-09-14,NEW,"Sr. Data Engineer, Ground Network Engineering (Business Analytics)","Redmond, WA",2026-09-14_15-29-45
2026-09-14,NEW,Sr. Design Criteria Engineer (Starshield),"Hawthorne, CA",2026-09-14_15-29-45
2026-09-14,NEW,Sr. DSP Systems Engineer (Silicon Engineering),"Irvine, CA",2026-09-14_15-29-45
2026-09-14,NEW,Sr. DSP Systems Engineer (Silicon Engineering),"Palo Alto, CA",2026-09-14_15-29-45
2026-09-14,NEW,Sr. EHS Program Manager,"Bastrop, TX",2026-09-14_15-29-45
2026-09-14,NEW,Sr. Electrical Construction Project Engineer,"Starbase, TX",2026-09-14_15-29-45
2026-09-14,NEW,"Sr. Electrical Design Engineer, Electrical - (Starlink)","Redmond, WA",2026-09-14_15-29-45
2026-09-14,NEW,"Sr. Electrical Design Engineer, Gateways & Customer Hardware (Starlink)","Bastrop, TX",2026-09-14_15-29-45
2026-09-14,NEW,"Sr. Electrical Design Engineer, Laser Powder Bed Fusion Printers (Raptor)","Hawthorne, CA",2026-09-14_15-29-45
2026-09-14,NEW,"Sr. Electrical Design Engineer, Satellites Payload (Starlink)","Palo Alto, CA",2026-09-14_15-29-45
2026-09-14,NEW,"Sr. Electrical Design Engineer, Satellites (Starlink)","Redmond, WA",2026-09-14_15-29-45
2026-09-14,NEW,Sr. Electrical Design Engineer (Starshield),"Hawthorne, CA",2026-09-14_15-29-45
2026-09-14,NEW,"Sr. Electrical Engineer, Hardware Reliability (Starlink)","Bastrop, TX",2026-09-14_15-29-45
2026-09-14,NEW,Sr. Electrical Engineer (Power Systems),"McGregor, TX",2026-09-14_15-29-45
2026-09-14,NEW,"Sr. Electrical Hardware Engineer, AI Satellites (Starmind)","Bastrop, TX",2026-09-14_15-29-45
2026-09-14,NEW,Sr. Electrical Superintendent (Construction),"Hawthorne, CA",2026-09-14_15-29-45
2026-09-14,NEW,"Sr. Electrical Test and Reliability Engineer, Gateways (Starlink)","Bastrop, TX",2026-09-14_15-29-45
2026-09-14,NEW,"Sr. Electrical Test Development Engineer, Customer Hardware (Starlink)","Bastrop, TX",2026-09-14_15-29-45
2026-09-14,NEW,"Sr. Electrical Test Engineer, AI Satellites (Starmind)","Bastrop, TX",2026-09-14_15-29-45
2026-09-14,NEW,Sr. Embedded Security Engineer (Starlink),"Redmond, WA",2026-09-14_15-29-45
2026-09-14,NEW,Sr. Embedded Security Engineer (Starlink),"Bastrop, TX",2026-09-14_15-29-45
2026-09-14,NEW,"Sr. Embedded Software Engineer, Laser Mesh Routing (Starlink)","Redmond, WA",2026-09-14_15-29-45
2026-09-14,NEW,"Sr. Embedded Software Engineer, Laser Mesh Routing (Starlink)","Palo Alto, CA",2026-09-14_15-29-45
2026-09-14,NEW,"Sr. Embedded Software Engineer, OS/Platform (Starlink)","Bastrop, TX",2026-09-14_15-29-45
2026-09-14,NEW,Sr. Embedded Software Engineer (Starlink),"Bastrop, TX",2026-09-14_15-29-45
2026-09-14,NEW,"Sr. Enterprise Account Manager, Aviation","Redmond, WA",2026-09-14_15-29-45
2026-09-14,NEW,"Sr. Enterprise Account Manager, Aviation","Hawthorne, CA",2026-09-14_15-29-45
2026-09-14,NEW,"Sr. Enterprise Account Manager, Aviation","Bastrop, TX",2026-09-14_15-29-45
2026-09-14,NEW,"Sr. Enterprise Account Manager, Aviation","Woodinville, WA",2026-09-14_15-29-45
2026-09-14,NEW,Sr. Environmental Engineer,"Starbase, TX",2026-09-14_15-29-45
2026-09-14,NEW,Sr. Environmental Engineer,"McGregor, TX",2026-09-14_15-29-45
2026-09-14,NEW,Sr. Environmental Engineer,"Bastrop, TX",2026-09-14_15-29-45
2026-09-14,NEW,Sr. Environmental Engineer,"Hawthorne, CA",2026-09-14_15-29-45
2026-09-14,NEW,Sr. Environmental Engineer (AI Supercomputer) - Memphis,"Memphis, TN",2026-09-14_15-29-45
2026-09-14,NEW,Sr. Environmental Health & Safety Engineer,"Starbase, TX",2026-09-14_15-29-45
2026-09-14,NEW,Sr. Environmental Health & Safety Engineer,"McGregor, TX",2026-09-14_15-29-45
2026-09-14,NEW,Sr. Environmental Health & Safety Engineer,"Starbase, TX",2026-09-14_15-29-45
2026-09-14,NEW,"Sr. Environmental Health & Safety Engineer, EHS Training Programs","Bastrop, TX",2026-09-14_15-29-45
2026-09-14,NEW,Sr. Environmental Health & Safety Engineer (Raptor/Starship),"Hawthorne, CA",2026-09-14_15-29-45
2026-09-14,NEW,Sr. Environmental Health & Safety Engineer (Satellites),"Hawthorne, CA",2026-09-14_15-29-45
2026-09-14,NEW,"Sr. Equipment Engineer, Insource Manufacturing","Bastrop, TX",2026-09-14_15-29-45
2026-09-14,NEW,Sr. Equipment Reliability Engineer (Starship),"Starbase, TX",2026-09-14_15-29-45
2026-09-14,NEW,Sr. Executive Chef,"Bastrop, TX",2026-09-14_15-29-45
2026-09-14,NEW,Sr. Facilities Engineer (Fluids & Cryogenics),"Redmond, WA",2026-09-14_15-29-45
2026-09-14,NEW,"Sr. Facilities Engineer, Solar Cell Factory (Starlink)","Bastrop, TX",2026-09-14_15-29-45
2026-09-14,NEW,Sr. Facilities Engineer (Starlink),"Redmond, WA",2026-09-14_15-29-45
2026-09-14,NEW,Sr. Facilities Specialist,"Hawthorne, CA",2026-09-14_15-29-45
2026-09-14,NEW,"Sr. Failure Analysis Engineer, Microelectronics (Starlink)","Bastrop, TX",2026-09-14_15-29-45
2026-09-14,NEW,Sr. Financial Analyst,"Hawthorne, CA",2026-09-14_15-29-45
2026-09-14,NEW,"Sr. Financial Analyst, Investor Relations","Hawthorne, CA",2026-09-14_15-29-45
2026-09-14,NEW,"Sr. Fluids Systems Engineer, Solar Cell Factory (Starlink)","Bastrop, TX",2026-09-14_15-29-45
2026-09-14,NEW,Sr. Full Chip Physical Verification Engineer (Silicon Engineering),"Palo Alto, CA",2026-09-14_15-29-45
2026-09-14,NEW,Sr. Full Chip Physical Verification Engineer (Silicon Engineering),"Irvine, CA",2026-09-14_15-29-45
2026-09-14,NEW,Sr. Full Chip Physical Verification Engineer (Silicon Engineering),"Austin, TX",2026-09-14_15-29-45
2026-09-14,NEW,Sr. Full Stack Engineer (Application Software),"Hawthorne, CA",2026-09-14_15-29-45
2026-09-14,NEW,Sr. Full Stack Engineer (Application Software),"Starbase, TX",2026-09-14_15-29-45
2026-09-14,NEW,Sr. Full Stack Engineer (Application Software),"Bastrop, TX",2026-09-14_15-29-45
2026-09-14,NEW,"Sr. Full Stack Engineer, Developer Systems","Hawthorne, CA",2026-09-14_15-29-45
2026-09-14,NEW,"Sr. Full Stack Engineer, Employee Experience","Hawthorne, CA",2026-09-14_15-29-45
2026-09-14,NEW,"Sr. Full Stack Engineer, Finance","Hawthorne, CA",2026-09-14_15-29-45
2026-09-14,NEW,"Sr. Full Stack Engineer, Internal Systems","Hawthorne, CA",2026-09-14_15-29-45
2026-09-14,NEW,"Sr. Full Stack Engineer, Internal Systems","Bastrop, TX",2026-09-14_15-29-45
2026-09-14,NEW,"Sr. Full Stack Engineer, Manufacturing Systems","Bastrop, TX",2026-09-14_15-29-45
2026-09-14,NEW,"Sr. Full Stack Engineer, Manufacturing Systems","Hawthorne, CA",2026-09-14_15-29-45
2026-09-14,NEW,"Sr. Full Stack Engineer, MES (Manufacturing Execution System)","Bastrop, TX",2026-09-14_15-29-45
2026-09-14,NEW,Sr. Full Stack Software Engineer,"Hawthorne, CA",2026-09-14_15-29-45
2026-09-14,NEW,Sr. Full Stack Software Engineer (Starlink),"Palo Alto, CA",2026-09-14_15-29-45
2026-09-14,NEW,Sr. Gateway Site Development Engineer (Starlink),"Redmond, WA",2026-09-14_15-29-45
2026-09-14,NEW,Sr. Global Operations Engineer (Starlink),"Bastrop, TX",2026-09-14_15-29-45
2026-09-14,NEW,"Sr. Global Supply Manager, Battery and Raw Materials (Starlink)","Redmond, WA",2026-09-14_15-29-45
2026-09-14,NEW,"Sr. Global Supply Manager, Capital Equipment & Construction (Starlink)","Bastrop, TX",2026-09-14_15-29-45
2026-09-14,NEW,"Sr. Global Supply Manager, Capital Equipment (Terafab)","Bastrop, TX",2026-09-14_15-29-45
2026-09-14,NEW,"Sr. Global Supply Manager, Construction (Terafab)","Bastrop, TX",2026-09-14_15-29-45
2026-09-14,NEW,"Sr. Global Supply Manager, Datacenter Memory and Storage (Starlink)","Palo Alto, CA",2026-09-14_15-29-45
2026-09-14,NEW,"Sr. Global Supply Manager, Datacenter Memory and Storage (Starlink)","Austin, TX",2026-09-14_15-29-45
2026-09-14,NEW,"Sr. Global Supply Manager, Semiconductor Intellectual Property","Bastrop, TX",2026-09-14_15-29-45
2026-09-14,NEW,Sr. Global Supply Manager (Starlink),"Redmond, WA",2026-09-14_15-29-45
2026-09-14,NEW,Sr. GNC Engineer (Starship),"Starbase, TX",2026-09-14_15-29-45
2026-09-14,NEW,Sr. GNC Engineer (Starship) Controls,"Starbase, TX",2026-09-14_15-29-45
2026-09-14,NEW,Sr. Government Affairs Manager,"Washington, DC",2026-09-14_15-29-45
2026-09-14,NEW,Sr. Government Program Development Manager (Government Compute/ Intelligence Community),"Washington, DC",2026-09-14_15-29-45
2026-09-14,NEW,"Sr. Graphic Designer, Marketing & Communications","Hawthorne, CA",2026-09-14_15-29-45
2026-09-14,NEW,"Sr. Hardware Design Engineer - Electrical, Satellites Payload (Starlink)","Palo Alto, CA",2026-09-14_15-29-45
2026-09-14,NEW,Sr. Hardware Development Electrical Engineer - (Starlink),"Redmond, WA",2026-09-14_15-29-45
2026-09-14,NEW,"Sr. Hardware Development Engineer, Gateway Failure Analysis (Starlink)","Bastrop, TX",2026-09-14_15-29-45
2026-09-14,NEW,"Sr. Hardware Engineer, Gateways & Customer Hardware (Starlink)","Bastrop, TX",2026-09-14_15-29-45
2026-09-14,NEW,Sr. Hardware / Infrastructure Site Reliability Engineer (Starlink),"Redmond, WA",2026-09-14_15-29-45
2026-09-14,NEW,"Sr. Hardware Reliability Engineer, Electrical (Starshield)","Hawthorne, CA",2026-09-14_15-29-45
2026-09-14,NEW,Sr. Hardware Reliability Engineer (Starlink Aviation),"Woodinville, WA",2026-09-14_15-29-45
2026-09-14,NEW,Sr. High Performance Computing (HPC) Systems Engineer,"Hawthorne, CA",2026-09-14_15-29-45
2026-09-14,NEW,Sr. High Performance Computing (HPC) Systems Engineer,"Starbase, TX",2026-09-14_15-29-45
2026-09-14,NEW,Sr. High-Speed Electro-Optical IC Engineer (RFIC Engineering),"Redmond, WA",2026-09-14_15-29-45
2026-09-14,NEW,Sr. HR Investigator (Employee Relations),"Redmond, WA",2026-09-14_15-29-45
2026-09-14,NEW,Sr. Human Resources Business Partner,"Redmond, WA",2026-09-14_15-29-45
2026-09-14,NEW,Sr. Human Resources Investigator,"Redmond, WA",2026-09-14_15-29-45
2026-09-14,NEW,Sr. Human Resources Investigator,"Bastrop, TX",2026-09-14_15-29-45
2026-09-14,NEW,Sr. HVAC and Mechanical Piping Superintendent,"Hawthorne, CA",2026-09-14_15-29-45
2026-09-14,NEW,Sr. HVAC Design Engineer,"Hawthorne, CA",2026-09-14_15-29-45
2026-09-14,NEW,Sr. IC Package Design Engineer (Silicon Engineering),"Austin, TX",2026-09-14_15-29-45
2026-09-14,NEW,Sr. IC Package Design Engineer (Silicon Engineering),"Irvine, CA",2026-09-14_15-29-45
2026-09-14,NEW,"Sr. IC Packaging Test Engineer, Silicon Technology (Starlink)","Bastrop, TX",2026-09-14_15-29-45
2026-09-14,NEW,Sr. Industrial Hygienist,"Hawthorne, CA",2026-09-14_15-29-45
2026-09-14,NEW,Sr. Industrial Hygienist,"Hawthorne, CA",2026-09-14_15-29-45
2026-09-14,NEW,Sr. Industrial Hygienist,"Starbase, TX",2026-09-14_15-29-45
2026-09-14,NEW,Sr. Industrial Hygienist,"Bastrop, TX",2026-09-14_15-29-45
2026-09-14,NEW,Sr. Industrial Hygienist,"McGregor, TX",2026-09-14_15-29-45
2026-09-14,NEW,"Sr. Instrumentation & Controls Engineer, Solar Cell Factory (Starlink)","Bastrop, TX",2026-09-14_15-29-45
2026-09-14,NEW,Sr. IT Network Engineer,"Memphis, TN",2026-09-14_15-29-45
2026-09-14,NEW,Sr. IT Network Engineer,"Starbase, TX",2026-09-14_15-29-45
2026-09-14,NEW,Sr. IT Network Engineer,"Hawthorne, CA",2026-09-14_15-29-45
2026-09-14,NEW,"Sr. IT Systems Administrator, IT Applications","Hawthorne, CA",2026-09-14_15-29-45
2026-09-14,NEW,"Sr. IT Systems Administrator, IT Applications","Bastrop, TX",2026-09-14_15-29-45
2026-09-14,NEW,"Sr. IT Systems Administrator, IT Applications","Redmond, WA",2026-09-14_15-29-45
2026-09-14,NEW,Sr. IT Systems Administrator (Top Secret Clearance),"Washington, DC",2026-09-14_15-29-45
2026-09-14,NEW,Sr. Kubernetes Platform Site Reliability Engineer (Starlink),"Redmond, WA",2026-09-14_15-29-45
2026-09-14,NEW,"Sr. Launch Engineer, Stage 0 Propellant Generation (Starship)","Cape Canaveral, FL",2026-09-14_15-29-45
2026-09-14,NEW,Sr. Launch Reliability Engineer (Launch Pads & Recovery),"Cape Canaveral, FL",2026-09-14_15-29-45
2026-09-14,NEW,Sr. Launch Reliability Engineer (Launch Pads & Recovery),"Cape Canaveral, FL",2026-09-14_15-29-45
2026-09-14,NEW,"Sr. Legal Analyst, Product (Starlink)","Washington, DC",2026-09-14_15-29-45
2026-09-14,NEW,"Sr. Manager, Finance","Hawthorne, CA",2026-09-14_15-29-45
2026-09-14,NEW,"Sr. Manager, Finance","Austin, TX",2026-09-14_15-29-45
2026-09-14,NEW,"Sr. Manager, Hospitality (Bastrop)","Bastrop, TX",2026-09-14_15-29-45
2026-09-14,NEW,"Sr. Manager, Hospitality (Starbase)","Starbase, TX",2026-09-14_15-29-45
2026-09-14,NEW,"Sr. Manager, Indirect Tax","Hawthorne, CA",2026-09-14_15-29-45
2026-09-14,NEW,"Sr. Manager, Launch Fabrication (Starship)","Starbase, TX",2026-09-14_15-29-45
2026-09-14,NEW,"Sr. Manager, Payroll","Hawthorne, CA",2026-09-14_15-29-45
2026-09-14,NEW,"Sr. Manager, Power Plant (Starship)","Starbase, TX",2026-09-14_15-29-45
2026-09-14,NEW,"Sr. Manager, Security Hardware","Hawthorne, CA",2026-09-14_15-29-45
2026-09-14,NEW,"Sr. Manager, Starlink Enterprise Accounts (Civilian Government Programs)","Washington, DC",2026-09-14_15-29-45
2026-09-14,NEW,"Sr. Manager, Starlink Enterprise Accounts (Civilian Government Programs)","Hawthorne, CA",2026-09-14_15-29-45
2026-09-14,NEW,"Sr. Manager, Starlink Enterprise Accounts (Civilian Government Programs)","Bastrop, TX",2026-09-14_15-29-45
2026-09-14,NEW,"Sr. Manager, Starlink Enterprise Accounts (Civilian Government Programs)","Redmond, WA",2026-09-14_15-29-45
2026-09-14,NEW,"Sr. Manager, Starlink Enterprise Accounts (State & Local Programs)","Redmond, WA",2026-09-14_15-29-45
2026-09-14,NEW,"Sr. Manager, Starlink Enterprise Accounts (State & Local Programs)","Washington, DC",2026-09-14_15-29-45
2026-09-14,NEW,"Sr. Manager, Starlink Enterprise Accounts (State & Local Programs)","Hawthorne, CA",2026-09-14_15-29-45
2026-09-14,NEW,"Sr. Manager, Starlink Enterprise Accounts (State & Local Programs)","Bastrop, TX",2026-09-14_15-29-45
2026-09-14,NEW,"Sr. Manager, Supply Chain - Datacenter Compute Infrastructure (Starlink)","Austin, TX",2026-09-14_15-29-45
2026-09-14,NEW,"Sr. Manager, Supply Chain - Datacenter Compute Infrastructure (Starlink)","Palo Alto, CA",2026-09-14_15-29-45
2026-09-14,NEW,"Sr. Manager, Supply Chain (Data Operations)","Palo Alto, CA",2026-09-14_15-29-45
2026-09-14,NEW,"Sr. Manufacturing Engineer, Blades and Vanes","Bastrop, TX",2026-09-14_15-29-45
2026-09-14,NEW,"Sr. Manufacturing Engineer, Machining (Starship)","Hawthorne, CA",2026-09-14_15-29-45
2026-09-14,NEW,Sr. Manufacturing Engineer (Starship),"Starbase, TX",2026-09-14_15-29-45
2026-09-14,NEW,Sr. Manufacturing Engineer (Starship Components Operations),"Hawthorne, CA",2026-09-14_15-29-45
2026-09-14,NEW,"Sr. Manufacturing Engineer, Tool & Die Machining - 2nd Shift","Bastrop, TX",2026-09-14_15-29-45
2026-09-14,NEW,"Sr. Manufacturing Engineer, Tool & Die Machining (Starlink)","Bastrop, TX",2026-09-14_15-29-45
2026-09-14,NEW,"Sr. Materials Engineer, AI Satellites (Starmind)","Bastrop, TX",2026-09-14_15-29-45
2026-09-14,NEW,"Sr. Materials Engineer, Blades and Vanes Foundry","Bastrop, TX",2026-09-14_15-29-45
2026-09-14,NEW,"Sr. Materials Engineer, Electronic Materials","Bastrop, TX",2026-09-14_15-29-45
2026-09-14,NEW,"Sr. Materials Engineer, Metals (Starlink)","Redmond, WA",2026-09-14_15-29-45
2026-09-14,NEW,"Sr. Materials Engineer, Metals (Starship)","Starbase, TX",2026-09-14_15-29-45
2026-09-14,NEW,"Sr. Materials Engineer, Metals (Starship)","Hawthorne, CA",2026-09-14_15-29-45
2026-09-14,NEW,"Sr. Materials Engineer, Silicon Crystal Growth (Starlink)","Bastrop, TX",2026-09-14_15-29-45
2026-09-14,NEW,Sr. Materials Engineer (Starlink),"Bastrop, TX",2026-09-14_15-29-45
2026-09-14,NEW,"Sr. Mechanical Design Engineer, Consumer Hardware (Starlink)","Bastrop, TX",2026-09-14_15-29-45
2026-09-14,NEW,"Sr. Mechanical Design Engineer, Gateways (Starlink)","Bastrop, TX",2026-09-14_15-29-45
2026-09-14,NEW,"Sr. Mechanical Design Engineer, Satellites (Starlink)","Redmond, WA",2026-09-14_15-29-45
2026-09-14,NEW,Sr. Mechanical Design Engineer (Starfall),"Hawthorne, CA",2026-09-14_15-29-45
2026-09-14,NEW,Sr. Mechanical Design Engineer (Starship Components),"Hawthorne, CA",2026-09-14_15-29-45
2026-09-14,NEW,"Sr. Mechanical Engineer, AI Satellites (Starmind)","Bastrop, TX",2026-09-14_15-29-45
2026-09-14,NEW,"Sr. Mechanical Engineer, Facilities (Starlink)","Redmond, WA",2026-09-14_15-29-45
2026-09-14,NEW,"Sr. Mechanical Engineer, Flight Termination System (Starship)","Hawthorne, CA",2026-09-14_15-29-45
2026-09-14,NEW,Sr. Mechanical Engineer (HVAC),"Hawthorne, CA",2026-09-14_15-29-45
2026-09-14,NEW,"Sr. Mechanical Engineer, HVAC & Controls (Facilities Infrastructure)","Vandenberg, CA",2026-09-14_15-29-45
2026-09-14,NEW,"Sr. Mechanical Engineer, Insource Manufacturing (Starlink)","Bastrop, TX",2026-09-14_15-29-45
2026-09-14,NEW,"Sr. Mechanical Engineer, Machine Design (Starship)","Starbase, TX",2026-09-14_15-29-45
2026-09-14,NEW,Sr. Mechanical Engineer (MEP/Construction),"Bastrop, TX",2026-09-14_15-29-45
2026-09-14,NEW,"Sr. Mechanical Engineer, Operations (Starship)","Starbase, TX",2026-09-14_15-29-45
2026-09-14,NEW,Sr. Mechanical Engineer (Starship),"Starbase, TX",2026-09-14_15-29-45
2026-09-14,NEW,Sr. Mechanical Engineer (Starship),"Hawthorne, CA",2026-09-14_15-29-45
2026-09-14,NEW,Sr. Mechanical Engineer (Starship Avionics),"Hawthorne, CA",2026-09-14_15-29-45
2026-09-14,NEW,Sr. Mechanical Engineer (Starship Avionics),"Starbase, TX",2026-09-14_15-29-45
2026-09-14,NEW,Sr. Mechanical Integration & Test Engineer (Starshield),"Hawthorne, CA",2026-09-14_15-29-45
2026-09-14,NEW,Sr. MMIC Design Engineer (RFIC Engineering),"Redmond, WA",2026-09-14_15-29-45
2026-09-14,NEW,"Sr. NDE Engineer, Radiography Testing","Hawthorne, CA",2026-09-14_15-29-45
2026-09-14,NEW,Sr. Network Edge Engineer (Starlink),"Redmond, WA",2026-09-14_15-29-45
2026-09-14,NEW,Sr. Network Engineer,"Starbase, TX",2026-09-14_15-29-45
2026-09-14,NEW,Sr. Network Engineer (Starshield),"Hawthorne, CA",2026-09-14_15-29-45
2026-09-14,NEW,Sr. Network Engineer (Starshield),"Redmond, WA",2026-09-14_15-29-45
2026-09-14,NEW,Sr. Network Security Engineer,"Redmond, WA",2026-09-14_15-29-45
2026-09-14,NEW,Sr. Network Security Engineer,"Bastrop, TX",2026-09-14_15-29-45
2026-09-14,NEW,Sr. Network Security Engineer,"Hawthorne, CA",2026-09-14_15-29-45
2026-09-14,NEW,Sr. Network Security Engineer,"Starbase, TX",2026-09-14_15-29-45
2026-09-14,NEW,"Sr. Operations Engineer, Blades and Vanes Foundry","Bastrop, TX",2026-09-14_15-29-45
2026-09-14,NEW,Sr. Operations Engineer (Starlink Growth),"Redmond, WA",2026-09-14_15-29-45
2026-09-14,NEW,Sr. Operations Engineer (Starlink Growth),"Bastrop, TX",2026-09-14_15-29-45
2026-09-14,NEW,"Sr. Operations Engineer, Starship Production (Starbase)","Starbase, TX",2026-09-14_15-29-45
2026-09-14,NEW,Sr. Optical Engineer (Starfall),"Hawthorne, CA",2026-09-14_15-29-45
2026-09-14,NEW,Sr. Optical Network Engineer (Starlink),"Redmond, WA",2026-09-14_15-29-45
2026-09-14,NEW,"Sr. Packaging Engineer - Thermal Materials, AI Satellites (Starmind)","Bastrop, TX",2026-09-14_15-29-45
2026-09-14,NEW,Sr. Partnerships Manager (Starlink Business Aviation),"Bastrop, TX",2026-09-14_15-29-45
2026-09-14,NEW,Sr. Partnerships Manager (Starlink Business Aviation),"Woodinville, WA",2026-09-14_15-29-45
2026-09-14,NEW,Sr. Partnerships Manager (Starlink Commercial Aviation),"Bastrop, TX",2026-09-14_15-29-45
2026-09-14,NEW,Sr. Partnerships Manager (Starlink Commercial Aviation),"Woodinville, WA",2026-09-14_15-29-45
2026-09-14,NEW,Sr. PCB Designer,"Hawthorne, CA",2026-09-14_15-29-45
2026-09-14,NEW,Sr. PCB Designer (Starlink),"Bastrop, TX",2026-09-14_15-29-45
2026-09-14,NEW,Sr. PCB Designer (Starship),"Hawthorne, CA",2026-09-14_15-29-45
2026-09-14,NEW,Sr. PDK Engineer (Starlink/Akoustis),"Bastrop, TX",2026-09-14_15-29-45
2026-09-14,NEW,Sr. Physical Security Hardware Specialist,"Palo Alto, CA",2026-09-14_15-29-45
2026-09-14,NEW,Sr. Platform Integrity Analyst (Starlink),"Bastrop, TX",2026-09-14_15-29-45
2026-09-14,NEW,Sr. Platform Integrity Analyst (Starlink),"Hawthorne, CA",2026-09-14_15-29-45
2026-09-14,NEW,Sr. Platform Integrity Analyst (Starlink),"Redmond, WA",2026-09-14_15-29-45
2026-09-14,NEW,"Sr. Power Electronics Engineer, AI Satellites (Starmind)","Bastrop, TX",2026-09-14_15-29-45
2026-09-14,NEW,"Sr. Power Electronics Engineer, Satellites (Starlink)","Redmond, WA",2026-09-14_15-29-45
2026-09-14,NEW,Sr. Power Electronics Engineer (Starship),"Hawthorne, CA",2026-09-14_15-29-45
2026-09-14,NEW,Sr. Power Electronics Engineer - Traveling Wave Tube Amplifier (Starlink),"Redmond, WA",2026-09-14_15-29-45
2026-09-14,NEW,Sr. Power Systems Engineer (Starship),"Starbase, TX",2026-09-14_15-29-45
2026-09-14,NEW,"Sr. Process Controls Engineer, Solar Cell Factory (Starlink)","Bastrop, TX",2026-09-14_15-29-45
2026-09-14,NEW,"Sr. Process Engineer, Industrial Water Treatment (Starlink)","Bastrop, TX",2026-09-14_15-29-45
2026-09-14,NEW,"Sr. Process Engineer, Starship Materials Production","Hawthorne, CA",2026-09-14_15-29-45
2026-09-14,NEW,"Sr. Process Engineer - Wafer Level Assembly, AI Satellites (Starmind)","Bastrop, TX",2026-09-14_15-29-45
2026-09-14,NEW,Sr. Product Compliance Engineer (Starlink),"Bastrop, TX",2026-09-14_15-29-45
2026-09-14,NEW,Sr. Product Sales Manager (High Speed Connectivity),"Hawthorne, CA",2026-09-14_15-29-45
2026-09-14,NEW,Sr. Product Sales Manager (High Speed Connectivity),"Bastrop, TX",2026-09-14_15-29-45
2026-09-14,NEW,Sr. Product Sales Manager (High Speed Connectivity),"Redmond, WA",2026-09-14_15-29-45
2026-09-14,NEW,Sr. Product Sales Manager (High Speed Connectivity),"Palo Alto, CA",2026-09-14_15-29-45
2026-09-14,NEW,Sr. Product Sales Manager (Starlink),"Hawthorne, CA",2026-09-14_15-29-45
2026-09-14,NEW,Sr. Product Sales Manager (Starlink Aviaiton),"Bastrop, TX",2026-09-14_15-29-45
2026-09-14,NEW,Sr. Product Sales Manager (Starlink Aviation),"Hawthorne, CA",2026-09-14_15-29-45
2026-09-14,NEW,Sr. Product Sales Manager (Starlink Aviation),"Redmond, WA",2026-09-14_15-29-45
2026-09-14,NEW,Sr. Product Sales Manager (Starlink Aviation),"Palo Alto, CA",2026-09-14_15-29-45
2026-09-14,NEW,Sr. Product Sales Manager (Starlink Fixed Site),"Bastrop, TX",2026-09-14_15-29-45
2026-09-14,NEW,Sr. Product Sales Manager (Starlink Fixed Site),"Hawthorne, CA",2026-09-14_15-29-45
2026-09-14,NEW,Sr. Product Sales Manager (Starlink Fixed Site),"Redmond, WA",2026-09-14_15-29-45
2026-09-14,NEW,Sr. Product Sales Manager (Starlink Fixed Site),"Palo Alto, CA",2026-09-14_15-29-45
2026-09-14,NEW,Sr. Product Sales Manager (Starlink Maritime),"Redmond, WA",2026-09-14_15-29-45
2026-09-14,NEW,Sr. Product Sales Manager (Starlink Maritime),"Bastrop, TX",2026-09-14_15-29-45
2026-09-14,NEW,Sr. Product Sales Manager (Starlink Maritime),"Palo Alto, CA",2026-09-14_15-29-45
2026-09-14,NEW,Sr. Product Sales Manager (Starlink Maritime),"Hawthorne, CA",2026-09-14_15-29-45
2026-09-14,NEW,Sr. Product Security Engineer (Starlink),"Redmond, WA",2026-09-14_15-29-45
2026-09-14,NEW,Sr. Product Security Engineer (Starlink),"Bastrop, TX",2026-09-14_15-29-45
2026-09-14,NEW,Sr. Professional Geologist,"Hawthorne, CA",2026-09-14_15-29-45
2026-09-14,NEW,Sr. Program Development Manager,"Washington, DC",2026-09-14_15-29-45
2026-09-14,NEW,"Sr. Propulsion Analyst, Chamber and Nozzle (Raptor)","Hawthorne, CA",2026-09-14_15-29-45
2026-09-14,NEW,Sr. Propulsion Design Engineer (Raptor Engine Systems),"Hawthorne, CA",2026-09-14_15-29-45
2026-09-14,NEW,Sr. Propulsion Engineer (Raptor Combustion Devices),"Hawthorne, CA",2026-09-14_15-29-45
2026-09-14,NEW,Sr. Propulsion Engineer (Raptor Flight),"Hawthorne, CA",2026-09-14_15-29-45
2026-09-14,NEW,Sr. Propulsion Engineer (Starship),"Starbase, TX",2026-09-14_15-29-45
2026-09-14,NEW,Sr. Propulsion Fluids Analyst (Raptor Systems Engineering),"Hawthorne, CA",2026-09-14_15-29-45
2026-09-14,NEW,Sr. Propulsion Thermal Analyst (Raptor Combustion Devices),"Hawthorne, CA",2026-09-14_15-29-45
2026-09-14,NEW,Sr. Quality Systems Engineer (Starlink),"Bastrop, TX",2026-09-14_15-29-45
2026-09-14,NEW,Sr. Radiation Effects Engineer,"Hawthorne, CA",2026-09-14_15-29-45
2026-09-14,NEW,Sr. Radiation Effects Engineer,"Redmond, WA",2026-09-14_15-29-45
2026-09-14,NEW,Sr. RAN Software Engineer (Starlink Mobile),"Palo Alto, CA",2026-09-14_15-29-45
2026-09-14,NEW,Sr. RAN Software Engineer (Starlink Mobile),"Redmond, WA",2026-09-14_15-29-45
2026-09-14,NEW,Sr. Real Estate Analyst,"Cape Canaveral, FL",2026-09-14_15-29-45
2026-09-14,NEW,Sr. Real Estate Analyst,"Hawthorne, CA",2026-09-14_15-29-45
2026-09-14,NEW,Sr. Responsible Engineer - Turbomachinery (Starship),"McGregor, TX",2026-09-14_15-29-45
2026-09-14,NEW,Sr. RF Engineer (Starlink),"Bastrop, TX",2026-09-14_15-29-45
2026-09-14,NEW,Sr. RF Engineer (Starshield),"Hawthorne, CA",2026-09-14_15-29-45
2026-09-14,NEW,Sr. RF Front-End Module Design Engineer (RFIC Engineering),"Redmond, WA",2026-09-14_15-29-45
2026-09-14,NEW,Sr. RF Front-End Module Design Engineer (RFIC Engineering),"Irvine, CA",2026-09-14_15-29-45
2026-09-14,NEW,Sr. RF Front-End Module Design Engineer (RFIC Engineering),"Sunnyvale, CA",2026-09-14_15-29-45
2026-09-14,NEW,Sr. RFIC Design Engineer (RFIC Engineering),"Palo Alto, CA",2026-09-14_15-29-45
2026-09-14,NEW,Sr. RFIC Design Engineer (RFIC Engineering),"Irvine, CA",2026-09-14_15-29-45
2026-09-14,NEW,Sr. RFIC Design Engineer (RFIC Engineering),"Redmond, WA",2026-09-14_15-29-45
2026-09-14,NEW,Sr. RFIC Engineer (Starshield),"Hawthorne, CA",2026-09-14_15-29-45
2026-09-14,NEW,Sr. RFIC Layout Designer (RFIC Engineering),"Irvine, CA",2026-09-14_15-29-45
2026-09-14,NEW,Sr. RFIC Layout Designer (RFIC Engineering),"Redmond, WA",2026-09-14_15-29-45
2026-09-14,NEW,Sr. RFIC Layout Designer (RFIC Engineering),"Palo Alto, CA",2026-09-14_15-29-45
2026-09-14,NEW,Sr. RFIC Layout Designer (Starshield Silicon),"Hawthorne, CA",2026-09-14_15-29-45
2026-09-14,NEW,Sr. RF/Microwave Engineer (RFIC Engineering),"Redmond, WA",2026-09-14_15-29-45
2026-09-14,NEW,"Sr. RF/Microwave Engineer, Satellites (Starlink)","Redmond, WA",2026-09-14_15-29-45
2026-09-14,NEW,Sr. RF Software Engineer (Starlink),"Bastrop, TX",2026-09-14_15-29-45
2026-09-14,NEW,Sr. RF Software Engineer (Starshield),"Hawthorne, CA",2026-09-14_15-29-45
2026-09-14,NEW,"Sr. RF Systems Analysis Engineer, Regulatory (Starlink)","Washington, DC",2026-09-14_15-29-45
2026-09-14,NEW,Sr. RF & Wireless Compliance Engineer (Starlink),"Bastrop, TX",2026-09-14_15-29-45
2026-09-14,NEW,Sr. RTL Design Engineer (Silicon Engineering),"Irvine, CA",2026-09-14_15-29-45
2026-09-14,NEW,Sr. RTL Design Engineer (Silicon Engineering),"Redmond, WA",2026-09-14_15-29-45
2026-09-14,NEW,Sr. RTL Design Engineer (Silicon Engineering),"Austin, TX",2026-09-14_15-29-45
2026-09-14,NEW,Sr. RTL Design Engineer (Silicon Engineering),"Palo Alto, CA",2026-09-14_15-29-45
2026-09-14,NEW,Sr. Sales Manager (Global Starlink Enterprise Sales),"New York City, NY",2026-09-14_15-29-45
2026-09-14,NEW,Sr. Sales Manager (Global Starlink Enterprise Sales),Remote - MI,2026-09-14_15-29-45
2026-09-14,NEW,Sr. Sales Manager (Global Starlink Enterprise Sales),"Hawthorne, CA",2026-09-14_15-29-45
2026-09-14,NEW,Sr. Sales Manager (Global Starlink Enterprise Sales),"Palo Alto, CA",2026-09-14_15-29-45
2026-09-14,NEW,Sr. Sales Manager (Global Starlink Enterprise Sales),Remote - FL,2026-09-14_15-29-45
2026-09-14,NEW,Sr. Sales Manager (Global Starlink Enterprise Sales),Remote - TX,2026-09-14_15-29-45
2026-09-14,NEW,Sr. Sales Manager (Global Starlink Enterprise Sales),"Washington, DC",2026-09-14_15-29-45
2026-09-14,NEW,Sr. Sales Manager (Global Starlink Enterprise Sales),"Bastrop, TX",2026-09-14_15-29-45
2026-09-14,NEW,Sr. Sales Manager (Global Starlink Enterprise Sales),"Redmond, WA",2026-09-14_15-29-45
2026-09-14,NEW,Sr. Sales Manager (Global Starlink Enterprise Sales),Remote - CA,2026-09-14_15-29-45
2026-09-14,NEW,Sr. Satellite Policy Associate (Starlink Regulatory Affairs),"Washington, DC",2026-09-14_15-29-45
2026-09-14,NEW,Sr. Satellite Policy Manager (Starlink Mobile),"Washington, DC",2026-09-14_15-29-45
2026-09-14,NEW,Sr. Scheduler (Starship),"Starbase, TX",2026-09-14_15-29-45
2026-09-14,NEW,"Sr. Screen Printing Equipment Engineer, Solar Cells (Starlink)","Bastrop, TX",2026-09-14_15-29-45
2026-09-14,NEW,Sr. Security Software Engineer (Starlink),"Redmond, WA",2026-09-14_15-29-45
2026-09-14,NEW,Sr. Security Software Engineer (Starlink),"Bastrop, TX",2026-09-14_15-29-45
2026-09-14,NEW,Sr. Security Software Enginer (Starshield),"Washington, DC",2026-09-14_15-29-45
2026-09-14,NEW,Sr. Security Software Enginer (Starshield),"Hawthorne, CA",2026-09-14_15-29-45
2026-09-14,NEW,Sr. Sensor Development Engineer (Starship),"Hawthorne, CA",2026-09-14_15-29-45
2026-09-14,NEW,"Sr. Signal Integrity Engineer - Serdes, Satellites (Starlink)","Palo Alto, CA",2026-09-14_15-29-45
2026-09-14,NEW,"Sr. Silicon Packaging Process Engineer, Silicon Technology (Starlink)","Bastrop, TX",2026-09-14_15-29-45
2026-09-14,NEW,Sr. Silicon Photonics Design Engineer (RFIC Engineering),"Redmond, WA",2026-09-14_15-29-45
2026-09-14,NEW,Sr. Simulation Software Engineer (Application Software),"Hawthorne, CA",2026-09-14_15-29-45
2026-09-14,NEW,"Sr. SI/PI Engineer - Serdes, Satellites (Starlink)","Palo Alto, CA",2026-09-14_15-29-45
2026-09-14,NEW,Sr. Site Reliability Engineer (Application Software),"Hawthorne, CA",2026-09-14_15-29-45
2026-09-14,NEW,Sr. Site Reliability Engineer (Starlink),"Hawthorne, CA",2026-09-14_15-29-45
2026-09-14,NEW,Sr. Site Reliability Engineer (Starlink),"Palo Alto, CA",2026-09-14_15-29-45
2026-09-14,NEW,Sr. Site Reliability Engineer (Starlink),"Redmond, WA",2026-09-14_15-29-45
2026-09-14,NEW,Sr. Site Reliability Engineer (Starshield),"Hawthorne, CA",2026-09-14_15-29-45
2026-09-14,NEW,Sr. Site Reliability Engineer (Starshield),"Washington, DC",2026-09-14_15-29-45
2026-09-14,NEW,Sr. Site Reliability Engineer (Starshield),"Redmond, WA",2026-09-14_15-29-45
2026-09-14,NEW,Sr. Site Reliability Engineer - Top Secret Clearance (Starlink),"Hawthorne, CA",2026-09-14_15-29-45
2026-09-14,NEW,Sr. Site Reliability Engineer - Top Secret Clearance (Starlink),"Redmond, WA",2026-09-14_15-29-45
2026-09-14,NEW,Sr. SOC/ASIC Physical Design Engineer (Silicon Engineering),"Palo Alto, CA",2026-09-14_15-29-45
2026-09-14,NEW,Sr. SOC/ASIC Physical Design Engineer (Silicon Engineering),"Austin, TX",2026-09-14_15-29-45
2026-09-14,NEW,Sr. SOC/ASIC Physical Design Engineer (Silicon Engineering),"Irvine, CA",2026-09-14_15-29-45
2026-09-14,NEW,Sr. Software Engineer,"Bastrop, TX",2026-09-14_15-29-45
2026-09-14,NEW,Sr. Software Engineer,"Hawthorne, CA",2026-09-14_15-29-45
2026-09-14,NEW,"Sr. Software Engineer, Additive Manufacturing (Raptor)","Hawthorne, CA",2026-09-14_15-29-45
2026-09-14,NEW,"Sr. Software Engineer, Beam Planning (Starlink)","Palo Alto, CA",2026-09-14_15-29-45
2026-09-14,NEW,"Sr. Software Engineer, Beam Planning (Starlink)","Redmond, WA",2026-09-14_15-29-45
2026-09-14,NEW,"Sr. Software Engineer, CDN (Starlink)","Palo Alto, CA",2026-09-14_15-29-45
2026-09-14,NEW,"Sr. Software Engineer, CDN (Starlink)","Redmond, WA",2026-09-14_15-29-45
2026-09-14,NEW,"Sr. Software Engineer, CDN (Starlink)","Hawthorne, CA",2026-09-14_15-29-45
2026-09-14,NEW,"Sr. Software Engineer, C++ (Dragon)","Hawthorne, CA",2026-09-14_15-29-45
2026-09-14,NEW,"Sr. Software Engineer, Components Test (Starshield)","Hawthorne, CA",2026-09-14_15-29-45
2026-09-14,NEW,"Sr. Software Engineer, Computer Vision","Hawthorne, CA",2026-09-14_15-29-45
2026-09-14,NEW,"Sr. Software Engineer, Continuous Integration (Starship)","Starbase, TX",2026-09-14_15-29-45
2026-09-14,NEW,"Sr. Software Engineer, Continuous Integration (Starship)","Hawthorne, CA",2026-09-14_15-29-45
2026-09-14,NEW,"Sr. Software Engineer, C++ (Simulations)","Hawthorne, CA",2026-09-14_15-29-45
2026-09-14,NEW,"Sr. Software Engineer, Data Platform (Starlink)","Redmond, WA",2026-09-14_15-29-45
2026-09-14,NEW,"Sr. Software Engineer, Data (Starlink)","Hawthorne, CA",2026-09-14_15-29-45
2026-09-14,NEW,"Sr. Software Engineer, Design Software (Starship)","Hawthorne, CA",2026-09-14_15-29-45
2026-09-14,NEW,"Sr. Software Engineer, DevOps (Starlink)","Redmond, WA",2026-09-14_15-29-45
2026-09-14,NEW,Sr. Software Engineer (Flight Reliability),"Hawthorne, CA",2026-09-14_15-29-45
2026-09-14,NEW,"Sr. Software Engineer, Flight Software (Starship)","Starbase, TX",2026-09-14_15-29-45
2026-09-14,NEW,"Sr. Software Engineer, Flight Software (Starship)","Hawthorne, CA",2026-09-14_15-29-45
2026-09-14,NEW,"Sr. Software Engineer, Hardware Test & Automation (Starshield)","Hawthorne, CA",2026-09-14_15-29-45
2026-09-14,NEW,"Sr. Software Engineer, High Performance Computing (Starlink)","Palo Alto, CA",2026-09-14_15-29-45
2026-09-14,NEW,"Sr. Software Engineer, High Performance Computing (Starlink)","Redmond, WA",2026-09-14_15-29-45
2026-09-14,NEW,"Sr. Software Engineer, HITL - Top Secret Clearance","Hawthorne, CA",2026-09-14_15-29-45
2026-09-14,NEW,"Sr. Software Engineer, Low Latency Computing (Starlink)","Palo Alto, CA",2026-09-14_15-29-45
2026-09-14,NEW,"Sr. Software Engineer, Low Latency Computing (Starlink)","Redmond, WA",2026-09-14_15-29-45
2026-09-14,NEW,Sr. Software Engineer (Platform Team),"Bastrop, TX",2026-09-14_15-29-45
2026-09-14,NEW,Sr. Software Engineer (Platform Team),"Palo Alto, CA",2026-09-14_15-29-45
2026-09-14,NEW,Sr. Software Engineer (Platform Team),"Sunnyvale, CA",2026-09-14_15-29-45
2026-09-14,NEW,Sr. Software Engineer (Platform Team),"Starbase, TX",2026-09-14_15-29-45
2026-09-14,NEW,Sr. Software Engineer (Platform Team),"Redmond, WA",2026-09-14_15-29-45
2026-09-14,NEW,Sr. Software Engineer (Platform Team),"Hawthorne, CA",2026-09-14_15-29-45
2026-09-14,NEW,"Sr. Software Engineer, Propulsion Simulation & Data Analysis (Raptor)","Hawthorne, CA",2026-09-14_15-29-45
2026-09-14,NEW,"Sr. Software Engineer, Security (Starship)","Hawthorne, CA",2026-09-14_15-29-45
2026-09-14,NEW,"Sr. Software Engineer, Simulations (Application Software)","Hawthorne, CA",2026-09-14_15-29-45
2026-09-14,NEW,Sr. Software Engineer (Special Projects) - Top Secret Clearance,"Hawthorne, CA",2026-09-14_15-29-45
2026-09-14,NEW,Sr. Software Engineer (Starfall),"Hawthorne, CA",2026-09-14_15-29-45
2026-09-14,NEW,"Sr. Software Engineer, Starlink Enterprise Product (Space Lasers)","Redmond, WA",2026-09-14_15-29-45
2026-09-14,NEW,"Sr. Software Engineer, Starlink Network","Redmond, WA",2026-09-14_15-29-45
2026-09-14,NEW,Sr. Software Engineer (Starshield),"Hawthorne, CA",2026-09-14_15-29-45
2026-09-14,NEW,"Sr. Software Engineer, Telemetry (Starlink)","Redmond, WA",2026-09-14_15-29-45
2026-09-14,NEW,"Sr. Software Engineer, Telemetry (Starlink)","Hawthorne, CA",2026-09-14_15-29-45
2026-09-14,NEW,Sr. Software Engineer (Vehicle Engineering),"Hawthorne, CA",2026-09-14_15-29-45
2026-09-14,NEW,Sr. Software Infrastructure Engineer (Starlink),"Redmond, WA",2026-09-14_15-29-45
2026-09-14,NEW,Sr. Solar Cell Reliability Engineer (Starlink),"Bastrop, TX",2026-09-14_15-29-45
2026-09-14,NEW,"Sr. Sourcing Specialist, Construction","Cape Canaveral, FL",2026-09-14_15-29-45
2026-09-14,NEW,"Sr. Sourcing Specialist, Construction","Starbase, TX",2026-09-14_15-29-45
2026-09-14,NEW,"Sr. Sourcing Specialist, Electronics (Starlink)","Redmond, WA",2026-09-14_15-29-45
2026-09-14,NEW,"Sr. Sourcing Specialist, Ground Support Equipment & Facilities","McGregor, TX",2026-09-14_15-29-45
2026-09-14,NEW,"Sr. Sourcing Specialist, Mechanical (Starship)","Hawthorne, CA",2026-09-14_15-29-45
2026-09-14,NEW,"Sr. Sourcing Specialist, OPEX (Starlink)","Bastrop, TX",2026-09-14_15-29-45
2026-09-14,NEW,"Sr. Sourcing Specialist, PCB/PCBA (Starshield)","Hawthorne, CA",2026-09-14_15-29-45
2026-09-14,NEW,"Sr. Sourcing Specialist, Solar (Starlink)","Bastrop, TX",2026-09-14_15-29-45
2026-09-14,NEW,Sr. Sourcing Specialist (Starship),"Hawthorne, CA",2026-09-14_15-29-45
2026-09-14,NEW,Sr. Sourcing Specialist (Starship),"Starbase, TX",2026-09-14_15-29-45
2026-09-14,NEW,Sr. Sourcing Specialist (Starship Pad),"Cape Canaveral, FL",2026-09-14_15-29-45
2026-09-14,NEW,"Sr. Space Lasers Engineer, Satellites (Starlink)","Redmond, WA",2026-09-14_15-29-45
2026-09-14,NEW,Sr. Stock Plan Administrator,"Hawthorne, CA",2026-09-14_15-29-45
2026-09-14,NEW,Sr. Structural Engineer,"Hawthorne, CA",2026-09-14_15-29-45
2026-09-14,NEW,"Sr. Structural Engineer, Structural Test (Starship)","Starbase, TX",2026-09-14_15-29-45
2026-09-14,NEW,"Sr. Structures Engineer, Build (Starship)","Starbase, TX",2026-09-14_15-29-45
2026-09-14,NEW,"Sr. Supplier Development Engineer, Battery (Starlink)","Redmond, WA",2026-09-14_15-29-45
2026-09-14,NEW,"Sr. Supplier Development Engineer, Data Center (Starlink)","Palo Alto, CA",2026-09-14_15-29-45
2026-09-14,NEW,"Sr. Supplier Development Engineer, Data Center (Starlink)","Bastrop, TX",2026-09-14_15-29-45
2026-09-14,NEW,"Sr. Supplier Development Engineer, Data Center (Starlink) - Memphis","Memphis, TN",2026-09-14_15-29-45
2026-09-14,NEW,"Sr. Supplier Development Engineer, Mechanical Metrology (Starlink)","Bastrop, TX",2026-09-14_15-29-45
2026-09-14,NEW,Sr. Supplier Development Engineer (Starshield),"Hawthorne, CA",2026-09-14_15-29-45
2026-09-14,NEW,"Sr. Supplier Quality Specialist, Data Center (Starlink)","Bastrop, TX",2026-09-14_15-29-45
2026-09-14,NEW,"Sr. Supplier Quality Specialist, Data Center (Starlink) - Memphis","Memphis, TN",2026-09-14_15-29-45
2026-09-14,NEW,Sr. Supply Chain Planner (Launch Site),"Cape Canaveral, FL",2026-09-14_15-29-45
2026-09-14,NEW,Sr. Supply Chain Planner (Launch Vehicle Electronic Systems),"Hawthorne, CA",2026-09-14_15-29-45
2026-09-14,NEW,Sr. Supply Chain Planner (Starship),"Starbase, TX",2026-09-14_15-29-45
2026-09-14,NEW,"Sr. Supply Chain Planner, xAI (Starlink)","Bastrop, TX",2026-09-14_15-29-45
2026-09-14,NEW,Sr. Tax Analyst,"Hawthorne, CA",2026-09-14_15-29-45
2026-09-14,NEW,Sr. Technical Business Development Manager (Starlink),"Bastrop, TX",2026-09-14_15-29-45
2026-09-14,NEW,Sr. Technical Business Development Manager (Starlink),"Redmond, WA",2026-09-14_15-29-45
2026-09-14,NEW,"Sr. Technical Operations Engineer, Customer Success (Starlink)","Redmond, WA",2026-09-14_15-29-45
2026-09-14,NEW,"Sr. Technical Operations Engineer, Customer Success (Starlink)","Bastrop, TX",2026-09-14_15-29-45
2026-09-14,NEW,Sr. Technical Project Lead (Silicon Engineering),"Redmond, WA",2026-09-14_15-29-45
2026-09-14,NEW,Sr. Technical Project Lead (Silicon Engineering),"Palo Alto, CA",2026-09-14_15-29-45
2026-09-14,NEW,Sr. Technical Project Lead (Silicon Engineering),"Irvine, CA",2026-09-14_15-29-45
2026-09-14,NEW,Sr. Technical Project Lead (Silicon Engineering),"Austin, TX",2026-09-14_15-29-45
2026-09-14,NEW,Sr. Technical Recruiter,"Hawthorne, CA",2026-09-14_15-29-45
2026-09-14,NEW,Sr. Technical Recruiter (Bastrop),"Bastrop, TX",2026-09-14_15-29-45
2026-09-14,NEW,Sr. Technical Recruiter (Redmond),"Redmond, WA",2026-09-14_15-29-45
2026-09-14,NEW,Sr. Technical Recruiter (Starbase),"Starbase, TX",2026-09-14_15-29-45
2026-09-14,NEW,Sr. Technical Sales Architect (Starlink),"Redmond, WA",2026-09-14_15-29-45
2026-09-14,NEW,Sr. Telecommunications Engineer,"Starbase, TX",2026-09-14_15-29-45
2026-09-14,NEW,Sr. Terrestrial Services Sales Manager (Starlink Aviation),"Woodinville, WA",2026-09-14_15-29-45
2026-09-14,NEW,Sr. Terrestrial Services Sales Manager (Starlink Aviation),"Bastrop, TX",2026-09-14_15-29-45
2026-09-14,NEW,"Sr. Thermal Engineer - Fluids Analysis, AI Satellites (Starmind)","Bastrop, TX",2026-09-14_15-29-45
2026-09-14,NEW,"Sr. Thermal Engineer - Spacecraft Analysis, AI Satellites (Starmind)","Bastrop, TX",2026-09-14_15-29-45
2026-09-14,NEW,"Sr. Thermal Engineer, Thermal & Fluid Analysis (Starship)","Hawthorne, CA",2026-09-14_15-29-45
2026-09-14,NEW,"Sr. Tooling Design Engineer, Investment Casting","Bastrop, TX",2026-09-14_15-29-45
2026-09-14,NEW,"Sr. Tooling Designer, Injection Molding","Bastrop, TX",2026-09-14_15-29-45
2026-09-14,NEW,"Sr. Tooling Engineer, Plastic Injection Molding (Starlink)","Bastrop, TX",2026-09-14_15-29-45
2026-09-14,NEW,Sr. Trajectory Analysis Engineer (Starship),"Starbase, TX",2026-09-14_15-29-45
2026-09-14,NEW,Sr. Trajectory Analysis Engineer (Starship),"Hawthorne, CA",2026-09-14_15-29-45
2026-09-14,NEW,Sr. Treasury Analyst,"Hawthorne, CA",2026-09-14_15-29-45
2026-09-14,NEW,"Sr. Water Treatment Engineer, Solar Cell Factory (Starlink)","Bastrop, TX",2026-09-14_15-29-45
2026-09-14,NEW,Sr. Welding Engineer,"Hawthorne, CA",2026-09-14_15-29-45
2026-09-14,NEW,Sr. Welding Engineer (Starship Components),"Hawthorne, CA",2026-09-14_15-29-45
2026-09-14,NEW,"Sr. Wet Process Equipment Engineer, Solar Cells (Starlink)","Bastrop, TX",2026-09-14_15-29-45
2026-09-14,NEW,Sr. Wi-Fi Software Engineer (Starlink),"Palo Alto, CA",2026-09-14_15-29-45
2026-09-14,NEW,Sr. Wi-Fi Software Engineer (Starlink),"Bastrop, TX",2026-09-14_15-29-45
2026-09-14,NEW,Sr. Wireless Firmware Engineer (Starlink Mobile),"Redmond, WA",2026-09-14_15-29-45
2026-09-14,NEW,Sr. Wireless Firmware Engineer (Starlink Mobile),"Palo Alto, CA",2026-09-14_15-29-45
2026-09-14,NEW,Sr. Wireless Software Engineer (Starlink),"Redmond, WA",2026-09-14_15-29-45
2026-09-14,NEW,Sr. Wireless Software Engineer (Starlink),"Palo Alto, CA",2026-09-14_15-29-45
2026-09-14,NEW,"Sr. Yield Engineer, RF Final Test Integration (Starlink/Akoustis)","Bastrop, TX",2026-09-14_15-29-45
2026-09-14,NEW,Starlink Account Lead (State & Local Government),"Hawthorne, CA",2026-09-14_15-29-45
2026-09-14,NEW,Starlink Account Manager (Canadian Federal),"Washington, DC",2026-09-14_15-29-45
2026-09-14,NEW,Starlink Account Manager (Canadian Federal),"Redmond, WA",2026-09-14_15-29-45
2026-09-14,NEW,Starlink Account Manager (State & Local Government),"Hawthorne, CA",2026-09-14_15-29-45
2026-09-14,NEW,Starlink Account Manager (State & Local Government),"Bastrop, TX",2026-09-14_15-29-45
2026-09-14,NEW,Starlink Account Manager (US Federal),"Hawthorne, CA",2026-09-14_15-29-45
2026-09-14,NEW,Starlink Account Manager (US Federal),"Washington, DC",2026-09-14_15-29-45
2026-09-14,NEW,Starlink Assembly Technician,"Redmond, WA",2026-09-14_15-29-45
2026-09-14,NEW,Starlink Aviation Integration Technician,"Woodinville, WA",2026-09-14_15-29-45
2026-09-14,NEW,Starlink Aviation Specialist,"Woodinville, WA",2026-09-14_15-29-45
2026-09-14,NEW,Starlink Communications Manager (Consumer Lifecycle),"Hawthorne, CA",2026-09-14_15-29-45
2026-09-14,NEW,Starlink Communications Manager (LatAm),"Bastrop, TX",2026-09-14_15-29-45
2026-09-14,NEW,Starlink Communications Manager (Multi-Region),"Bastrop, TX",2026-09-14_15-29-45
2026-09-14,NEW,Starlink Consumer Growth Strategy Lead (Demand Planning & Analysis),"Hawthorne, CA",2026-09-14_15-29-45
2026-09-14,NEW,Starlink Consumer Strategy Lead (Forecasting),"Hawthorne, CA",2026-09-14_15-29-45
2026-09-14,NEW,Starlink Crisis Response Lead,"Bastrop, TX",2026-09-14_15-29-45
2026-09-14,NEW,Starlink Customer Success Manager (Land Mobile),"Hawthorne, CA",2026-09-14_15-29-45
2026-09-14,NEW,Starlink Customer Success Manager (Land Mobile),"Bastrop, TX",2026-09-14_15-29-45
2026-09-14,NEW,Starlink Customer Success Manager (Land Mobile),"Redmond, WA",2026-09-14_15-29-45
2026-09-14,NEW,Starlink Customer Success Manager (Latam Backhaul),"Redmond, WA",2026-09-14_15-29-45
2026-09-14,NEW,Starlink Customer Success Manager (Latam Backhaul),"Hawthorne, CA",2026-09-14_15-29-45
2026-09-14,NEW,Starlink Customer Success Manager (Latam Backhaul),"Bastrop, TX",2026-09-14_15-29-45
2026-09-14,NEW,Starlink Customer Success Manager (Transit),"Redmond, WA",2026-09-14_15-29-45
2026-09-14,NEW,"Starlink Enterprise Account Director, Aviation","Woodinville, WA",2026-09-14_15-29-45
2026-09-14,NEW,"Starlink Enterprise Account Director, Aviation","Hawthorne, CA",2026-09-14_15-29-45
2026-09-14,NEW,"Starlink Enterprise Account Director, Aviation","Redmond, WA",2026-09-14_15-29-45
2026-09-14,NEW,"Starlink Enterprise Account Director, Aviation","Bastrop, TX",2026-09-14_15-29-45
2026-09-14,NEW,Starlink Enterprise Account Lead (Aviation),"Woodinville, WA",2026-09-14_15-29-45
2026-09-14,NEW,"Starlink Enterprise Account Lead, Latin America","Hawthorne, CA",2026-09-14_15-29-45
2026-09-14,NEW,Starlink Enterprise Account Manager (Channel Partners),"Bastrop, TX",2026-09-14_15-29-45
2026-09-14,NEW,Starlink Enterprise Account Manager (Channel Partners),"Redmond, WA",2026-09-14_15-29-45
2026-09-14,NEW,Starlink Enterprise Account Manager (Fixed-Site),"Hawthorne, CA",2026-09-14_15-29-45
2026-09-14,NEW,"Starlink Enterprise Account Manager, Latin America","Hawthorne, CA",2026-09-14_15-29-45
2026-09-14,NEW,Starlink Enterprise Account Manager (Retail),"Redmond, WA",2026-09-14_15-29-45
2026-09-14,NEW,Starlink Enterprise Account Specialist (Channel Partners),"Redmond, WA",2026-09-14_15-29-45
2026-09-14,NEW,Starlink Enterprise Sales Director (North America),"Bastrop, TX",2026-09-14_15-29-45
2026-09-14,NEW,"Starlink Enterprise Sales Director, SLED","Bastrop, TX",2026-09-14_15-29-45
2026-09-14,NEW,"Starlink Growth Lead, Midwest",Remote - OH,2026-09-14_15-29-45
2026-09-14,NEW,"Starlink Growth Lead, US Northeast",Remote - NY,2026-09-14_15-29-45
2026-09-14,NEW,"Starlink Growth Lead, US Northeast",Remote - PA,2026-09-14_15-29-45
2026-09-14,NEW,"Starlink Growth Lead, US South",Remote - TN,2026-09-14_15-29-45
2026-09-14,NEW,"Starlink Growth Lead, US South",Remote - TX,2026-09-14_15-29-45
2026-09-14,NEW,"Starlink Growth Lead, US South",Remote - NC,2026-09-14_15-29-45
2026-09-14,NEW,"Starlink Growth Lead, US West",Remote - CO,2026-09-14_15-29-45
2026-09-14,NEW,"Starlink Growth Lead, US West",Remote - CA,2026-09-14_15-29-45
2026-09-14,NEW,Starlink Operations Technician - Night Shift,"Bastrop, TX",2026-09-14_15-29-45
2026-09-14,NEW,Starlink Production Associate,"Bastrop, TX",2026-09-14_15-29-45
2026-09-14,NEW,Starlink Production Technician,"Redmond, WA",2026-09-14_15-29-45
2026-09-14,NEW,Starlink Production Technician - 2nd Shift,"Redmond, WA",2026-09-14_15-29-45
2026-09-14,NEW,Starlink Production Technician - Entry Level,"Redmond, WA",2026-09-14_15-29-45
2026-09-14,NEW,Starlink Production Technician - Machining,"Woodinville, WA",2026-09-14_15-29-45
2026-09-14,NEW,Starlink Production Technician - PCBA,"Redmond, WA",2026-09-14_15-29-45
2026-09-14,NEW,Starlink Production Technician - TWTA,"Redmond, WA",2026-09-14_15-29-45
2026-09-14,NEW,"Starlink Specialist, Tool and Die Machining","Bastrop, TX",2026-09-14_15-29-45
2026-09-14,NEW,"Starlink Specialist, Tool and Die Machining - 2nd Shift","Bastrop, TX",2026-09-14_15-29-45
2026-09-14,NEW,"Starship Engineer, FOD Control","Starbase, TX",2026-09-14_15-29-45
2026-09-14,NEW,Strategic Connectivity Manager (Starlink),"Bastrop, TX",2026-09-14_15-29-45
2026-09-14,NEW,Structural Analyst (Raptor Combustion Devices),"Hawthorne, CA",2026-09-14_15-29-45
2026-09-14,NEW,Structural Engineer (Critical Infrastructure),"Hawthorne, CA",2026-09-14_15-29-45
2026-09-14,NEW,"Structural Engineer, Launch Infrastructure (Starship)","Cape Canaveral, FL",2026-09-14_15-29-45
2026-09-14,NEW,"Structural Engineer, Launch Pad (Starship)","Starbase, TX",2026-09-14_15-29-45
2026-09-14,NEW,Structural Engineer (Starlink),"Bastrop, TX",2026-09-14_15-29-45
2026-09-14,NEW,Structural Engineer (Starship Infrastructure),"Starbase, TX",2026-09-14_15-29-45
2026-09-14,NEW,Structural Test Engineer (Starship),"Starbase, TX",2026-09-14_15-29-45
2026-09-14,NEW,"Structural Welder, Ground Support Equipment","Starbase, TX",2026-09-14_15-29-45
2026-09-14,NEW,"Structural Welder, Ground Support Equipment - Night Shift","Starbase, TX",2026-09-14_15-29-45
2026-09-14,NEW,"Structural Welder, Massey's Test Site - Night Shift","Starbase, TX",2026-09-14_15-29-45
2026-09-14,NEW,Structures Design Engineer (Starship),"Starbase, TX",2026-09-14_15-29-45
2026-09-14,NEW,"Structures Engineer, Build (Starship)","Starbase, TX",2026-09-14_15-29-45
2026-09-14,NEW,Structures Technician (Dragon),"Hawthorne, CA",2026-09-14_15-29-45
2026-09-14,NEW,Structures Technician (Falcon),"Hawthorne, CA",2026-09-14_15-29-45
2026-09-14,NEW,Structures Technician (Machining),"Hawthorne, CA",2026-09-14_15-29-45
2026-09-14,NEW,Structures Technician (Starship),"Hawthorne, CA",2026-09-14_15-29-45
2026-09-14,NEW,Structures Technician (Starship) - 2nd Shift,"Hawthorne, CA",2026-09-14_15-29-45
2026-09-14,NEW,Summer 2027 Business Operations Internship/Co-op,Flexible - Any SpaceX Site,2026-09-14_15-29-45
2026-09-14,NEW,Summer 2027 Civil Engineering Internship,Flexible - Any SpaceX Site,2026-09-14_15-29-45
2026-09-14,NEW,Summer 2027 Engineering Internship/Co-op,Flexible - Any SpaceX Site,2026-09-14_15-29-45
2026-09-14,NEW,Summer 2027 Graduate Engineer Internship/Co-op,Flexible - Any SpaceX Site,2026-09-14_15-29-45
2026-09-14,NEW,Summer 2027 Silicon Engineering Internship/Co-op,Flexible - Any SpaceX Site,2026-09-14_15-29-45
2026-09-14,NEW,Summer 2027 Software Engineering Internship/Co-op,Flexible - Any SpaceX Site,2026-09-14_15-29-45
2026-09-14,NEW,"Supervisor, Build & Integration","Bastrop, TX",2026-09-14_15-29-45
2026-09-14,NEW,"Supervisor, Critical Transport (Starship)","Starbase, TX",2026-09-14_15-29-45
2026-09-14,NEW,"Supervisor, Development Machining","Woodinville, WA",2026-09-14_15-29-45
2026-09-14,NEW,"Supervisor, Development Operations","Bastrop, TX",2026-09-14_15-29-45
2026-09-14,NEW,"Supervisor, Development (Starshield)","Hawthorne, CA",2026-09-14_15-29-45
2026-09-14,NEW,"Supervisor, Distribution Center - (Materials Management)","Hawthorne, CA",2026-09-14_15-29-45
2026-09-14,NEW,"Supervisor, Distribution Center - (Materials Management)","Hawthorne, CA",2026-09-14_15-29-45
2026-09-14,NEW,"Supervisor, Environmental Health & Safety (AI Supercomputer) - Memphis","Memphis, TN",2026-09-14_15-29-45
2026-09-14,NEW,"Supervisor, Equipment Maintenance - Silicon Assembly (Starlink)","Bastrop, TX",2026-09-14_15-29-45
2026-09-14,NEW,"Supervisor, Equipment Maintenance (Starship) - Night Shift","Starbase, TX",2026-09-14_15-29-45
2026-09-14,NEW,"Supervisor, Facilities - 2nd Shift","Hawthorne, CA",2026-09-14_15-29-45
2026-09-14,NEW,"Supervisor, Facilities Maintenance, Solar Cell Factory (Starlink)","Bastrop, TX",2026-09-14_15-29-45
2026-09-14,NEW,"Supervisor, Facilities (Starlink) - Split Shift","Bastrop, TX",2026-09-14_15-29-45
2026-09-14,NEW,"Supervisor, Fluids Fabrication Technicians","Starbase, TX",2026-09-14_15-29-45
2026-09-14,NEW,"Supervisor, Fulfillment Center - Materials Management","Hawthorne, CA",2026-09-14_15-29-45
2026-09-14,NEW,"Supervisor, Hardware Reliability","Bastrop, TX",2026-09-14_15-29-45
2026-09-14,NEW,"Supervisor, Heatshield Materials Management (Starship)","Starbase, TX",2026-09-14_15-29-45
2026-09-14,NEW,"Supervisor, Hospitality (Starbase)","Starbase, TX",2026-09-14_15-29-45
2026-09-14,NEW,"Supervisor, Machining & Fabrication","Bastrop, TX",2026-09-14_15-29-45
2026-09-14,NEW,"Supervisor, Machining & Fabrication (Starlink)","Bastrop, TX",2026-09-14_15-29-45
2026-09-14,NEW,"Supervisor, Machining (Starship Components) - 2nd Shift","Hawthorne, CA",2026-09-14_15-29-45
2026-09-14,NEW,"Supervisor, Materials Management (Starlink) - Night Shift","Bastrop, TX",2026-09-14_15-29-45
2026-09-14,NEW,"Supervisor, Materials Management (Starship) - Night Shift","Starbase, TX",2026-09-14_15-29-45
2026-09-14,NEW,"Supervisor, NDE Operations (Starship)","Starbase, TX",2026-09-14_15-29-45
2026-09-14,NEW,"Supervisor, NDE Operations (Starship)","Starbase, TX",2026-09-14_15-29-45
2026-09-14,NEW,"Supervisor, NDE Operations (Starship) - Nights","Starbase, TX",2026-09-14_15-29-45
2026-09-14,NEW,"Supervisor, Porter","Starbase, TX",2026-09-14_15-29-45
2026-09-14,NEW,"Supervisor, Porter","Bastrop, TX",2026-09-14_15-29-45
2026-09-14,NEW,"Supervisor, Production Scheduling (Starship)","Starbase, TX",2026-09-14_15-29-45
2026-09-14,NEW,"Supervisor, Production Scheduling (Tube Shop)","Hawthorne, CA",2026-09-14_15-29-45
2026-09-14,NEW,"Supervisor, Security","Starbase, TX",2026-09-14_15-29-45
2026-09-14,NEW,"Supervisor, Security - Memphis","Memphis, TN",2026-09-14_15-29-45
2026-09-14,NEW,"Supervisor, Security Protective Operations Center","Hawthorne, CA",2026-09-14_15-29-45
2026-09-14,NEW,"Supervisor, Spaceport Operations","Starbase, TX",2026-09-14_15-29-45
2026-09-14,NEW,"Supervisor, Starship Heatshield - Night Shift","Starbase, TX",2026-09-14_15-29-45
2026-09-14,NEW,"Supervisor, Test Operations (Starlink)","Redmond, WA",2026-09-14_15-29-45
2026-09-14,NEW,"Supervisor, Tool & Die - 2nd Shift","Bastrop, TX",2026-09-14_15-29-45
2026-09-14,NEW,"Supervisor, Welding (Starship) - Day Shift","Cape Canaveral, FL",2026-09-14_15-29-45
2026-09-14,NEW,"Supervisor, Welding (Starship) - Night Shift","Cape Canaveral, FL",2026-09-14_15-29-45
2026-09-14,NEW,"Supplier Development Engineer, Assembly Processes (Starlink)","Bastrop, TX",2026-09-14_15-29-45
2026-09-14,NEW,"Supplier Development Engineer, Automation & Controls (Starlink)","Bastrop, TX",2026-09-14_15-29-45
2026-09-14,NEW,"Supplier Development Engineer, Cables (Starlink)","Bastrop, TX",2026-09-14_15-29-45
2026-09-14,NEW,"Supplier Development Engineer, Electrical (Starlink Aviation)","Woodinville, WA",2026-09-14_15-29-45
2026-09-14,NEW,"Supplier Development Engineer, Hardware & Fasteners (Starship)","Hawthorne, CA",2026-09-14_15-29-45
2026-09-14,NEW,"Supplier Development Engineer, Harnessing (Starlink)","Redmond, WA",2026-09-14_15-29-45
2026-09-14,NEW,"Supplier Development Engineer, Harnessing (Starshield)","Hawthorne, CA",2026-09-14_15-29-45
2026-09-14,NEW,"Supplier Development Engineer, Manufacturing (Falcon & Dragon)","Hawthorne, CA",2026-09-14_15-29-45
2026-09-14,NEW,"Supplier Development Engineer, Manufacturing (Raptor)","Hawthorne, CA",2026-09-14_15-29-45
2026-09-14,NEW,"Supplier Development Engineer, Manufacturing (Starship)","Hawthorne, CA",2026-09-14_15-29-45
2026-09-14,NEW,"Supplier Development Engineer, Materials & Special Processes (Falcon & Dragon)","Hawthorne, CA",2026-09-14_15-29-45
2026-09-14,NEW,Supplier Development Engineer (Mechanical Engineering),"Starbase, TX",2026-09-14_15-29-45
2026-09-14,NEW,"Supplier Development Engineer, Mechanical (Falcon & Dragon)","Hawthorne, CA",2026-09-14_15-29-45
2026-09-14,NEW,"Supplier Development Engineer, Mechanical Metrology (Starlink)","Bastrop, TX",2026-09-14_15-29-45
2026-09-14,NEW,"Supplier Development Engineer, Mechanical (Starlink)","Bastrop, TX",2026-09-14_15-29-45
2026-09-14,NEW,"Supplier Development Engineer, Mechanical (Starlink Aviation)","Woodinville, WA",2026-09-14_15-29-45
2026-09-14,NEW,Supplier Development Engineer (PCB/PCBA),"Hawthorne, CA",2026-09-14_15-29-45
2026-09-14,NEW,"Supplier Development Engineer, PCB/PCBA (Starshield)","Hawthorne, CA",2026-09-14_15-29-45
2026-09-14,NEW,"Supplier Development Engineer, PCB (Starlink)","Bastrop, TX",2026-09-14_15-29-45
2026-09-14,NEW,"Supplier Development Engineer, PCB (Starlink)","Redmond, WA",2026-09-14_15-29-45
2026-09-14,NEW,"Supplier Development Engineer, Photovoltaics (Starlink)","Bastrop, TX",2026-09-14_15-29-45
2026-09-14,NEW,"Supplier Development Engineer, Power Electronics (Starlink)","Bastrop, TX",2026-09-14_15-29-45
2026-09-14,NEW,"Supplier Development Engineer, Reliability (Starlink)","Bastrop, TX",2026-09-14_15-29-45
2026-09-14,NEW,"Supplier Development Engineer, Routers (Starlink)","Bastrop, TX",2026-09-14_15-29-45
2026-09-14,NEW,"Supplier Development Engineer, Silicon (Starlink)","Bastrop, TX",2026-09-14_15-29-45
2026-09-14,NEW,"Supplier Development Engineer, Supply Chain (Launch Site)","Cape Canaveral, FL",2026-09-14_15-29-45
2026-09-14,NEW,"Supplier Industrialization Engineer, PCB (Starlink)","Redmond, WA",2026-09-14_15-29-45
2026-09-14,NEW,Supplier Quality Specialist (Starlink),"Redmond, WA",2026-09-14_15-29-45
2026-09-14,NEW,Supplier Quality Specialist (Starlink Aviation),"Woodinville, WA",2026-09-14_15-29-45
2026-09-14,NEW,Supplier Quality Specialist (Starshield),"Hawthorne, CA",2026-09-14_15-29-45
2026-09-14,NEW,"Supply Chain Engineer, PCB (Starlink)","Redmond, WA",2026-09-14_15-29-45
2026-09-14,NEW,"Supply Chain Planner (Falcon, Dragon, & Starfall)","Hawthorne, CA",2026-09-14_15-29-45
2026-09-14,NEW,"Supply Chain Planner, Gateway and Solar (Starlink)","Bastrop, TX",2026-09-14_15-29-45
2026-09-14,NEW,"Supply Chain Planner, PCB (Starlink)","Bastrop, TX",2026-09-14_15-29-45
2026-09-14,NEW,Supply Chain Planner (Starlink Aviation),"Woodinville, WA",2026-09-14_15-29-45
2026-09-14,NEW,"Supply Chain Planner, xAI (Starlink)","Bastrop, TX",2026-09-14_15-29-45
2026-09-14,NEW,"Supply Chain Planning Manager (Falcon, Dragon, & Starfall)","Hawthorne, CA",2026-09-14_15-29-45
2026-09-14,NEW,Supply Chain Planning Manager (Launch Vehicle Electronic Systems),"Hawthorne, CA",2026-09-14_15-29-45
2026-09-14,NEW,Supply Chain Planning Manager (Raptor),"Hawthorne, CA",2026-09-14_15-29-45
2026-09-14,NEW,Supply Chain Planning Manager (Starship),"Starbase, TX",2026-09-14_15-29-45
2026-09-14,NEW,"Supply Chain Planning Manager, xAI (Starlink)","Bastrop, TX",2026-09-14_15-29-45
2026-09-14,NEW,Supply Chain Reliability Engineer,"Hawthorne, CA",2026-09-14_15-29-45
2026-09-14,NEW,Supply Chain Systems Analyst (Launch),"Cape Canaveral, FL",2026-09-14_15-29-45
2026-09-14,NEW,Support Technician,"Starbase, TX",2026-09-14_15-29-45
2026-09-14,NEW,Support Technician (Starship) - Temporary,"Starbase, TX",2026-09-14_15-29-45
2026-09-14,NEW,Surveillance Operator,"Starbase, TX",2026-09-14_15-29-45
2026-09-14,NEW,"Systems Analyst, Supply Chain (Starlink)","Bastrop, TX",2026-09-14_15-29-45
2026-09-14,NEW,Talent Sourcer - Temporary,"Redmond, WA",2026-09-14_15-29-45
2026-09-14,NEW,Talent Sourcer - Temporary,"Palo Alto, CA",2026-09-14_15-29-45
2026-09-14,NEW,Talent Sourcer - Temporary,"Bastrop, TX",2026-09-14_15-29-45
2026-09-14,NEW,Talent Sourcer - Temporary,"Starbase, TX",2026-09-14_15-29-45
2026-09-14,NEW,Talent Sourcer - Temporary,"McGregor, TX",2026-09-14_15-29-45
2026-09-14,NEW,Tax Analyst,"Hawthorne, CA",2026-09-14_15-29-45
2026-09-14,NEW,"Tax Analyst, International","Hawthorne, CA",2026-09-14_15-29-45
2026-09-14,NEW,Tax Manager,"Hawthorne, CA",2026-09-14_15-29-45
2026-09-14,NEW,"Tax Manager, Credits & Incentives","Hawthorne, CA",2026-09-14_15-29-45
2026-09-14,NEW,Technical Account Manager,"Austin, TX",2026-09-14_15-29-45
2026-09-14,NEW,"Technical Operations Engineer, Customer Success (Starlink)","Redmond, WA",2026-09-14_15-29-45
2026-09-14,NEW,"Technical Operations Engineer, Customer Success (Starlink)","Bastrop, TX",2026-09-14_15-29-45
2026-09-14,NEW,Technical Recruiter,"Cape Canaveral, FL",2026-09-14_15-29-45
2026-09-14,NEW,Technical Recruiter,"Hawthorne, CA",2026-09-14_15-29-45
2026-09-14,NEW,Technical Recruiter (Bastrop),"Bastrop, TX",2026-09-14_15-29-45
2026-09-14,NEW,Technical Recruiter (McGregor),"McGregor, TX",2026-09-14_15-29-45
2026-09-14,NEW,Technical Recruiter (Palo Alto),"Palo Alto, CA",2026-09-14_15-29-45
2026-09-14,NEW,Technical Recruiter (Redmond),"Redmond, WA",2026-09-14_15-29-45
2026-09-14,NEW,Technical Recruiter (Starbase),"Starbase, TX",2026-09-14_15-29-45
2026-09-14,NEW,Technical Satellite Policy Analyst,"Washington, DC",2026-09-14_15-29-45
2026-09-14,NEW,Technical Site Planning Manager,"Bastrop, TX",2026-09-14_15-29-45
2026-09-14,NEW,"Technical Trainer, CNC Machining (Starship Components)","Hawthorne, CA",2026-09-14_15-29-45
2026-09-14,NEW,Technical Training Specialist (Starlink),"Bastrop, TX",2026-09-14_15-29-45
2026-09-14,NEW,Telecommunications Engineer,"Starbase, TX",2026-09-14_15-29-45
2026-09-14,NEW,Telecommunications Engineer (BICSI RCDD Certified),"Hawthorne, CA",2026-09-14_15-29-45
2026-09-14,NEW,Telecommunications Specialist,"McGregor, TX",2026-09-14_15-29-45
2026-09-14,NEW,Telecommunications Technician,"Cape Canaveral, FL",2026-09-14_15-29-45
2026-09-14,NEW,Telecommunications Technician,"McGregor, TX",2026-09-14_15-29-45
2026-09-14,NEW,"Test Engineer, Avionics (Starship)","Starbase, TX",2026-09-14_15-29-45
2026-09-14,NEW,Test Engineer (Avionics Test Lab),"Hawthorne, CA",2026-09-14_15-29-45
2026-09-14,NEW,Test Engineer (Dragon),"McGregor, TX",2026-09-14_15-29-45
2026-09-14,NEW,Test Engineer (Dragon),"Cape Canaveral, FL",2026-09-14_15-29-45
2026-09-14,NEW,"Test Engineer - Electric Propulsion, Satellites (Starlink)","Redmond, WA",2026-09-14_15-29-45
2026-09-14,NEW,Test Engineer (Falcon Test),"McGregor, TX",2026-09-14_15-29-45
2026-09-14,NEW,"Test Engineer, Oxygen","McGregor, TX",2026-09-14_15-29-45
2026-09-14,NEW,"Test Engineer, Powertrain Components (Starship)","Hawthorne, CA",2026-09-14_15-29-45
2026-09-14,NEW,"Test Engineer, Propulsion Components (Starship)","Hawthorne, CA",2026-09-14_15-29-45
2026-09-14,NEW,Test Engineer (Starship),"Starbase, TX",2026-09-14_15-29-45
2026-09-14,NEW,Test Engineer (Starship Development),"McGregor, TX",2026-09-14_15-29-45
2026-09-14,NEW,"Test Specialist - Antenna Lab, Satellites (Starlink)","Redmond, WA",2026-09-14_15-29-45
2026-09-14,NEW,"Test Specialist, Avionics (Starshield)","Hawthorne, CA",2026-09-14_15-29-45
2026-09-14,NEW,"Test Specialist, Components (Starshield)","Hawthorne, CA",2026-09-14_15-29-45
2026-09-14,NEW,Test Specialist (Composites),"Hawthorne, CA",2026-09-14_15-29-45
2026-09-14,NEW,"Test Specialist, Factory Automation (Starlink)","Redmond, WA",2026-09-14_15-29-45
2026-09-14,NEW,"Test Specialist - Hardware in the Loop, Satellites (Starlink)","Woodinville, WA",2026-09-14_15-29-45
2026-09-14,NEW,Test Specialist - Multiple Shifts (Components),"Hawthorne, CA",2026-09-14_15-29-45
2026-09-14,NEW,"Test Specialist, Production Checkouts (Starship)","Starbase, TX",2026-09-14_15-29-45
2026-09-14,NEW,Test Specialist (Starlink) - 2nd Shift,"Redmond, WA",2026-09-14_15-29-45
2026-09-14,NEW,Test Specialist (Starlink Aviation),"Woodinville, WA",2026-09-14_15-29-45
2026-09-14,NEW,Test Specialist Supervisor (Starship),"Starbase, TX",2026-09-14_15-29-45
2026-09-14,NEW,Test Stand Design & Build Engineer (Structures/Fluid Systems),"McGregor, TX",2026-09-14_15-29-45
2026-09-14,NEW,Test Stand Maintenance Technician,"McGregor, TX",2026-09-14_15-29-45
2026-09-14,NEW,Test Stand Maintenance Technician - 2nd Shift,"McGregor, TX",2026-09-14_15-29-45
2026-09-14,NEW,Test Technician (Falcon),"Hawthorne, CA",2026-09-14_15-29-45
2026-09-14,NEW,"Test Technician, Hardware-in-the-Loop (Starlink)","Woodinville, WA",2026-09-14_15-29-45
2026-09-14,NEW,"Test Technician, Silicon Assembly (Starlink)","Bastrop, TX",2026-09-14_15-29-45
2026-09-14,NEW,Test Technician (Starlink),"Redmond, WA",2026-09-14_15-29-45
2026-09-14,NEW,Test Technician (Starlink),"Redmond, WA",2026-09-14_15-29-45
2026-09-14,NEW,Test Technician (Starlink Aviation),"Woodinville, WA",2026-09-14_15-29-45
2026-09-14,NEW,Thermal Control and Life Support Hardware Engineer (Crew Starship),"Starbase, TX",2026-09-14_15-29-45
2026-09-14,NEW,"Thermal Development Technician, Robotic Welding (Starship)","Starbase, TX",2026-09-14_15-29-45
2026-09-14,NEW,Thermal Development Technician (Starship),"Cape Canaveral, FL",2026-09-14_15-29-45
2026-09-14,NEW,Thermal Development Technician (Starship),"Starbase, TX",2026-09-14_15-29-45
2026-09-14,NEW,Thermal Development Technician (Starship) - Temporary,"Starbase, TX",2026-09-14_15-29-45
2026-09-14,NEW,"Thermal Engineer, AI Satellites (Starmind)","Bastrop, TX",2026-09-14_15-29-45
2026-09-14,NEW,"Thermal Engineer (Falcon, Dragon, & Starfall)","Hawthorne, CA",2026-09-14_15-29-45
2026-09-14,NEW,"Thermal Engineer, Satellites (Starlink)","Redmond, WA",2026-09-14_15-29-45
2026-09-14,NEW,Thermal Engineer (Starlink),"Bastrop, TX",2026-09-14_15-29-45
2026-09-14,NEW,"Thermal Engineer, Thermal & Fluid Analysis (Starship)","Starbase, TX",2026-09-14_15-29-45
2026-09-14,NEW,Thermal Hardware Engineer (Starship Heat Shield),"Cape Canaveral, FL",2026-09-14_15-29-45
2026-09-14,NEW,"Thermal Mechanical Test Engineer, Silicon Packaging (Starlink)","Bastrop, TX",2026-09-14_15-29-45
2026-09-14,NEW,"TIG Welder, Chamber and Nozzle (Raptor)","Hawthorne, CA",2026-09-14_15-29-45
2026-09-14,NEW,"TIG Welder, Chamber and Nozzle (Raptor) - 2nd Shift","Hawthorne, CA",2026-09-14_15-29-45
2026-09-14,NEW,"TIG Welder, Combustion Devices (RAPTOR)","Hawthorne, CA",2026-09-14_15-29-45
2026-09-14,NEW,TIG Welder (Falcon),"Hawthorne, CA",2026-09-14_15-29-45
2026-09-14,NEW,"TIG Welder, Heatshield (Starship)","Starbase, TX",2026-09-14_15-29-45
2026-09-14,NEW,TIG Welder (Starship),"Hawthorne, CA",2026-09-14_15-29-45
2026-09-14,NEW,TIG Welder (Starship),"Starbase, TX",2026-09-14_15-29-45
2026-09-14,NEW,TIG Welder (Starship) - 2nd Shift,"Hawthorne, CA",2026-09-14_15-29-45
2026-09-14,NEW,TIG Welder (Starship Components) - 2nd Shift,"Hawthorne, CA",2026-09-14_15-29-45
2026-09-14,NEW,TIG Welder (Starship) - Level 4/5,"Hawthorne, CA",2026-09-14_15-29-45
2026-09-14,NEW,TIG Welder (Starship) - Level 4/5,"Starbase, TX",2026-09-14_15-29-45
2026-09-14,NEW,Tool & Die Specialist - 2nd Shift,"Bastrop, TX",2026-09-14_15-29-45
2026-09-14,NEW,Tool & Die Specialist - Level 4/5 (2nd Shift),"Bastrop, TX",2026-09-14_15-29-45
2026-09-14,NEW,"Tooling Engineer, AI Satellites (Starmind)","Bastrop, TX",2026-09-14_15-29-45
2026-09-14,NEW,Tooling Inspector (Starship) - Level 4/5,"Hawthorne, CA",2026-09-14_15-29-45
2026-09-14,NEW,"Toolmaker, R&D (Raptor)","Hawthorne, CA",2026-09-14_15-29-45
2026-09-14,NEW,"Trader, Natural Gas (Supply Chain)","Starbase, TX",2026-09-14_15-29-45
2026-09-14,NEW,"Trader, Natural Gas (Supply Chain)","Cape Canaveral, FL",2026-09-14_15-29-45
2026-09-14,NEW,Trajectory Analysis Engineer (Starship),"Starbase, TX",2026-09-14_15-29-45
2026-09-14,NEW,Transport Technician,"Hawthorne, CA",2026-09-14_15-29-45
2026-09-14,NEW,Transport Technician,"McGregor, TX",2026-09-14_15-29-45
2026-09-14,NEW,Transport Technician,"McGregor, TX",2026-09-14_15-29-45
2026-09-14,NEW,Treasury Analyst,"Hawthorne, CA",2026-09-14_15-29-45
2026-09-14,NEW,Tube Bender (Starship),"Starbase, TX",2026-09-14_15-29-45
2026-09-14,NEW,Turbomachinery Engineer (Raptor),"Hawthorne, CA",2026-09-14_15-29-45
2026-09-14,NEW,Video & Voice Administrator,"Cape Canaveral, FL",2026-09-14_15-29-45
2026-09-14,NEW,Video & Voice Administrator,"Starbase, TX",2026-09-14_15-29-45
2026-09-14,NEW,Video & Voice Systems Administrator,"Memphis, TN",2026-09-14_15-29-45
2026-09-14,NEW,Warehouse Associate (Starlink),"Bastrop, TX",2026-09-14_15-29-45
2026-09-14,NEW,Wastewater Treatment Supervisor (Starlink),"Bastrop, TX",2026-09-14_15-29-45
2026-09-14,NEW,"Water Treatment Engineer, Solar Cell Factory (Starlink)","Bastrop, TX",2026-09-14_15-29-45
2026-09-14,NEW,Water Treatment Engineer (Starlink),"Bastrop, TX",2026-09-14_15-29-45
2026-09-14,NEW,"Water Treatment Specialist, UPW & Wastewater (Starlink)","Bastrop, TX",2026-09-14_15-29-45
2026-09-14,NEW,"Water Treatment Technician, UPW & Wastewater (Starlink)","Bastrop, TX",2026-09-14_15-29-45
2026-09-14,NEW,Welder,"McGregor, TX",2026-09-14_15-29-45
2026-09-14,NEW,Welder - 2nd Shift,"McGregor, TX",2026-09-14_15-29-45
2026-09-14,NEW,"Welder, Starship Launch Pad","Cape Canaveral, FL",2026-09-14_15-29-45
2026-09-14,NEW,Welder (Starship) - Night Shift,"Starbase, TX",2026-09-14_15-29-45
2026-09-14,NEW,Welder (Starship) – Temporary,"Starbase, TX",2026-09-14_15-29-45
2026-09-14,NEW,"Welding Automation Engineer, Chamber and Nozzle (Raptor)","Hawthorne, CA",2026-09-14_15-29-45
2026-09-14,NEW,Welding Build Engineer (Starship),"Starbase, TX",2026-09-14_15-29-45
2026-09-14,NEW,Welding Engineer,"Hawthorne, CA",2026-09-14_15-29-45
2026-09-14,NEW,Welding Engineer (Starship),"Starbase, TX",2026-09-14_15-29-45
2026-09-14,NEW,Welding Inspector Specialist (Night Shift),"Starbase, TX",2026-09-14_15-29-45
2026-09-14,NEW,Welding Supervisor (Starship Mechanisms),"Hawthorne, CA",2026-09-14_15-29-45
2026-09-14,NEW,Welding Supervisor (Super Heavy Booster),"Hawthorne, CA",2026-09-14_15-29-45
2026-09-14,NEW,"Welding Technical Trainer, GTAW (Starship)","Starbase, TX",2026-09-14_15-29-45
2026-09-14,NEW,Weld Support Technician,"McGregor, TX",2026-09-14_15-29-45
2026-09-14,NEW,Weld Support Technician - 2nd Shift,"McGregor, TX",2026-09-14_15-29-45
2026-09-14,NEW,"Wi-Fi Engineer, Hardware Reliability (Starlink)","Bastrop, TX",2026-09-14_15-29-45
2026-09-14,NEW,Wi-Fi Software Engineer (Starlink),"Palo Alto, CA",2026-09-14_15-29-45
2026-09-14,NEW,Wi-Fi Software Engineer (Starlink),"Bastrop, TX",2026-09-14_15-29-45
2026-09-14,NEW,Wireless Firmware Engineer (Starlink Mobile),"Palo Alto, CA",2026-09-14_15-29-45
2026-09-14,NEW,Wireless Firmware Engineer (Starlink Mobile),"Redmond, WA",2026-09-14_15-29-45
2026-09-14,NEW,Wireless Software Engineer (Starlink),"Redmond, WA",2026-09-14_15-29-45
2026-09-14,NEW,Wireless Software Engineer (Starlink),"Palo Alto, CA",2026-09-14_15-29-45
2026-09-14,NEW,Wireless Systems Engineer (Starlink Mobile),"Sunnyvale, CA",2026-09-14_15-29-45
2026-09-14,NEW,Workplace Technician,"Hawthorne, CA",2026-09-14_15-29-45
2026-09-14,NEW,"Yield Engineer, RF Final Test Integration (Starlink/Akoustis)","Bastrop, TX",2026-09-14_15-29-45
