id,title,location,company,department,link,requisition_id,first_published,updated_at,scrape_timestamp
8663938002,"Accountant, Revenue","Palo Alto, CA",SpaceX,Corporate - Finance & Accounting,https://boards.greenhouse.io/spacex/jobs/8663938002?gh_jid=8663938002,6459771002,2026-08-04T11:02:52-04:00,2026-09-01T19:48:33-04:00,2026-09-04_16-24-07
8523414002,"Accountant, Revenue","Hawthorne, CA",SpaceX,Corporate - Finance & Accounting,https://boards.greenhouse.io/spacex/jobs/8523414002?gh_jid=8523414002,6404265002,2026-04-24T19:09:52-04:00,2026-09-01T19:48:33-04:00,2026-09-04_16-24-07
8577633002,"Accountant, Revenue","Hawthorne, CA",SpaceX,Corporate - Finance & Accounting,https://boards.greenhouse.io/spacex/jobs/8577633002?gh_jid=8577633002,6404265002,2026-06-03T15:58:22-04:00,2026-09-01T19:48:33-04:00,2026-09-04_16-24-07
8748512002,"Accounting Manager, Revenue","Palo Alto, CA",SpaceX,Corporate - Finance & Accounting,https://boards.greenhouse.io/spacex/jobs/8748512002?gh_jid=8748512002,6498882002,2026-08-27T11:39:02-04:00,2026-09-01T19:48:33-04:00,2026-09-04_16-24-07
8585061002,"Account Lead, Starlink Strategic Connectivity","Hawthorne, CA",SpaceX,Corporate - Sales & Business Operations,https://boards.greenhouse.io/spacex/jobs/8585061002?gh_jid=8585061002,6429086002,2026-06-09T21:01:44-04:00,2026-09-01T19:48:33-04:00,2026-09-04_16-24-07
8594962002,"Account Lead, Starlink Strategic Connectivity","Bastrop, TX",SpaceX,Corporate - Sales & Business Operations,https://boards.greenhouse.io/spacex/jobs/8594962002?gh_jid=8594962002,6429086002,2026-06-16T17:52:45-04:00,2026-09-01T19:48:33-04:00,2026-09-04_16-24-07
8495870002,"Account Manager, Starlink Strategic Connectivity","Hawthorne, CA",SpaceX,Corporate - Sales & Business Operations,https://boards.greenhouse.io/spacex/jobs/8495870002?gh_jid=8495870002,6393565002,2026-04-07T23:36:06-04:00,2026-09-01T19:48:33-04:00,2026-09-04_16-24-07
8495838002,"Account Manager, Starlink Strategic Connectivity","Bastrop, TX",SpaceX,Corporate - Sales & Business Operations,https://boards.greenhouse.io/spacex/jobs/8495838002?gh_jid=8495838002,6393553002,2026-04-07T23:35:33-04:00,2026-09-01T19:48:33-04:00,2026-09-04_16-24-07
8762056002,Accounts Payable Specialist,"Hawthorne, CA",SpaceX,Corporate - Finance & Accounting,https://boards.greenhouse.io/spacex/jobs/8762056002?gh_jid=8762056002,6505138002,2026-09-01T17:54:40-04:00,2026-09-01T19:48:33-04:00,2026-09-04_16-24-07
8476089002,"Account Specialist, Starlink Enterprise Account Management (Aviation)","Woodinville, WA",SpaceX,Corporate - Sales & Business Operations,https://boards.greenhouse.io/spacex/jobs/8476089002?gh_jid=8476089002,6385652002,2026-03-23T20:08:26-04:00,2026-09-01T19:48:33-04:00,2026-09-04_16-24-07
8694545002,Additive Manufacturing Specialist (Starlink Development),"Bastrop, TX",SpaceX,Manufacturing - Other Manufacturing,https://boards.greenhouse.io/spacex/jobs/8694545002?gh_jid=8694545002,6473966002,2026-08-19T13:45:36-04:00,2026-09-01T19:48:33-04:00,2026-09-04_16-24-07
8484090002,Additive Technician (Raptor),"Hawthorne, CA",SpaceX,Manufacturing - Assembly & Integration,https://boards.greenhouse.io/spacex/jobs/8484090002?gh_jid=8484090002,6388733002,2026-03-30T15:41:16-04:00,2026-09-01T19:48:33-04:00,2026-09-04_16-24-07
8558715002,Aerodynamics Engineer (Starship),"Starbase, TX",SpaceX,Engineering - Aerospace & Mechanical,https://boards.greenhouse.io/spacex/jobs/8558715002?gh_jid=8558715002,6418703002,2026-05-25T00:05:06-04:00,2026-09-01T19:48:33-04:00,2026-09-04_16-24-07
8557219002,"AI Engineer, Special Programs - Top Secret Clearance","Washington, DC",SpaceX,Engineering - Software & Analytics,https://boards.greenhouse.io/spacex/jobs/8557219002?gh_jid=8557219002,6418012002,2026-05-21T16:06:27-04:00,2026-09-01T19:48:33-04:00,2026-09-04_16-24-07
8557073002,"AI Engineer, Special Programs - Top Secret Clearance","Palo Alto, CA",SpaceX,Engineering - Software & Analytics,https://boards.greenhouse.io/spacex/jobs/8557073002?gh_jid=8557073002,6418012002,2026-05-21T16:06:22-04:00,2026-09-01T19:48:33-04:00,2026-09-04_16-24-07
8782424002,AI Security Software Engineer (Starshield),"Washington, DC",SpaceX,Engineering - Security,https://boards.greenhouse.io/spacex/jobs/8782424002?gh_jid=8782424002,6513433002,2026-09-03T19:14:13-04:00,2026-09-03T19:14:13-04:00,2026-09-04_16-24-07
8782397002,AI Security Software Engineer (Starshield),"Hawthorne, CA",SpaceX,Engineering - Security,https://boards.greenhouse.io/spacex/jobs/8782397002?gh_jid=8782397002,6513433002,2026-09-03T19:14:16-04:00,2026-09-03T19:14:16-04:00,2026-09-04_16-24-07
8559015002,AI Software Engineer (Vehicle Engineering),"Hawthorne, CA",SpaceX,Engineering - Software & Analytics,https://boards.greenhouse.io/spacex/jobs/8559015002?gh_jid=8559015002,6418844002,2026-05-20T20:30:34-04:00,2026-09-01T19:48:33-04:00,2026-09-04_16-24-07
8742411002,AMS Verification Engineer (RFIC Engineering),"Irvine, CA",SpaceX,Engineering - Silicon,https://boards.greenhouse.io/spacex/jobs/8742411002?gh_jid=8742411002,6495949002,2026-08-24T11:57:32-04:00,2026-09-01T19:48:33-04:00,2026-09-04_16-24-07
8742211002,AMS Verification Engineer (RFIC Engineering),"Redmond, WA",SpaceX,Engineering - Silicon,https://boards.greenhouse.io/spacex/jobs/8742211002?gh_jid=8742211002,6495949002,2026-08-24T11:49:05-04:00,2026-09-01T19:48:33-04:00,2026-09-04_16-24-07
8692102002,Antenna Engineer - Parabolic & Waveguide (Starlink),"Redmond, WA",SpaceX,Engineering - Electrical,https://boards.greenhouse.io/spacex/jobs/8692102002?gh_jid=8692102002,6472900002,2026-08-11T17:57:56-04:00,2026-09-01T19:48:33-04:00,2026-09-04_16-24-07
8692241002,"Antenna Engineer, Satellites (Starlink)","Redmond, WA",SpaceX,Engineering - Electrical,https://boards.greenhouse.io/spacex/jobs/8692241002?gh_jid=8692241002,6472938002,2026-08-11T17:57:17-04:00,2026-09-01T19:48:33-04:00,2026-09-04_16-24-07
8621989002,Antenna Engineer (Starlink),"Bastrop, TX",SpaceX,Engineering - Electrical,https://boards.greenhouse.io/spacex/jobs/8621989002?gh_jid=8621989002,6443268002,2026-07-09T18:09:05-04:00,2026-09-01T19:48:33-04:00,2026-09-04_16-24-07
8587170002,Antenna Engineer (Starlink Mobile),"Redmond, WA",SpaceX,Engineering - Electrical,https://boards.greenhouse.io/spacex/jobs/8587170002?gh_jid=8587170002,6429832002,2026-06-15T15:37:39-04:00,2026-09-01T19:48:33-04:00,2026-09-04_16-24-07
8533338002,Antenna Engineer (Starship),"Hawthorne, CA",SpaceX,Engineering - Electrical,https://boards.greenhouse.io/spacex/jobs/8533338002?gh_jid=8533338002,6407901002,2026-05-01T14:51:55-04:00,2026-09-01T19:48:33-04:00,2026-09-04_16-24-07
8675909002,Application Software Engineer,"Hawthorne, CA",SpaceX,Engineering - Software & Analytics,https://boards.greenhouse.io/spacex/jobs/8675909002?gh_jid=8675909002,6465522002,2026-08-04T21:35:15-04:00,2026-09-01T19:48:33-04:00,2026-09-04_16-24-07
8611118002,Application Software Engineer,"Starbase, TX",SpaceX,Engineering - Software & Analytics,https://boards.greenhouse.io/spacex/jobs/8611118002?gh_jid=8611118002,6439218002,2026-06-26T19:48:31-04:00,2026-09-01T19:48:33-04:00,2026-09-04_16-24-07
8494240002,Application Software Engineer,"Bastrop, TX",SpaceX,Engineering - Software & Analytics,https://boards.greenhouse.io/spacex/jobs/8494240002?gh_jid=8494240002,6392881002,2026-04-06T12:59:05-04:00,2026-09-01T19:48:33-04:00,2026-09-04_16-24-07
8611189002,Application Software Engineer,"Palo Alto, CA",SpaceX,Engineering - Software & Analytics,https://boards.greenhouse.io/spacex/jobs/8611189002?gh_jid=8611189002,6439254002,2026-06-26T19:50:20-04:00,2026-09-01T19:48:33-04:00,2026-09-04_16-24-07
8611191002,Application Software Engineer,"Memphis, TN",SpaceX,Engineering - Software & Analytics,https://boards.greenhouse.io/spacex/jobs/8611191002?gh_jid=8611191002,6439255002,2026-06-26T19:50:33-04:00,2026-09-01T19:48:33-04:00,2026-09-04_16-24-07
8643772002,Application Software Engineer,"Cape Canaveral, FL",SpaceX,Engineering - Software & Analytics,https://boards.greenhouse.io/spacex/jobs/8643772002?gh_jid=8643772002,6452071002,2026-07-21T20:56:17-04:00,2026-09-01T19:48:33-04:00,2026-09-04_16-24-07
8696154002,Application Software Engineer,"Redmond, WA",SpaceX,Engineering - Software & Analytics,https://boards.greenhouse.io/spacex/jobs/8696154002?gh_jid=8696154002,6474720002,2026-08-11T13:29:55-04:00,2026-09-01T19:48:33-04:00,2026-09-04_16-24-07
8658738002,"Application Software Engineer, Applied AI","Starbase, TX",SpaceX,Engineering - Software & Analytics,https://boards.greenhouse.io/spacex/jobs/8658738002?gh_jid=8658738002,6457469002,2026-07-30T19:49:29-04:00,2026-09-01T19:48:33-04:00,2026-09-04_16-24-07
8658744002,"Application Software Engineer, Applied AI","Redmond, WA",SpaceX,Engineering - Software & Analytics,https://boards.greenhouse.io/spacex/jobs/8658744002?gh_jid=8658744002,6457469002,2026-07-30T19:49:33-04:00,2026-09-01T19:48:33-04:00,2026-09-04_16-24-07
8658743002,"Application Software Engineer, Applied AI","Cape Canaveral, FL",SpaceX,Engineering - Software & Analytics,https://boards.greenhouse.io/spacex/jobs/8658743002?gh_jid=8658743002,6457469002,2026-07-30T19:49:31-04:00,2026-09-01T19:48:33-04:00,2026-09-04_16-24-07
8658742002,"Application Software Engineer, Applied AI","Vandenberg, CA",SpaceX,Engineering - Software & Analytics,https://boards.greenhouse.io/spacex/jobs/8658742002?gh_jid=8658742002,6457469002,2026-07-30T19:49:30-04:00,2026-09-01T19:48:33-04:00,2026-09-04_16-24-07
8658740002,"Application Software Engineer, Applied AI","McGregor, TX",SpaceX,Engineering - Software & Analytics,https://boards.greenhouse.io/spacex/jobs/8658740002?gh_jid=8658740002,6457469002,2026-07-30T19:49:29-04:00,2026-09-01T19:48:33-04:00,2026-09-04_16-24-07
8658737002,"Application Software Engineer, Applied AI","Bastrop, TX",SpaceX,Engineering - Software & Analytics,https://boards.greenhouse.io/spacex/jobs/8658737002?gh_jid=8658737002,6457469002,2026-07-30T19:49:28-04:00,2026-09-01T19:48:33-04:00,2026-09-04_16-24-07
8658628002,"Application Software Engineer, Applied AI","Hawthorne, CA",SpaceX,Engineering - Software & Analytics,https://boards.greenhouse.io/spacex/jobs/8658628002?gh_jid=8658628002,6457469002,2026-07-30T19:49:28-04:00,2026-09-01T19:48:33-04:00,2026-09-04_16-24-07
8632106002,"Application Software Engineer, Employee Experience","Starbase, TX",SpaceX,Engineering - Software & Analytics,https://boards.greenhouse.io/spacex/jobs/8632106002?gh_jid=8632106002,6439218002,2026-07-13T17:35:13-04:00,2026-09-01T19:48:33-04:00,2026-09-04_16-24-07
8600012002,"Application Software Engineer, Manufacturing Systems","Bastrop, TX",SpaceX,Engineering - Software & Analytics,https://boards.greenhouse.io/spacex/jobs/8600012002?gh_jid=8600012002,6392881002,2026-06-18T18:50:37-04:00,2026-09-01T19:48:33-04:00,2026-09-04_16-24-07
8676188002,Apprentice Controls Technician,"McGregor, TX",SpaceX,Manufacturing - Automation & Controls and Maintenance,https://boards.greenhouse.io/spacex/jobs/8676188002?gh_jid=8676188002,6465650002,2026-08-25T17:30:43-04:00,2026-09-01T19:48:33-04:00,2026-09-04_16-24-07
8683682002,Apprentice Controls Technician - 2nd Shift,"McGregor, TX",SpaceX,Manufacturing - Automation & Controls and Maintenance,https://boards.greenhouse.io/spacex/jobs/8683682002?gh_jid=8683682002,6469189002,2026-08-05T12:53:47-04:00,2026-09-02T18:07:52-04:00,2026-09-04_16-24-07
8685947002,Apprentice Fabrication Technician - 2nd Shift,"McGregor, TX",SpaceX,Manufacturing - Assembly & Integration,https://boards.greenhouse.io/spacex/jobs/8685947002?gh_jid=8685947002,6470167002,2026-08-05T17:29:31-04:00,2026-09-02T12:58:01-04:00,2026-09-04_16-24-07
8516568002,Apprentice Weld Support Technician,"McGregor, TX",SpaceX,Manufacturing - Welding,https://boards.greenhouse.io/spacex/jobs/8516568002?gh_jid=8516568002,6401985002,2026-04-21T10:40:42-04:00,2026-09-01T19:48:33-04:00,2026-09-04_16-24-07
8616347002,Architectural Designer,"Hawthorne, CA",SpaceX,Operations - Construction,https://boards.greenhouse.io/spacex/jobs/8616347002?gh_jid=8616347002,6441257002,2026-07-01T16:28:07-04:00,2026-09-01T19:48:33-04:00,2026-09-04_16-24-07
8653639002,Architectural Project Manager,"McGregor, TX",SpaceX,Operations - Construction,https://boards.greenhouse.io/spacex/jobs/8653639002?gh_jid=8653639002,6455934002,2026-07-30T11:45:35-04:00,2026-09-01T19:48:33-04:00,2026-09-04_16-24-07
8592302002,Architectural Project Manager,"Bastrop, TX",SpaceX,Operations - Construction,https://boards.greenhouse.io/spacex/jobs/8592302002?gh_jid=8592302002,6431853002,2026-06-15T10:34:20-04:00,2026-09-01T19:48:33-04:00,2026-09-04_16-24-07
8686195002,ASIC/SOC DFT Engineer (Silicon Engineering),"Palo Alto, CA",SpaceX,Engineering - Silicon,https://boards.greenhouse.io/spacex/jobs/8686195002?gh_jid=8686195002,6470280002,2026-08-06T17:38:26-04:00,2026-09-01T19:48:33-04:00,2026-09-04_16-24-07
8686199002,ASIC/SOC DFT Engineer (Silicon Engineering),"Austin, TX",SpaceX,Engineering - Silicon,https://boards.greenhouse.io/spacex/jobs/8686199002?gh_jid=8686199002,6470280002,2026-08-06T17:38:27-04:00,2026-09-01T19:48:33-04:00,2026-09-04_16-24-07
8672261002,Assembly Engineering Specialist (Starlink),"Bastrop, TX",SpaceX,Manufacturing - Assembly & Integration,https://boards.greenhouse.io/spacex/jobs/8672261002?gh_jid=8672261002,6397958002,2026-08-03T11:27:06-04:00,2026-09-01T19:48:33-04:00,2026-09-04_16-24-07
8639955002,Automated Welding Technician (Starship),"Starbase, TX",SpaceX,Manufacturing - Welding,https://boards.greenhouse.io/spacex/jobs/8639955002?gh_jid=8639955002,6450692002,2026-07-27T17:44:23-04:00,2026-09-01T19:48:33-04:00,2026-09-04_16-24-07
8727884002,"Automation and Controls Engineer, AI Satellites (Starmind)","Bastrop, TX",SpaceX,Manufacturing - Automation & Controls and Maintenance,https://boards.greenhouse.io/spacex/jobs/8727884002?gh_jid=8727884002,6489368002,2026-08-18T15:29:39-04:00,2026-09-01T19:48:33-04:00,2026-09-04_16-24-07
8696881002,"Automation Build Engineer, Development (Starlink)","Bastrop, TX",SpaceX,Engineering - Automation & Controls,https://boards.greenhouse.io/spacex/jobs/8696881002?gh_jid=8696881002,6475046002,2026-08-19T15:57:54-04:00,2026-09-01T19:48:33-04:00,2026-09-04_16-24-07
8506443002,"Automation & Controls Engineer, Assembly Manufacturing (Starlink)","Bastrop, TX",SpaceX,Engineering - Automation & Controls,https://boards.greenhouse.io/spacex/jobs/8506443002?gh_jid=8506443002,6397783002,2026-04-15T18:23:06-04:00,2026-09-01T19:48:33-04:00,2026-09-04_16-24-07
8540471002,Automation & Controls Engineer (Asset Engineering),"Hawthorne, CA",SpaceX,Engineering - Automation & Controls,https://boards.greenhouse.io/spacex/jobs/8540471002?gh_jid=8540471002,6410904002,2026-05-07T23:29:15-04:00,2026-09-01T19:48:33-04:00,2026-09-04_16-24-07
8546353002,Automation & Controls Engineer (Facilities),"Hawthorne, CA",SpaceX,Engineering - Automation & Controls,https://boards.greenhouse.io/spacex/jobs/8546353002?gh_jid=8546353002,6413662002,2026-05-13T21:04:21-04:00,2026-09-01T19:48:33-04:00,2026-09-04_16-24-07
8727906002,"Automation & Controls Engineer, Infrastructure & Utility (Starship)","Starbase, TX",SpaceX,Engineering - Automation & Controls,https://boards.greenhouse.io/spacex/jobs/8727906002?gh_jid=8727906002,6489378002,2026-08-18T16:13:11-04:00,2026-09-01T19:48:33-04:00,2026-09-04_16-24-07
8612924002,"Automation & Controls Engineer, Insource Manufacturing (Starlink)","Bastrop, TX",SpaceX,Engineering - Automation & Controls,https://boards.greenhouse.io/spacex/jobs/8612924002?gh_jid=8612924002,6439926002,2026-06-30T16:29:15-04:00,2026-09-01T19:48:33-04:00,2026-09-04_16-24-07
8761271002,"Automation & Controls Engineer, Launch Pad (Starship)","Starbase, TX",SpaceX,Engineering - Electrical,https://boards.greenhouse.io/spacex/jobs/8761271002?gh_jid=8761271002,6504646002,2026-08-28T17:31:11-04:00,2026-09-01T19:48:33-04:00,2026-09-04_16-24-07
8617201002,Automation & Controls Engineer (Raptor Manufacturing Systems),"Hawthorne, CA",SpaceX,Engineering - Automation & Controls,https://boards.greenhouse.io/spacex/jobs/8617201002?gh_jid=8617201002,6441542002,2026-07-01T20:46:10-04:00,2026-09-01T19:48:33-04:00,2026-09-04_16-24-07
8545793002,"Automation & Controls Engineer, Solar Cell Factory (Starlink)","Bastrop, TX",SpaceX,Engineering - Automation & Controls,https://boards.greenhouse.io/spacex/jobs/8545793002?gh_jid=8545793002,6413409002,2026-05-15T12:54:22-04:00,2026-09-01T19:48:33-04:00,2026-09-04_16-24-07
8677412002,"Automation & Controls Engineer, Solar (Starlink)","Redmond, WA",SpaceX,Engineering - Automation & Controls,https://boards.greenhouse.io/spacex/jobs/8677412002?gh_jid=8677412002,6440357002,2026-08-04T14:58:16-04:00,2026-09-01T19:48:33-04:00,2026-09-04_16-24-07
8676957002,Automation & Controls Engineer (Starlink),"Redmond, WA",SpaceX,Engineering - Automation & Controls,https://boards.greenhouse.io/spacex/jobs/8676957002?gh_jid=8676957002,6466033002,2026-08-07T17:50:56-04:00,2026-09-01T19:48:33-04:00,2026-09-04_16-24-07
8558761002,Automation & Controls Engineer (Starship),"Starbase, TX",SpaceX,Engineering - Automation & Controls,https://boards.greenhouse.io/spacex/jobs/8558761002?gh_jid=8558761002,6418725002,2026-05-22T15:29:34-04:00,2026-09-01T19:48:33-04:00,2026-09-04_16-24-07
8433913002,Automation & Controls Engineer (Starship Launch Hardware),"Cape Canaveral, FL",SpaceX,Engineering - Electrical,https://boards.greenhouse.io/spacex/jobs/8433913002?gh_jid=8433913002,6368926002,2026-02-27T08:41:22-05:00,2026-09-01T19:48:33-04:00,2026-09-04_16-24-07
8506464002,"Automation & Controls Specialist, Assembly Manufacturing (Starlink)","Bastrop, TX",SpaceX,Manufacturing - Automation & Controls and Maintenance,https://boards.greenhouse.io/spacex/jobs/8506464002?gh_jid=8506464002,6397794002,2026-04-16T18:00:00-04:00,2026-09-01T19:48:33-04:00,2026-09-04_16-24-07
8730117002,"Automation & Controls Specialist, Infrastructure & Utility (Starship) - Level 4/5","Starbase, TX",SpaceX,Manufacturing - Automation & Controls and Maintenance,https://boards.greenhouse.io/spacex/jobs/8730117002?gh_jid=8730117002,6490367002,2026-08-19T22:21:49-04:00,2026-09-01T19:48:33-04:00,2026-09-04_16-24-07
8560090002,"Automation & Controls Specialist, PCB Manufacturing (Starlink)","Bastrop, TX",SpaceX,"Manufacturing - PCB, Silicon, and Solar",https://boards.greenhouse.io/spacex/jobs/8560090002?gh_jid=8560090002,6419217002,2026-05-28T09:28:39-04:00,2026-09-01T19:48:33-04:00,2026-09-04_16-24-07
8450986002,"Automation & Controls Specialist, Silicon Process Manufacturing (Starlink)","Bastrop, TX",SpaceX,Engineering - Automation & Controls,https://boards.greenhouse.io/spacex/jobs/8450986002?gh_jid=8450986002,6375708002,2026-03-05T12:56:24-05:00,2026-09-01T19:48:33-04:00,2026-09-04_16-24-07
8635208002,"Automation & Controls Specialist, Solar Cell Manufacturing (Starlink)","Bastrop, TX",SpaceX,"Manufacturing - PCB, Silicon, and Solar",https://boards.greenhouse.io/spacex/jobs/8635208002?gh_jid=8635208002,6448752002,2026-07-15T13:56:44-04:00,2026-09-01T19:48:33-04:00,2026-09-04_16-24-07
8546178002,Automation & Controls Specialist (Starlink Development),"Bastrop, TX",SpaceX,Manufacturing - Automation & Controls and Maintenance,https://boards.greenhouse.io/spacex/jobs/8546178002?gh_jid=8546178002,6413576002,2026-05-29T14:26:07-04:00,2026-09-01T19:48:33-04:00,2026-09-04_16-24-07
8560912002,Automation & Controls Specialist (Starship),"Starbase, TX",SpaceX,Manufacturing - Automation & Controls and Maintenance,https://boards.greenhouse.io/spacex/jobs/8560912002?gh_jid=8560912002,6419458002,2026-05-22T15:38:36-04:00,2026-09-01T19:48:33-04:00,2026-09-04_16-24-07
8493473002,Automation & Controls Specialist (Starship),"Cape Canaveral, FL",SpaceX,Engineering - Electrical,https://boards.greenhouse.io/spacex/jobs/8493473002?gh_jid=8493473002,6392586002,2026-04-03T10:37:01-04:00,2026-09-01T19:48:33-04:00,2026-09-04_16-24-07
8652982002,Automation & Controls Specialist (Starship) - Night Shift,"Cape Canaveral, FL",SpaceX,Engineering - Electrical,https://boards.greenhouse.io/spacex/jobs/8652982002?gh_jid=8652982002,6392586002,2026-07-27T20:21:10-04:00,2026-09-01T19:48:33-04:00,2026-09-04_16-24-07
8585039002,"Automation & Controls Specialist, Tool & Die - 2nd Shift","Bastrop, TX",SpaceX,Manufacturing - Automation & Controls and Maintenance,https://boards.greenhouse.io/spacex/jobs/8585039002?gh_jid=8585039002,6429080002,2026-06-09T20:43:46-04:00,2026-09-01T19:48:33-04:00,2026-09-04_16-24-07
8730577002,"Automation & Controls Technician, Infrastructure & Utility (Starship)","Starbase, TX",SpaceX,Manufacturing - Automation & Controls and Maintenance,https://boards.greenhouse.io/spacex/jobs/8730577002?gh_jid=8730577002,6490592002,2026-08-19T22:13:42-04:00,2026-09-01T19:48:33-04:00,2026-09-04_16-24-07
8561420002,Automation & Controls Technician (Starship),"Starbase, TX",SpaceX,Manufacturing - Automation & Controls and Maintenance,https://boards.greenhouse.io/spacex/jobs/8561420002?gh_jid=8561420002,6419638002,2026-05-22T15:42:39-04:00,2026-09-01T19:48:33-04:00,2026-09-04_16-24-07
8502939002,"Automation Engineer, Blades and Vanes Foundry","Bastrop, TX",SpaceX,Engineering - Automation & Controls,https://boards.greenhouse.io/spacex/jobs/8502939002?gh_jid=8502939002,6396321002,2026-04-13T13:38:57-04:00,2026-09-01T19:48:33-04:00,2026-09-04_16-24-07
8601783002,"AV Administrator, Events & Experiences","Austin, TX",SpaceX,Engineering - Information Technology,https://boards.greenhouse.io/spacex/jobs/8601783002?gh_jid=8601783002,6435533002,2026-06-22T20:06:30-04:00,2026-09-01T19:48:33-04:00,2026-09-04_16-24-07
8538120002,"AV Administrator, Events & Experiences","Cape Canaveral, FL",SpaceX,Engineering - Information Technology,https://boards.greenhouse.io/spacex/jobs/8538120002?gh_jid=8538120002,6409911002,2026-05-13T18:24:32-04:00,2026-09-01T19:48:33-04:00,2026-09-04_16-24-07
8550182002,"AV Administrator, Events & Experiences","Palo Alto, CA",SpaceX,Engineering - Information Technology,https://boards.greenhouse.io/spacex/jobs/8550182002?gh_jid=8550182002,6409911002,2026-05-14T12:57:22-04:00,2026-09-01T19:48:33-04:00,2026-09-04_16-24-07
8737619002,Aviation Certification Engineer (Starlink),"Woodinville, WA",SpaceX,Engineering - Aerospace & Mechanical,https://boards.greenhouse.io/spacex/jobs/8737619002?gh_jid=8737619002,6493728002,2026-08-24T12:12:44-04:00,2026-09-01T19:48:33-04:00,2026-09-04_16-24-07
8731929002,"Aviation Development Engineer, Networking (Starlink)","Woodinville, WA",SpaceX,Engineering - Aerospace & Mechanical,https://boards.greenhouse.io/spacex/jobs/8731929002?gh_jid=8731929002,6491247002,2026-09-01T13:11:40-04:00,2026-09-01T19:48:33-04:00,2026-09-04_16-24-07
8646256002,Aviation Development Engineer (Starlink),"Woodinville, WA",SpaceX,Engineering - Aerospace & Mechanical,https://boards.greenhouse.io/spacex/jobs/8646256002?gh_jid=8646256002,6453007002,2026-07-22T18:29:47-04:00,2026-09-01T19:48:33-04:00,2026-09-04_16-24-07
8456300002,Avionics Build Associate (Starship),"Starbase, TX",SpaceX,Manufacturing - Electronics,https://boards.greenhouse.io/spacex/jobs/8456300002?gh_jid=8456300002,6377868002,2026-03-09T20:39:52-04:00,2026-09-01T19:48:33-04:00,2026-09-04_16-24-07
8612875002,Avionics Harness Technician (Starlink Aviation),"Woodinville, WA",SpaceX,Manufacturing - Electronics,https://boards.greenhouse.io/spacex/jobs/8612875002?gh_jid=8612875002,6439900002,2026-07-01T13:54:22-04:00,2026-09-01T19:48:33-04:00,2026-09-04_16-24-07
8625626002,Avionics Integration & Test Engineer (Starshield),"Hawthorne, CA",SpaceX,Engineering - Electrical,https://boards.greenhouse.io/spacex/jobs/8625626002?gh_jid=8625626002,6444880002,2026-07-09T12:16:14-04:00,2026-09-01T19:48:33-04:00,2026-09-04_16-24-07
8559225002,Avionics Integration & Test Technician (Starship) - Night Shift,"Starbase, TX",SpaceX,Manufacturing - Electronics,https://boards.greenhouse.io/spacex/jobs/8559225002?gh_jid=8559225002,6418940002,2026-05-20T22:48:26-04:00,2026-09-01T19:48:33-04:00,2026-09-04_16-24-07
8748882002,"Avionics System Engineer, HITL (Starfall)","Hawthorne, CA",SpaceX,Engineering - Electrical,https://boards.greenhouse.io/spacex/jobs/8748882002?gh_jid=8748882002,6499066002,2026-08-25T22:39:29-04:00,2026-09-01T19:48:33-04:00,2026-09-04_16-24-07
8651062002,Avionics Technician (Falcon & Dragon),"Hawthorne, CA",SpaceX,Manufacturing - Assembly & Integration,https://boards.greenhouse.io/spacex/jobs/8651062002?gh_jid=8651062002,6454968002,2026-07-26T23:52:07-04:00,2026-09-01T19:48:33-04:00,2026-09-04_16-24-07
8644026002,Avionics Test Engineer (Starfall),"Hawthorne, CA",SpaceX,Engineering - Software & Analytics,https://boards.greenhouse.io/spacex/jobs/8644026002?gh_jid=8644026002,6452182002,2026-07-22T00:37:44-04:00,2026-09-01T19:48:33-04:00,2026-09-04_16-24-07
8501166002,Avionics Test Engineer (Starshield),"Hawthorne, CA",SpaceX,Engineering - Electrical,https://boards.greenhouse.io/spacex/jobs/8501166002?gh_jid=8501166002,6395773002,2026-04-10T12:11:58-04:00,2026-09-01T19:48:33-04:00,2026-09-04_16-24-07
8706413002,Avionics Test Engineer (Starship),"Hawthorne, CA",SpaceX,Engineering - Electrical,https://boards.greenhouse.io/spacex/jobs/8706413002?gh_jid=8706413002,6479315002,2026-08-13T13:14:14-04:00,2026-09-01T19:48:33-04:00,2026-09-04_16-24-07
8728551002,Avionics Wire Harness Technician (Starship),"Starbase, TX",SpaceX,Manufacturing - Electronics,https://boards.greenhouse.io/spacex/jobs/8728551002?gh_jid=8728551002,6489652002,2026-08-24T00:20:03-04:00,2026-09-01T19:48:33-04:00,2026-09-04_16-24-07
8696536002,AV Technician,"Cape Canaveral, FL",SpaceX,Engineering - Information Technology,https://boards.greenhouse.io/spacex/jobs/8696536002?gh_jid=8696536002,6474892002,2026-08-12T11:11:56-04:00,2026-09-01T19:48:33-04:00,2026-09-04_16-24-07
8626596002,Barista,"Redmond, WA",SpaceX,Operations - Food Services,https://boards.greenhouse.io/spacex/jobs/8626596002?gh_jid=8626596002,6445292002,2026-07-10T11:31:13-04:00,2026-09-01T19:48:33-04:00,2026-09-04_16-24-07
8573629002,Barista,"Hawthorne, CA",SpaceX,Operations - Food Services,https://boards.greenhouse.io/spacex/jobs/8573629002?gh_jid=8573629002,6424438002,2026-06-01T17:33:08-04:00,2026-09-01T19:48:33-04:00,2026-09-04_16-24-07
8654606002,Barista - Temporary,"Cape Canaveral, FL",SpaceX,Operations - Food Services,https://boards.greenhouse.io/spacex/jobs/8654606002?gh_jid=8654606002,6456347002,2026-07-29T20:48:17-04:00,2026-09-01T19:48:33-04:00,2026-09-04_16-24-07
8579745002,Barista - Temporary,"Starbase, TX",SpaceX,Operations - Food Services,https://boards.greenhouse.io/spacex/jobs/8579745002?gh_jid=8579745002,6426933002,2026-06-05T14:16:25-04:00,2026-09-01T19:48:33-04:00,2026-09-04_16-24-07
8533131002,Barista - Temporary,"Bastrop, TX",SpaceX,Operations - Food Services,https://boards.greenhouse.io/spacex/jobs/8533131002?gh_jid=8533131002,6407820002,2026-05-05T14:24:56-04:00,2026-09-01T19:48:33-04:00,2026-09-04_16-24-07
8488313002,Bastrop Campus Planning Manager,"Bastrop, TX",SpaceX,Engineering - Civil,https://boards.greenhouse.io/spacex/jobs/8488313002?gh_jid=8488313002,6388328002,2026-03-31T19:06:34-04:00,2026-09-01T19:48:33-04:00,2026-09-04_16-24-07
8488318002,Bastrop Site Expansion Manager,"Bastrop, TX",SpaceX,Engineering - Civil,https://boards.greenhouse.io/spacex/jobs/8488318002?gh_jid=8488318002,6388328002,2026-03-31T19:07:53-04:00,2026-09-01T19:48:33-04:00,2026-09-04_16-24-07
8488324002,"Battery Test Engineer, Satellites (Starlink)","Redmond, WA",SpaceX,Engineering - Aerospace & Mechanical,https://boards.greenhouse.io/spacex/jobs/8488324002?gh_jid=8488324002,6390614002,2026-04-01T14:57:02-04:00,2026-09-01T19:48:33-04:00,2026-09-04_16-24-07
8728515002,BAW Device Engineer (Starlink/Akoustis),"Bastrop, TX",SpaceX,Engineering - Electrical,https://boards.greenhouse.io/spacex/jobs/8728515002?gh_jid=8728515002,6489638002,2026-08-20T15:50:41-04:00,2026-09-01T19:48:33-04:00,2026-09-04_16-24-07
8662103002,BAW Filter Design Engineer (Starlink/Akoustis),"Bastrop, TX",SpaceX,Engineering - Electrical,https://boards.greenhouse.io/spacex/jobs/8662103002?gh_jid=8662103002,6458881002,2026-08-03T10:21:37-04:00,2026-09-01T19:48:33-04:00,2026-09-04_16-24-07
8468662002,Benefits Analyst (Leave Administration),"Hawthorne, CA",SpaceX,Corporate - Human Resources,https://boards.greenhouse.io/spacex/jobs/8468662002?gh_jid=8468662002,6382712002,2026-03-18T15:16:13-04:00,2026-09-01T19:48:33-04:00,2026-09-04_16-24-07
8779775002,Benefits Coordinator,"Hawthorne, CA",SpaceX,Corporate - Human Resources,https://boards.greenhouse.io/spacex/jobs/8779775002?gh_jid=8779775002,6512227002,2026-09-02T17:39:47-04:00,2026-09-02T17:39:47-04:00,2026-09-04_16-24-07
8563022002,BIM Specialist,"Bastrop, TX",SpaceX,Operations - Construction,https://boards.greenhouse.io/spacex/jobs/8563022002?gh_jid=8563022002,6368921002,2026-05-22T16:36:54-04:00,2026-09-01T19:48:33-04:00,2026-09-04_16-24-07
8719821002,BIM Specialist (Electrical Systems Modeling),"Starbase, TX",SpaceX,Operations - Facilities,https://boards.greenhouse.io/spacex/jobs/8719821002?gh_jid=8719821002,6485663002,2026-08-18T10:13:54-04:00,2026-09-01T19:48:33-04:00,2026-09-04_16-24-07
8673107002,Build Coordinator (Starship),"Starbase, TX",SpaceX,Manufacturing - Other Manufacturing,https://boards.greenhouse.io/spacex/jobs/8673107002?gh_jid=8673107002,6464203002,2026-08-10T17:38:37-04:00,2026-09-01T19:48:33-04:00,2026-09-04_16-24-07
8633051002,"Build Engineer, COPVS (Starship)","Westminster, MD",SpaceX,Engineering - Aerospace & Mechanical,https://boards.greenhouse.io/spacex/jobs/8633051002?gh_jid=8633051002,6447918002,2026-07-15T12:49:06-04:00,2026-09-01T19:48:33-04:00,2026-09-04_16-24-07
8743243002,Build Engineer (Enterprise Products),"Redmond, WA",SpaceX,Engineering - Network,https://boards.greenhouse.io/spacex/jobs/8743243002?gh_jid=8743243002,6496386002,2026-08-25T15:21:11-04:00,2026-09-01T19:48:33-04:00,2026-09-04_16-24-07
8553649002,Build Engineer (Starship),"Starbase, TX",SpaceX,Engineering - Aerospace & Mechanical,https://boards.greenhouse.io/spacex/jobs/8553649002?gh_jid=8553649002,6416541002,2026-05-23T13:25:57-04:00,2026-09-01T19:48:33-04:00,2026-09-04_16-24-07
8728763002,Build Engineer (Starship Mechanisms),"Hawthorne, CA",SpaceX,Engineering - Aerospace & Mechanical,https://boards.greenhouse.io/spacex/jobs/8728763002?gh_jid=8728763002,6489741002,2026-08-19T14:20:18-04:00,2026-09-01T19:48:33-04:00,2026-09-04_16-24-07
8563891002,Build Engineer (Starship) - Nights,"Starbase, TX",SpaceX,Engineering - Aerospace & Mechanical,https://boards.greenhouse.io/spacex/jobs/8563891002?gh_jid=8563891002,6416541002,2026-05-25T12:29:39-04:00,2026-09-01T19:48:33-04:00,2026-09-04_16-24-07
8562456002,"Build Engineer, Structures (Starship)","Starbase, TX",SpaceX,Engineering - Aerospace & Mechanical,https://boards.greenhouse.io/spacex/jobs/8562456002?gh_jid=8562456002,6420016002,2026-05-22T15:17:35-04:00,2026-09-01T19:48:33-04:00,2026-09-04_16-24-07
8563890002,Build Engineer (Super Heavy Booster),"Starbase, TX",SpaceX,Engineering - Aerospace & Mechanical,https://boards.greenhouse.io/spacex/jobs/8563890002?gh_jid=8563890002,6416541002,2026-05-25T12:29:14-04:00,2026-09-01T19:48:33-04:00,2026-09-04_16-24-07
8738577002,Build Reliability Engineer (Falcon/Dragon),"Hawthorne, CA",SpaceX,Engineering - Aerospace & Mechanical,https://boards.greenhouse.io/spacex/jobs/8738577002?gh_jid=8738577002,6494198002,2026-08-25T16:41:07-04:00,2026-09-01T19:48:33-04:00,2026-09-04_16-24-07
8639275002,Build Reliability Engineer (Falcon/Starship Valves & Components),"Hawthorne, CA",SpaceX,Engineering - Aerospace & Mechanical,https://boards.greenhouse.io/spacex/jobs/8639275002?gh_jid=8639275002,6450386002,2026-07-17T18:27:26-04:00,2026-09-01T19:48:33-04:00,2026-09-04_16-24-07
8535055002,Build Reliability Engineer (Starship),"Westminster, MD",SpaceX,Engineering - Aerospace & Mechanical,https://boards.greenhouse.io/spacex/jobs/8535055002?gh_jid=8535055002,6408693002,2026-05-07T19:36:55-04:00,2026-09-01T19:48:33-04:00,2026-09-04_16-24-07
8737677002,Build Reliability Engineer (Starship),"Starbase, TX",SpaceX,Engineering - Aerospace & Mechanical,https://boards.greenhouse.io/spacex/jobs/8737677002?gh_jid=8737677002,6493745002,2026-08-21T21:26:00-04:00,2026-09-01T19:48:33-04:00,2026-09-04_16-24-07
8643473002,"Build Specialist, Automation & Controls (Starship Launch Pad)","Starbase, TX",SpaceX,Engineering - Automation & Controls,https://boards.greenhouse.io/spacex/jobs/8643473002?gh_jid=8643473002,6451961002,2026-07-21T16:15:06-04:00,2026-09-01T19:48:33-04:00,2026-09-04_16-24-07
8686807002,"Build Specialist, Barrel Production (Starship)","Starbase, TX",SpaceX,Manufacturing - Welding,https://boards.greenhouse.io/spacex/jobs/8686807002?gh_jid=8686807002,6470558002,2026-08-05T22:27:13-04:00,2026-09-01T19:48:33-04:00,2026-09-04_16-24-07
8553662002,Build Specialist (Starship),"Starbase, TX",SpaceX,Manufacturing - Assembly & Integration,https://boards.greenhouse.io/spacex/jobs/8553662002?gh_jid=8553662002,6416548002,2026-05-23T13:25:22-04:00,2026-09-01T19:48:33-04:00,2026-09-04_16-24-07
8563900002,Build Specialist (Super Heavy Booster),"Starbase, TX",SpaceX,Manufacturing - Assembly & Integration,https://boards.greenhouse.io/spacex/jobs/8563900002?gh_jid=8563900002,6416548002,2026-05-25T12:41:15-04:00,2026-09-01T19:48:33-04:00,2026-09-04_16-24-07
8545779002,Build Supervisor (Starship),"Starbase, TX",SpaceX,Manufacturing - Leadership,https://boards.greenhouse.io/spacex/jobs/8545779002?gh_jid=8545779002,6413402002,2026-05-26T18:08:42-04:00,2026-09-01T19:48:33-04:00,2026-09-04_16-24-07
8582792002,Build Supervisor (Starship) - 2nd Shift,"Hawthorne, CA",SpaceX,Manufacturing - Assembly & Integration,https://boards.greenhouse.io/spacex/jobs/8582792002?gh_jid=8582792002,6428196002,2026-06-08T18:26:10-04:00,2026-09-01T19:48:33-04:00,2026-09-04_16-24-07
8678710002,Build Supervisor (Starship Booster Structures Manufacturing),"Hawthorne, CA",SpaceX,Manufacturing - Leadership,https://boards.greenhouse.io/spacex/jobs/8678710002?gh_jid=8678710002,6466894002,2026-08-05T12:37:17-04:00,2026-09-01T19:48:33-04:00,2026-09-04_16-24-07
8582829002,Build Supervisor (Starship Mechanisms),"Hawthorne, CA",SpaceX,Manufacturing - Assembly & Integration,https://boards.greenhouse.io/spacex/jobs/8582829002?gh_jid=8582829002,6428214002,2026-06-09T16:48:49-04:00,2026-09-01T19:48:33-04:00,2026-09-04_16-24-07
8685316002,Build Supervisor (Starship) - Night Shift,"Starbase, TX",SpaceX,Manufacturing - Leadership,https://boards.greenhouse.io/spacex/jobs/8685316002?gh_jid=8685316002,6413402002,2026-08-05T15:15:38-04:00,2026-09-01T19:48:33-04:00,2026-09-04_16-24-07
8641231002,Business Analyst (Customer Success),"Bastrop, TX",SpaceX,Corporate - Sales & Business Operations,https://boards.greenhouse.io/spacex/jobs/8641231002?gh_jid=8641231002,6451084002,2026-07-21T12:01:11-04:00,2026-09-01T19:48:33-04:00,2026-09-04_16-24-07
8641250002,Business Analyst (Customer Success),"Redmond, WA",SpaceX,Corporate - Sales & Business Operations,https://boards.greenhouse.io/spacex/jobs/8641250002?gh_jid=8641250002,6451084002,2026-07-21T12:01:11-04:00,2026-09-01T19:48:33-04:00,2026-09-04_16-24-07
8681172002,Business Analyst (Starlink Growth),"Hawthorne, CA",SpaceX,Corporate - Sales & Business Operations,https://boards.greenhouse.io/spacex/jobs/8681172002?gh_jid=8681172002,6468084002,2026-08-05T17:01:39-04:00,2026-09-01T19:48:33-04:00,2026-09-04_16-24-07
8650057002,Business Analyst (Starlink Growth Demand Planning),"Hawthorne, CA",SpaceX,Corporate - Sales & Business Operations,https://boards.greenhouse.io/spacex/jobs/8650057002?gh_jid=8650057002,6443698002,2026-07-28T16:00:44-04:00,2026-09-01T19:48:33-04:00,2026-09-04_16-24-07
8657082002,Business Analyst (Starlink Market Analysis),"Hawthorne, CA",SpaceX,Corporate - Sales & Business Operations,https://boards.greenhouse.io/spacex/jobs/8657082002?gh_jid=8657082002,6456927002,2026-08-10T16:03:34-04:00,2026-09-01T19:48:33-04:00,2026-09-04_16-24-07
8675308002,"Business Development Manager, US & Canada (Starlink Product Growth)","Bastrop, TX",SpaceX,Corporate - Sales & Business Operations,https://boards.greenhouse.io/spacex/jobs/8675308002?gh_jid=8675308002,6465196002,2026-08-03T20:10:04-04:00,2026-09-01T19:48:33-04:00,2026-09-04_16-24-07
8675212002,"Business Development Manager, US & Canada (Starlink Product Growth)","Redmond, WA",SpaceX,Corporate - Sales & Business Operations,https://boards.greenhouse.io/spacex/jobs/8675212002?gh_jid=8675212002,6465196002,2026-08-03T20:03:33-04:00,2026-09-01T19:48:33-04:00,2026-09-04_16-24-07
8761189002,Business Operations Analyst,"Bastrop, TX",SpaceX,Corporate - Sales & Business Operations,https://boards.greenhouse.io/spacex/jobs/8761189002?gh_jid=8761189002,6504618002,2026-08-31T09:27:45-04:00,2026-09-01T19:48:33-04:00,2026-09-04_16-24-07
8511086002,Business Operations Analyst (Starlink),"Hawthorne, CA",SpaceX,Corporate - Sales & Business Operations,https://boards.greenhouse.io/spacex/jobs/8511086002?gh_jid=8511086002,6399790002,2026-04-22T13:17:42-04:00,2026-09-01T19:48:33-04:00,2026-09-04_16-24-07
8519655002,Business Operations Analyst (Starlink),"Bastrop, TX",SpaceX,Corporate - Sales & Business Operations,https://boards.greenhouse.io/spacex/jobs/8519655002?gh_jid=8519655002,6402966002,2026-04-26T15:56:26-04:00,2026-09-01T19:48:33-04:00,2026-09-04_16-24-07
8547926002,Business Operations Analyst (Starlink Aviation),"Woodinville, WA",SpaceX,Corporate - Sales & Business Operations,https://boards.greenhouse.io/spacex/jobs/8547926002?gh_jid=8547926002,6414267002,2026-05-13T15:49:27-04:00,2026-09-01T19:48:33-04:00,2026-09-04_16-24-07
8646629002,"Business Operations Analyst, Supply Chain (Starlink Aviation)","Woodinville, WA",SpaceX,Corporate - Sales & Business Operations,https://boards.greenhouse.io/spacex/jobs/8646629002?gh_jid=8646629002,6453164002,2026-07-24T09:59:19-04:00,2026-09-01T19:48:33-04:00,2026-09-04_16-24-07
8636654002,"Business Operations Lead, Commercial Launch","Hawthorne, CA",SpaceX,Corporate - Sales & Business Operations,https://boards.greenhouse.io/spacex/jobs/8636654002?gh_jid=8636654002,6449330002,2026-07-17T09:04:11-04:00,2026-09-01T19:48:33-04:00,2026-09-04_16-24-07
8760909002,Business Operations Manager,"Bastrop, TX",SpaceX,Corporate - Sales & Business Operations,https://boards.greenhouse.io/spacex/jobs/8760909002?gh_jid=8760909002,6504485002,2026-08-31T09:27:38-04:00,2026-09-01T19:48:33-04:00,2026-09-04_16-24-07
8702405002,Business Operations Manager (Starlink),"Bastrop, TX",SpaceX,Supply Chain & Logistics - Sourcing & Planning,https://boards.greenhouse.io/spacex/jobs/8702405002?gh_jid=8702405002,6477509002,2026-08-12T18:06:35-04:00,2026-09-01T19:48:33-04:00,2026-09-04_16-24-07
8702555002,Business Operations Manager (Starlink),"Hawthorne, CA",SpaceX,Supply Chain & Logistics - Sourcing & Planning,https://boards.greenhouse.io/spacex/jobs/8702555002?gh_jid=8702555002,6477582002,2026-08-12T18:06:23-04:00,2026-09-01T19:48:33-04:00,2026-09-04_16-24-07
8760358002,Business Operations Manager (Starlink),"Bastrop, TX",SpaceX,Supply Chain & Logistics - Sourcing & Planning,https://boards.greenhouse.io/spacex/jobs/8760358002?gh_jid=8760358002,6504257002,2026-09-02T22:27:48-04:00,2026-09-02T22:27:48-04:00,2026-09-04_16-24-07
8702740002,Business Operations Manager (Starlink Aviation),"Woodinville, WA",SpaceX,Supply Chain & Logistics - Sourcing & Planning,https://boards.greenhouse.io/spacex/jobs/8702740002?gh_jid=8702740002,6477674002,2026-08-12T18:06:12-04:00,2026-09-01T19:48:33-04:00,2026-09-04_16-24-07
8656705002,Business Operations Manager (Starlink Platform Integrity),"Hawthorne, CA",SpaceX,Corporate - Sales & Business Operations,https://boards.greenhouse.io/spacex/jobs/8656705002?gh_jid=8656705002,6443673002,2026-07-29T13:24:18-04:00,2026-09-01T19:48:33-04:00,2026-09-04_16-24-07
8656685002,Business Operations Manager (Starlink Platform Integrity),"Bastrop, TX",SpaceX,Corporate - Sales & Business Operations,https://boards.greenhouse.io/spacex/jobs/8656685002?gh_jid=8656685002,6443673002,2026-07-29T13:18:27-04:00,2026-09-01T19:48:33-04:00,2026-09-04_16-24-07
8656711002,Business Operations Manager (Starlink Platform Integrity),"Redmond, WA",SpaceX,Corporate - Sales & Business Operations,https://boards.greenhouse.io/spacex/jobs/8656711002?gh_jid=8656711002,6443673002,2026-07-29T13:24:19-04:00,2026-09-01T19:48:33-04:00,2026-09-04_16-24-07
8729951002,CAD Drafter,"Starbase, TX",SpaceX,Engineering - Civil,https://boards.greenhouse.io/spacex/jobs/8729951002?gh_jid=8729951002,6490316002,2026-08-19T14:23:24-04:00,2026-09-01T19:48:33-04:00,2026-09-04_16-24-07
8488317002,Campus Infrastructure Project Manager,"Bastrop, TX",SpaceX,Engineering - Civil,https://boards.greenhouse.io/spacex/jobs/8488317002?gh_jid=8488317002,6388328002,2026-03-31T19:07:15-04:00,2026-09-01T19:48:33-04:00,2026-09-04_16-24-07
8571902002,Candidate Specialist (Cape Canaveral),"Cape Canaveral, FL",SpaceX,Corporate - Human Resources,https://boards.greenhouse.io/spacex/jobs/8571902002?gh_jid=8571902002,6409798002,2026-05-29T16:06:34-04:00,2026-09-01T19:48:33-04:00,2026-09-04_16-24-07
8470464002,"Certified Welding Inspector, NDE (Launch)","Cape Canaveral, FL",SpaceX,Manufacturing - NonDestructive Evaluation,https://boards.greenhouse.io/spacex/jobs/8470464002?gh_jid=8470464002,6383334002,2026-04-07T10:50:45-04:00,2026-09-01T19:48:33-04:00,2026-09-04_16-24-07
8624452002,Chemical Engineer,"Vandenberg, CA",SpaceX,Engineering - Aerospace & Mechanical,https://boards.greenhouse.io/spacex/jobs/8624452002?gh_jid=8624452002,6443955002,2026-07-08T11:53:32-04:00,2026-09-01T19:48:33-04:00,2026-09-04_16-24-07
8562076002,"Chemical Engineer, PCB (Starlink)","Bastrop, TX",SpaceX,"Manufacturing - PCB, Silicon, and Solar",https://boards.greenhouse.io/spacex/jobs/8562076002?gh_jid=8562076002,6419897002,2026-06-01T16:24:06-04:00,2026-09-01T19:48:33-04:00,2026-09-04_16-24-07
8671116002,Chemical Lab Analyst (Starlink PCB),"Bastrop, TX",SpaceX,"Manufacturing - PCB, Silicon, and Solar",https://boards.greenhouse.io/spacex/jobs/8671116002?gh_jid=8671116002,6407593002,2026-08-04T08:55:36-04:00,2026-09-01T19:48:33-04:00,2026-09-04_16-24-07
8682883002,Chemical Process Engineer (Starship Launch Systems),"Starbase, TX",SpaceX,Engineering - Materials,https://boards.greenhouse.io/spacex/jobs/8682883002?gh_jid=8682883002,6468826002,2026-08-05T12:41:44-04:00,2026-09-01T19:48:33-04:00,2026-09-04_16-24-07
8560018002,"Chemical Process Specialist, PCB (Starlink)","Bastrop, TX",SpaceX,"Manufacturing - PCB, Silicon, and Solar",https://boards.greenhouse.io/spacex/jobs/8560018002?gh_jid=8560018002,6419197002,2026-06-02T08:56:06-04:00,2026-09-01T19:48:33-04:00,2026-09-04_16-24-07
8653788002,"Chemical Texturing Equipment Engineer, Solar Cells (Starlink)","Bastrop, TX",SpaceX,Engineering - Materials,https://boards.greenhouse.io/spacex/jobs/8653788002?gh_jid=8653788002,6455989002,2026-07-28T13:07:41-04:00,2026-09-01T19:48:33-04:00,2026-09-04_16-24-07
8756230002,Chemical Training Specialist (Starlink),"Bastrop, TX",SpaceX,Manufacturing - Other Manufacturing,https://boards.greenhouse.io/spacex/jobs/8756230002?gh_jid=8756230002,6502420002,2026-08-27T15:56:41-04:00,2026-09-01T19:48:33-04:00,2026-09-04_16-24-07
8651304002,Civil Engineer,"McGregor, TX",SpaceX,Engineering - Civil,https://boards.greenhouse.io/spacex/jobs/8651304002?gh_jid=8651304002,6455099002,2026-07-28T11:35:59-04:00,2026-09-01T19:48:33-04:00,2026-09-04_16-24-07
8769051002,"Civil Engineer, Land Development","Anderson, TX",SpaceX,Engineering - Civil,https://boards.greenhouse.io/spacex/jobs/8769051002?gh_jid=8769051002,6508377002,2026-09-01T09:49:51-04:00,2026-09-01T19:48:33-04:00,2026-09-04_16-24-07
8731020002,"Civil Engineer, Land Development (Starlink)","Bastrop, TX",SpaceX,Engineering - Civil,https://boards.greenhouse.io/spacex/jobs/8731020002?gh_jid=8731020002,6490798002,2026-08-19T15:36:55-04:00,2026-09-01T19:48:33-04:00,2026-09-04_16-24-07
8673971002,"Civil Engineer, Land Development (Starship Infrastructure)","Cape Canaveral, FL",SpaceX,Engineering - Civil,https://boards.greenhouse.io/spacex/jobs/8673971002?gh_jid=8673971002,6464622002,2026-08-04T12:23:37-04:00,2026-09-01T19:48:33-04:00,2026-09-04_16-24-07
8483977002,"Civil Engineer, Land Development (Starship Launch Pad)","Starbase, TX",SpaceX,Engineering - Civil,https://boards.greenhouse.io/spacex/jobs/8483977002?gh_jid=8483977002,6388677002,2026-03-27T18:28:54-04:00,2026-09-01T19:48:33-04:00,2026-09-04_16-24-07
8609445002,"Civil Engineer, Land Development (Starship Launch Pad)","Cape Canaveral, FL",SpaceX,Engineering - Civil,https://boards.greenhouse.io/spacex/jobs/8609445002?gh_jid=8609445002,6438543002,2026-06-25T16:58:32-04:00,2026-09-01T19:48:33-04:00,2026-09-04_16-24-07
8583754002,"Civil Engineer, Starbase Infrastructure (Starship)","Starbase, TX",SpaceX,Engineering - Civil,https://boards.greenhouse.io/spacex/jobs/8583754002?gh_jid=8583754002,6428578002,2026-06-09T21:44:17-04:00,2026-09-01T19:48:33-04:00,2026-09-04_16-24-07
8719818002,"Civil Project Manager, Starbase Development","Starbase, TX",SpaceX,Operations - Facilities,https://boards.greenhouse.io/spacex/jobs/8719818002?gh_jid=8719818002,6485660002,2026-08-18T10:13:37-04:00,2026-09-01T19:48:33-04:00,2026-09-04_16-24-07
8672666002,Civil/Structural Engineer,"McGregor, TX",SpaceX,Engineering - Civil,https://boards.greenhouse.io/spacex/jobs/8672666002?gh_jid=8672666002,6464010002,2026-08-04T10:40:46-04:00,2026-09-01T19:48:33-04:00,2026-09-04_16-24-07
8594579002,Classified Cyber Assurance Analyst,"Hawthorne, CA",SpaceX,Engineering - Security,https://boards.greenhouse.io/spacex/jobs/8594579002?gh_jid=8594579002,6432903002,2026-06-18T15:00:58-04:00,2026-09-01T19:48:33-04:00,2026-09-04_16-24-07
8567600002,Cleanroom Technician - Microelectronics (Starlink),"Redmond, WA",SpaceX,"Manufacturing - PCB, Silicon, and Solar",https://boards.greenhouse.io/spacex/jobs/8567600002?gh_jid=8567600002,6355495002,2026-05-27T15:38:53-04:00,2026-09-01T19:48:33-04:00,2026-09-04_16-24-07
8570197002,"CMF Designer - Color, Material, and Finish (Starlink)","Bastrop, TX",SpaceX,Corporate - Marketing & Communications,https://boards.greenhouse.io/spacex/jobs/8570197002?gh_jid=8570197002,6423107002,2026-05-28T23:25:34-04:00,2026-09-01T19:48:33-04:00,2026-09-04_16-24-07
8703558002,CMM Inspector (Starship),"Starbase, TX",SpaceX,Supply Chain & Logistics - Materials Management & Warehouse,https://boards.greenhouse.io/spacex/jobs/8703558002?gh_jid=8703558002,6448266002,2026-08-12T22:06:00-04:00,2026-09-01T19:48:33-04:00,2026-09-04_16-24-07
8694895002,CMM Programmer (Starlink) - 2nd Shift,"Redmond, WA",SpaceX,Manufacturing - Machining,https://boards.greenhouse.io/spacex/jobs/8694895002?gh_jid=8694895002,6474104002,2026-08-11T16:30:27-04:00,2026-09-01T19:48:33-04:00,2026-09-04_16-24-07
8680028002,CNC Lathe Machinist (Starship),"Hawthorne, CA",SpaceX,Manufacturing - Machining,https://boards.greenhouse.io/spacex/jobs/8680028002?gh_jid=8680028002,6459409002,2026-08-04T18:33:18-04:00,2026-09-01T19:48:33-04:00,2026-09-04_16-24-07
8772284002,CNC Machinist (Falcon),"Hawthorne, CA",SpaceX,Manufacturing - Machining,https://boards.greenhouse.io/spacex/jobs/8772284002?gh_jid=8772284002,6509868002,2026-09-02T00:11:55-04:00,2026-09-02T00:11:55-04:00,2026-09-04_16-24-07
8696627002,CNC Machinist (Materials Lab),"Hawthorne, CA",SpaceX,Manufacturing - Machining,https://boards.greenhouse.io/spacex/jobs/8696627002?gh_jid=8696627002,6474938002,2026-08-12T17:02:16-04:00,2026-09-01T19:48:33-04:00,2026-09-04_16-24-07
8757262002,CNC Machinist (Materials Lab) - Level 4/5,"Hawthorne, CA",SpaceX,Manufacturing - Machining,https://boards.greenhouse.io/spacex/jobs/8757262002?gh_jid=8757262002,6502869002,2026-08-27T21:58:33-04:00,2026-09-01T19:48:33-04:00,2026-09-04_16-24-07
8659436002,"CNC Machinist, Multi-Axis - Level 4/5 (2nd Shift)","McGregor, TX",SpaceX,Manufacturing - Machining,https://boards.greenhouse.io/spacex/jobs/8659436002?gh_jid=8659436002,6457714002,2026-07-31T12:25:07-04:00,2026-09-02T12:56:50-04:00,2026-09-04_16-24-07
8675289002,CNC Machinist (Raptor),"Hawthorne, CA",SpaceX,Manufacturing - Machining,https://boards.greenhouse.io/spacex/jobs/8675289002?gh_jid=8675289002,6465224002,2026-08-04T12:56:39-04:00,2026-09-01T19:48:33-04:00,2026-09-04_16-24-07
8675313002,CNC Machinist (Raptor) - 2nd Shift,"Hawthorne, CA",SpaceX,Manufacturing - Machining,https://boards.greenhouse.io/spacex/jobs/8675313002?gh_jid=8675313002,6465234002,2026-08-04T12:56:48-04:00,2026-09-01T19:48:33-04:00,2026-09-04_16-24-07
8643907002,CNC Machinist (Raptor Combustion Devices & Valves),"Hawthorne, CA",SpaceX,Manufacturing - Machining,https://boards.greenhouse.io/spacex/jobs/8643907002?gh_jid=8643907002,6452126002,2026-07-22T14:58:10-04:00,2026-09-01T19:48:33-04:00,2026-09-04_16-24-07
8780323002,CNC Machinist (Raptor Combustion Devices & Valves) - 2nd Shift,"Hawthorne, CA",SpaceX,Manufacturing - Machining,https://boards.greenhouse.io/spacex/jobs/8780323002?gh_jid=8780323002,6512477002,2026-09-02T21:10:34-04:00,2026-09-02T21:10:34-04:00,2026-09-04_16-24-07
8757566002,CNC Machinist (Raptor Combustion Devices & Valves) - Level 4/5,"Hawthorne, CA",SpaceX,Manufacturing - Machining,https://boards.greenhouse.io/spacex/jobs/8757566002?gh_jid=8757566002,6502984002,2026-08-27T20:21:03-04:00,2026-09-01T19:48:33-04:00,2026-09-04_16-24-07
8580473002,CNC Machinist (Starlink) - 2nd Shift,"Redmond, WA",SpaceX,Manufacturing - Machining,https://boards.greenhouse.io/spacex/jobs/8580473002?gh_jid=8580473002,6427232002,2026-06-05T18:26:31-04:00,2026-09-01T19:48:33-04:00,2026-09-04_16-24-07
8580498002,CNC Machinist (Starlink) - 2nd Shift - Level 4/5,"Redmond, WA",SpaceX,Manufacturing - Machining,https://boards.greenhouse.io/spacex/jobs/8580498002?gh_jid=8580498002,6427240002,2026-06-05T18:26:43-04:00,2026-09-01T19:48:33-04:00,2026-09-04_16-24-07
8663204002,CNC Machinist (Starship),"Hawthorne, CA",SpaceX,Manufacturing - Machining,https://boards.greenhouse.io/spacex/jobs/8663204002?gh_jid=8663204002,6459409002,2026-07-31T20:07:10-04:00,2026-09-01T19:48:33-04:00,2026-09-04_16-24-07
8565816002,CNC Machinist (Starship Components) - Level 4/5,"Hawthorne, CA",SpaceX,Manufacturing - Machining,https://boards.greenhouse.io/spacex/jobs/8565816002?gh_jid=8565816002,6421480002,2026-05-27T10:14:39-04:00,2026-09-01T19:48:33-04:00,2026-09-04_16-24-07
8621901002,"CNC Machinist, Tool & Die (Starlink)","Bastrop, TX",SpaceX,Manufacturing - Machining,https://boards.greenhouse.io/spacex/jobs/8621901002?gh_jid=8621901002,6443226002,2026-07-07T14:54:36-04:00,2026-09-01T19:48:33-04:00,2026-09-04_16-24-07
8747429002,CNC Maintenance Technician,"Hawthorne, CA",SpaceX,Manufacturing - Automation & Controls and Maintenance,https://boards.greenhouse.io/spacex/jobs/8747429002?gh_jid=8747429002,6498373002,2026-08-26T12:34:44-04:00,2026-09-01T19:48:33-04:00,2026-09-04_16-24-07
8697078002,"CNC Programmer, Development (Starlink)","Bastrop, TX",SpaceX,Manufacturing - Machining,https://boards.greenhouse.io/spacex/jobs/8697078002?gh_jid=8697078002,6475136002,2026-08-19T13:45:26-04:00,2026-09-01T19:48:33-04:00,2026-09-04_16-24-07
8487596002,CNC Programmer - Level 4/5 (2nd Shift),"Bastrop, TX",SpaceX,Manufacturing - Machining,https://boards.greenhouse.io/spacex/jobs/8487596002?gh_jid=8487596002,6390307002,2026-04-20T15:47:04-04:00,2026-09-01T19:48:33-04:00,2026-09-04_16-24-07
8743358002,"CNC Programmer, NX CAM (IGT Blades & Vanes) - Level 4/5","Bastrop, TX",SpaceX,Manufacturing - Machining,https://boards.greenhouse.io/spacex/jobs/8743358002?gh_jid=8743358002,6496431002,2026-08-27T12:32:57-04:00,2026-09-01T19:48:33-04:00,2026-09-04_16-24-07
8731809002,"CNC Programmer, NX CAM (Starlink)","Bastrop, TX",SpaceX,Manufacturing - Machining,https://boards.greenhouse.io/spacex/jobs/8731809002?gh_jid=8731809002,6491185002,2026-08-20T15:01:32-04:00,2026-09-01T19:48:33-04:00,2026-09-04_16-24-07
8509075002,CNC Programmer (Starship Components) - Level 4/5,"Hawthorne, CA",SpaceX,Manufacturing - Machining,https://boards.greenhouse.io/spacex/jobs/8509075002?gh_jid=8509075002,6399039002,2026-04-15T16:14:33-04:00,2026-09-01T19:48:33-04:00,2026-09-04_16-24-07
8581415002,CNC Programmer (Starship Components) - Level 4/5 (2nd Shift),"Hawthorne, CA",SpaceX,Manufacturing - Machining,https://boards.greenhouse.io/spacex/jobs/8581415002?gh_jid=8581415002,6427603002,2026-06-08T12:56:33-04:00,2026-09-01T19:48:33-04:00,2026-09-04_16-24-07
8544478002,"Commercial Counsel, Starlink","Hawthorne, CA",SpaceX,Corporate - Legal,https://boards.greenhouse.io/spacex/jobs/8544478002?gh_jid=8544478002,6412917002,2026-05-12T09:28:57-04:00,2026-09-01T19:48:33-04:00,2026-09-04_16-24-07
8612522002,Commercial Plumber - 2nd Shift (Service & Repair),"Hawthorne, CA",SpaceX,Operations - Facilities,https://boards.greenhouse.io/spacex/jobs/8612522002?gh_jid=8612522002,6436943002,2026-06-29T15:14:10-04:00,2026-09-01T19:48:33-04:00,2026-09-04_16-24-07
8544512002,Commercial Sales Manager (Starlink Mobile),"Washington, DC",SpaceX,Corporate - Sales & Business Operations,https://boards.greenhouse.io/spacex/jobs/8544512002?gh_jid=8544512002,6412744002,2026-05-12T09:29:35-04:00,2026-09-01T19:48:33-04:00,2026-09-04_16-24-07
8544517002,Commercial Sales Manager (Starlink Mobile),"Redmond, WA",SpaceX,Corporate - Sales & Business Operations,https://boards.greenhouse.io/spacex/jobs/8544517002?gh_jid=8544517002,6412744002,2026-05-12T09:29:51-04:00,2026-09-01T19:48:33-04:00,2026-09-04_16-24-07
8544090002,Commercial Sales Manager (Starlink Mobile),"Hawthorne, CA",SpaceX,Corporate - Sales & Business Operations,https://boards.greenhouse.io/spacex/jobs/8544090002?gh_jid=8544090002,6412744002,2026-05-12T09:29:34-04:00,2026-09-01T19:48:33-04:00,2026-09-04_16-24-07
8503043002,Communications Lead,"Memphis, TN",SpaceX,Corporate - Marketing & Communications,https://boards.greenhouse.io/spacex/jobs/8503043002?gh_jid=8503043002,6396379002,2026-04-11T01:07:52-04:00,2026-09-01T19:48:33-04:00,2026-09-04_16-24-07
8622739002,Communications Security Account Manager,"Hawthorne, CA",SpaceX,Corporate - Government Affairs,https://boards.greenhouse.io/spacex/jobs/8622739002?gh_jid=8622739002,6432879002,2026-07-07T12:21:12-04:00,2026-09-01T19:48:33-04:00,2026-09-04_16-24-07
8605112002,Compressed Air Technician (Facilities),"Hawthorne, CA",SpaceX,Operations - Facilities,https://boards.greenhouse.io/spacex/jobs/8605112002?gh_jid=8605112002,6436943002,2026-06-23T19:03:20-04:00,2026-09-01T19:48:33-04:00,2026-09-04_16-24-07
8622731002,COMSEC Account Manager,"Hawthorne, CA",SpaceX,Corporate - Government Affairs,https://boards.greenhouse.io/spacex/jobs/8622731002?gh_jid=8622731002,6432879002,2026-07-07T12:18:24-04:00,2026-09-01T19:48:33-04:00,2026-09-04_16-24-07
8594523002,COMSEC Analyst,"Hawthorne, CA",SpaceX,Corporate - Government Affairs,https://boards.greenhouse.io/spacex/jobs/8594523002?gh_jid=8594523002,6432879002,2026-06-16T16:52:55-04:00,2026-09-01T19:48:33-04:00,2026-09-04_16-24-07
8622749002,COMSEC Responsible Officer,"Hawthorne, CA",SpaceX,Corporate - Government Affairs,https://boards.greenhouse.io/spacex/jobs/8622749002?gh_jid=8622749002,6432879002,2026-07-07T12:25:15-04:00,2026-09-01T19:48:33-04:00,2026-09-04_16-24-07
8700199002,Construction Engineer,"Hawthorne, CA",SpaceX,Operations - Construction,https://boards.greenhouse.io/spacex/jobs/8700199002?gh_jid=8700199002,6476597002,2026-08-12T16:30:49-04:00,2026-09-01T19:48:33-04:00,2026-09-04_16-24-07
8609102002,Construction Project Engineer (Starship),"Starbase, TX",SpaceX,Engineering - Civil,https://boards.greenhouse.io/spacex/jobs/8609102002?gh_jid=8609102002,6438423002,2026-06-28T18:52:38-04:00,2026-09-03T15:48:42-04:00,2026-09-04_16-24-07
8769069002,Construction Project Manager,"Anderson, TX",SpaceX,Operations - Construction,https://boards.greenhouse.io/spacex/jobs/8769069002?gh_jid=8769069002,6508385002,2026-09-01T10:24:34-04:00,2026-09-01T19:48:33-04:00,2026-09-04_16-24-07
8734214002,Construction Project Manager,"Starbase, TX",SpaceX,Engineering - Civil,https://boards.greenhouse.io/spacex/jobs/8734214002?gh_jid=8734214002,6492182002,2026-08-25T12:36:45-04:00,2026-09-01T19:48:33-04:00,2026-09-04_16-24-07
8612800002,"Construction Project Manager, Critical Lift (Starship)","Starbase, TX",SpaceX,Manufacturing - Other Manufacturing,https://boards.greenhouse.io/spacex/jobs/8612800002?gh_jid=8612800002,6439867002,2026-07-07T15:57:37-04:00,2026-09-01T19:48:33-04:00,2026-09-04_16-24-07
8623616002,Construction Project Manager (Facilities Infrastructure),"Cape Canaveral, FL",SpaceX,Operations - Construction,https://boards.greenhouse.io/spacex/jobs/8623616002?gh_jid=8623616002,6443920002,2026-07-08T09:44:57-04:00,2026-09-01T19:48:33-04:00,2026-09-04_16-24-07
8492506002,"Construction Project Manager, MEP","McGregor, TX",SpaceX,Operations - Construction,https://boards.greenhouse.io/spacex/jobs/8492506002?gh_jid=8492506002,6392169002,2026-04-03T10:13:57-04:00,2026-09-01T19:48:33-04:00,2026-09-04_16-24-07
8488374002,"Construction Project Manager, Residential (Starbase Development)","Starbase, TX",SpaceX,Operations - Facilities,https://boards.greenhouse.io/spacex/jobs/8488374002?gh_jid=8488374002,6390638002,2026-04-09T15:37:23-04:00,2026-09-01T19:48:33-04:00,2026-09-04_16-24-07
8727965002,"Construction Project Manager, Starbase Infrastructure","Starbase, TX",SpaceX,Operations - Construction,https://boards.greenhouse.io/spacex/jobs/8727965002?gh_jid=8727965002,6489401002,2026-08-19T11:56:02-04:00,2026-09-01T19:48:33-04:00,2026-09-04_16-24-07
8565650002,Construction Project Manager (Starlink),"Austin, TX",SpaceX,Operations - Construction,https://boards.greenhouse.io/spacex/jobs/8565650002?gh_jid=8565650002,6421419002,2026-05-26T18:36:37-04:00,2026-09-01T19:48:33-04:00,2026-09-04_16-24-07
8565644002,Construction Project Manager (Starlink),"Bastrop, TX",SpaceX,Operations - Construction,https://boards.greenhouse.io/spacex/jobs/8565644002?gh_jid=8565644002,6421419002,2026-05-26T18:36:36-04:00,2026-09-01T19:48:33-04:00,2026-09-04_16-24-07
8654508002,Construction Project Manager (Starlink),"Redmond, WA",SpaceX,Operations - Construction,https://boards.greenhouse.io/spacex/jobs/8654508002?gh_jid=8654508002,6456299002,2026-07-31T18:40:24-04:00,2026-09-01T19:48:33-04:00,2026-09-04_16-24-07
8521444002,Construction Project Manager (Starship Launch Pad),"Starbase, TX",SpaceX,Engineering - Civil,https://boards.greenhouse.io/spacex/jobs/8521444002?gh_jid=8521444002,6403683002,2026-04-23T15:46:12-04:00,2026-09-01T19:48:33-04:00,2026-09-04_16-24-07
8685087002,Construction Project Manager (Starship Launch Pads),"Cape Canaveral, FL",SpaceX,Operations - Construction,https://boards.greenhouse.io/spacex/jobs/8685087002?gh_jid=8685087002,6469796002,2026-08-05T16:13:29-04:00,2026-09-01T19:48:33-04:00,2026-09-04_16-24-07
8734515002,Construction Superintendent,"Starbase, TX",SpaceX,Engineering - Civil,https://boards.greenhouse.io/spacex/jobs/8734515002?gh_jid=8734515002,6492321002,2026-08-25T13:55:12-04:00,2026-09-02T12:46:00-04:00,2026-09-04_16-24-07
8720164002,Construction Superintendent,"Bastrop, TX",SpaceX,Operations - Construction,https://boards.greenhouse.io/spacex/jobs/8720164002?gh_jid=8720164002,6485814002,2026-08-17T10:08:39-04:00,2026-09-01T19:48:33-04:00,2026-09-04_16-24-07
8651400002,Construction Superintendent,"McGregor, TX",SpaceX,Operations - Construction,https://boards.greenhouse.io/spacex/jobs/8651400002?gh_jid=8651400002,6455142002,2026-07-27T12:33:16-04:00,2026-09-01T19:48:33-04:00,2026-09-04_16-24-07
8769143002,Construction Superintendent,"Anderson, TX",SpaceX,Operations - Construction,https://boards.greenhouse.io/spacex/jobs/8769143002?gh_jid=8769143002,6508413002,2026-09-01T10:34:00-04:00,2026-09-01T19:48:33-04:00,2026-09-04_16-24-07
8505377002,Construction Superintendent,"Hawthorne, CA",SpaceX,Operations - Construction,https://boards.greenhouse.io/spacex/jobs/8505377002?gh_jid=8505377002,6397297002,2026-04-16T18:14:49-04:00,2026-09-01T19:48:33-04:00,2026-09-04_16-24-07
8645314002,Construction Superintendent - Fabrication (Starbase),"Starbase, TX",SpaceX,Engineering - Civil,https://boards.greenhouse.io/spacex/jobs/8645314002?gh_jid=8645314002,6452727002,2026-07-22T17:53:28-04:00,2026-09-01T19:48:33-04:00,2026-09-04_16-24-07
8720160002,Construction Superintendent (Night Shift),"Bastrop, TX",SpaceX,Operations - Construction,https://boards.greenhouse.io/spacex/jobs/8720160002?gh_jid=8720160002,6485812002,2026-08-17T10:08:33-04:00,2026-09-01T19:48:33-04:00,2026-09-04_16-24-07
8488362002,"Construction Superintendent, Residential (Starbase Development)","Starbase, TX",SpaceX,Operations - Facilities,https://boards.greenhouse.io/spacex/jobs/8488362002?gh_jid=8488362002,6390630002,2026-04-10T17:26:18-04:00,2026-09-01T19:48:33-04:00,2026-09-04_16-24-07
8609140002,Construction Superintendent (Starship),"Starbase, TX",SpaceX,Operations - Construction,https://boards.greenhouse.io/spacex/jobs/8609140002?gh_jid=8609140002,6438439002,2026-06-29T15:27:01-04:00,2026-09-04T00:18:03-04:00,2026-09-04_16-24-07
8693196002,Construction Superintendent (Starship Pad Build),"Cape Canaveral, FL",SpaceX,Operations - Construction,https://boards.greenhouse.io/spacex/jobs/8693196002?gh_jid=8693196002,6473360002,2026-08-10T09:32:00-04:00,2026-09-01T19:48:33-04:00,2026-09-04_16-24-07
8645226002,Construction Superintendent - Welding (Starbase),"Starbase, TX",SpaceX,Engineering - Civil,https://boards.greenhouse.io/spacex/jobs/8645226002?gh_jid=8645226002,6452692002,2026-07-24T10:43:21-04:00,2026-09-01T19:48:33-04:00,2026-09-04_16-24-07
8536110002,Construction Technician,"Hawthorne, CA",SpaceX,Operations - Facilities,https://boards.greenhouse.io/spacex/jobs/8536110002?gh_jid=8536110002,6409149002,2026-05-05T18:55:51-04:00,2026-09-01T19:48:33-04:00,2026-09-04_16-24-07
8767281002,Construction Technician,"Starbase, TX",SpaceX,Operations - Construction,https://boards.greenhouse.io/spacex/jobs/8767281002?gh_jid=8767281002,6507542002,2026-08-31T18:28:35-04:00,2026-09-01T19:48:33-04:00,2026-09-04_16-24-07
8648204002,Contractor Service Administrator (Facilities),"Cape Canaveral, FL",SpaceX,Operations - Facilities,https://boards.greenhouse.io/spacex/jobs/8648204002?gh_jid=8648204002,6453762002,2026-07-24T15:35:17-04:00,2026-09-01T19:48:33-04:00,2026-09-04_16-24-07
8488303002,Controls Technician (Starship) - Level 4/5,"Starbase, TX",SpaceX,Manufacturing - Automation & Controls and Maintenance,https://boards.greenhouse.io/spacex/jobs/8488303002?gh_jid=8488303002,6390606002,2026-04-01T13:06:21-04:00,2026-09-01T19:48:33-04:00,2026-09-04_16-24-07
8763998002,Cook,"Hawthorne, CA",SpaceX,Operations - Food Services,https://boards.greenhouse.io/spacex/jobs/8763998002?gh_jid=8763998002,6506048002,2026-08-31T18:52:48-04:00,2026-09-01T19:48:33-04:00,2026-09-04_16-24-07
8535185002,Cook,"Redmond, WA",SpaceX,Operations - Food Services,https://boards.greenhouse.io/spacex/jobs/8535185002?gh_jid=8535185002,6408756002,2026-05-05T20:24:32-04:00,2026-09-01T19:48:33-04:00,2026-09-04_16-24-07
8543611002,Cook - 2nd Shift (Temporary),"Cape Canaveral, FL",SpaceX,Operations - Food Services,https://boards.greenhouse.io/spacex/jobs/8543611002?gh_jid=8543611002,6412591002,2026-05-19T17:54:26-04:00,2026-09-01T19:48:33-04:00,2026-09-04_16-24-07
8763460002,Cook - Temporary,"Anderson, TX",SpaceX,Operations - Food Services,https://boards.greenhouse.io/spacex/jobs/8763460002?gh_jid=8763460002,6505791002,2026-08-31T17:56:21-04:00,2026-09-03T20:07:27-04:00,2026-09-04_16-24-07
8595116002,Cook - Temporary,"Starbase, TX",SpaceX,Operations - Food Services,https://boards.greenhouse.io/spacex/jobs/8595116002?gh_jid=8595116002,6433145002,2026-06-17T10:12:15-04:00,2026-09-01T19:48:33-04:00,2026-09-04_16-24-07
8534579002,Cook - Temporary,"Bastrop, TX",SpaceX,Operations - Food Services,https://boards.greenhouse.io/spacex/jobs/8534579002?gh_jid=8534579002,6408471002,2026-05-05T20:29:18-04:00,2026-09-01T19:48:33-04:00,2026-09-04_16-24-07
8660710002,"Corporate Counsel, Strategic Investments","Hawthorne, CA",SpaceX,Corporate - Legal,https://boards.greenhouse.io/spacex/jobs/8660710002?gh_jid=8660710002,6458217002,2026-07-31T13:06:03-04:00,2026-09-01T19:48:33-04:00,2026-09-04_16-24-07
8645888002,"Counsel, Global Trade Compliance","Hawthorne, CA",SpaceX,Corporate - Legal,https://boards.greenhouse.io/spacex/jobs/8645888002?gh_jid=8645888002,6452871002,2026-07-23T11:43:51-04:00,2026-09-01T19:48:33-04:00,2026-09-04_16-24-07
8645899002,"Counsel, Global Trade Compliance","Palo Alto, CA",SpaceX,Corporate - Legal,https://boards.greenhouse.io/spacex/jobs/8645899002?gh_jid=8645899002,6452871002,2026-07-23T11:43:51-04:00,2026-09-01T19:48:33-04:00,2026-09-04_16-24-07
8628980002,Crane Operator - 2nd Shift,"McGregor, TX",SpaceX,Manufacturing - Assembly & Integration,https://boards.greenhouse.io/spacex/jobs/8628980002?gh_jid=8628980002,6446169002,2026-07-13T10:32:56-04:00,2026-09-02T12:52:19-04:00,2026-09-04_16-24-07
8553652002,Critical Lift Technician (Starship),"Starbase, TX",SpaceX,Manufacturing - Other Manufacturing,https://boards.greenhouse.io/spacex/jobs/8553652002?gh_jid=8553652002,6416543002,2026-05-23T13:26:43-04:00,2026-09-01T19:48:33-04:00,2026-09-04_16-24-07
8456320002,Critical Lift & Transport Engineer (Falcon),"Vandenberg, CA",SpaceX,Engineering - Aerospace & Mechanical,https://boards.greenhouse.io/spacex/jobs/8456320002?gh_jid=8456320002,6377878002,2026-03-11T11:45:37-04:00,2026-09-01T19:48:33-04:00,2026-09-04_16-24-07
8413684002,Critical Lift & Transport Engineer (Starship),"Starbase, TX",SpaceX,Engineering - Aerospace & Mechanical,https://boards.greenhouse.io/spacex/jobs/8413684002?gh_jid=8413684002,6360812002,2026-02-20T14:47:04-05:00,2026-09-01T19:48:33-04:00,2026-09-04_16-24-07
8474742002,Critical Lift & Transport Technician (Crane Operations) - Night Shift,"Cape Canaveral, FL",SpaceX,Operations - Construction,https://boards.greenhouse.io/spacex/jobs/8474742002?gh_jid=8474742002,6385156002,2026-03-26T00:02:58-04:00,2026-09-01T19:48:33-04:00,2026-09-04_16-24-07
8633422002,Critical Lift & Transport Technician (Falcon 9),"Long Beach, CA",SpaceX,Operations - Marine,https://boards.greenhouse.io/spacex/jobs/8633422002?gh_jid=8633422002,6448080002,2026-07-15T14:31:18-04:00,2026-09-01T19:48:33-04:00,2026-09-04_16-24-07
8548098002,"Customer Support Associate, Bilingual - Ukrainian (Starlink)","Redmond, WA",SpaceX,Corporate - Customer Support,https://boards.greenhouse.io/spacex/jobs/8548098002?gh_jid=8548098002,6414354002,2026-05-13T15:42:42-04:00,2026-09-01T19:48:33-04:00,2026-09-04_16-24-07
8548093002,"Customer Support Associate, Bilingual - Ukrainian (Starlink)","Bastrop, TX",SpaceX,Corporate - Customer Support,https://boards.greenhouse.io/spacex/jobs/8548093002?gh_jid=8548093002,6414354002,2026-05-13T15:42:41-04:00,2026-09-01T19:48:33-04:00,2026-09-04_16-24-07
8698644002,Dangerous Goods Lead,"Woodinville, WA",SpaceX,Supply Chain & Logistics - Materials Management & Warehouse,https://boards.greenhouse.io/spacex/jobs/8698644002?gh_jid=8698644002,6475874002,2026-08-11T22:00:40-04:00,2026-09-01T19:48:33-04:00,2026-09-04_16-24-07
8698627002,Dangerous Goods Lead,"Bastrop, TX",SpaceX,Supply Chain & Logistics - Materials Management & Warehouse,https://boards.greenhouse.io/spacex/jobs/8698627002?gh_jid=8698627002,6475874002,2026-08-11T22:00:38-04:00,2026-09-01T19:48:33-04:00,2026-09-04_16-24-07
8698643002,Dangerous Goods Lead,"Redmond, WA",SpaceX,Supply Chain & Logistics - Materials Management & Warehouse,https://boards.greenhouse.io/spacex/jobs/8698643002?gh_jid=8698643002,6475874002,2026-08-11T22:00:39-04:00,2026-09-01T19:48:33-04:00,2026-09-04_16-24-07
8698642002,Dangerous Goods Lead,"Hawthorne, CA",SpaceX,Supply Chain & Logistics - Materials Management & Warehouse,https://boards.greenhouse.io/spacex/jobs/8698642002?gh_jid=8698642002,6475874002,2026-08-11T22:00:39-04:00,2026-09-01T19:48:33-04:00,2026-09-04_16-24-07
8748833002,Database Reliability Engineer,"Hawthorne, CA",SpaceX,Engineering - Information Technology,https://boards.greenhouse.io/spacex/jobs/8748833002?gh_jid=8748833002,6499044002,2026-08-26T13:34:45-04:00,2026-09-01T19:48:33-04:00,2026-09-04_16-24-07
8544410002,Data Center Administrator,"Hawthorne, CA",SpaceX,Engineering - Information Technology,https://boards.greenhouse.io/spacex/jobs/8544410002?gh_jid=8544410002,6412890002,2026-05-11T19:27:31-04:00,2026-09-01T19:48:33-04:00,2026-09-04_16-24-07
8782746002,Data Center Facilities Specialist,"Hawthorne, CA",SpaceX,Operations - Facilities,https://boards.greenhouse.io/spacex/jobs/8782746002?gh_jid=8782746002,6513581002,2026-09-03T16:29:26-04:00,2026-09-03T16:30:20-04:00,2026-09-04_16-24-07
8782372002,Data Center Facilities Technician,"Hawthorne, CA",SpaceX,Operations - Facilities,https://boards.greenhouse.io/spacex/jobs/8782372002?gh_jid=8782372002,6513422002,2026-09-03T14:11:02-04:00,2026-09-03T15:52:58-04:00,2026-09-04_16-24-07
8660139002,Data Center Safety Engineer (Automation),"Memphis, TN",SpaceX,Corporate - Environmental Health & Safety,https://boards.greenhouse.io/spacex/jobs/8660139002?gh_jid=8660139002,6457981002,2026-08-03T16:39:00-04:00,2026-09-01T19:48:33-04:00,2026-09-04_16-24-07
8727446002,Data Center Safety Engineer (Electrical),"Memphis, TN",SpaceX,Corporate - Environmental Health & Safety,https://boards.greenhouse.io/spacex/jobs/8727446002?gh_jid=8727446002,6457981002,2026-08-18T14:21:16-04:00,2026-09-01T19:48:33-04:00,2026-09-04_16-24-07
8465286002,Data Center Specialist (Starlink),Remote - WA,SpaceX,Engineering - Network,https://boards.greenhouse.io/spacex/jobs/8465286002?gh_jid=8465286002,6381452002,2026-03-24T12:28:36-04:00,2026-09-01T19:48:33-04:00,2026-09-04_16-24-07
8552660002,Data & Control Systems Engineer,"Cape Canaveral, FL",SpaceX,Engineering - Electrical,https://boards.greenhouse.io/spacex/jobs/8552660002?gh_jid=8552660002,6416105002,2026-05-15T16:32:00-04:00,2026-09-01T19:48:33-04:00,2026-09-04_16-24-07
8543809002,Data & Control Systems Technician (Starship Launch Hardware),"Cape Canaveral, FL",SpaceX,Manufacturing - Automation & Controls and Maintenance,https://boards.greenhouse.io/spacex/jobs/8543809002?gh_jid=8543809002,6412624002,2026-05-11T11:10:23-04:00,2026-09-01T19:48:33-04:00,2026-09-04_16-24-07
8633150002,Data & Control Systems Technician (Starship Launch Hardware) - Level 4/5,"Cape Canaveral, FL",SpaceX,Manufacturing - Automation & Controls and Maintenance,https://boards.greenhouse.io/spacex/jobs/8633150002?gh_jid=8633150002,6447962002,2026-07-16T11:12:46-04:00,2026-09-01T19:48:33-04:00,2026-09-04_16-24-07
8626500002,Data Engineer (Starlink),"Hawthorne, CA",SpaceX,Engineering - Software & Analytics,https://boards.greenhouse.io/spacex/jobs/8626500002?gh_jid=8626500002,6445263002,2026-07-09T13:07:06-04:00,2026-09-01T19:48:33-04:00,2026-09-04_16-24-07
8626535002,Data Engineer (Starlink),"Bastrop, TX",SpaceX,Engineering - Software & Analytics,https://boards.greenhouse.io/spacex/jobs/8626535002?gh_jid=8626535002,6445263002,2026-07-09T13:07:07-04:00,2026-09-01T19:48:33-04:00,2026-09-04_16-24-07
8637472002,Data Engineer (Starlink Go-To-Market),"Hawthorne, CA",SpaceX,Engineering - Software & Analytics,https://boards.greenhouse.io/spacex/jobs/8637472002?gh_jid=8637472002,6449677002,2026-07-16T18:49:32-04:00,2026-09-01T19:48:33-04:00,2026-09-04_16-24-07
8569186002,Data Engineer (Starship),"Starbase, TX",SpaceX,Supply Chain & Logistics - Supply Chain Engineering,https://boards.greenhouse.io/spacex/jobs/8569186002?gh_jid=8569186002,6422686002,2026-06-01T15:30:36-04:00,2026-09-01T19:48:33-04:00,2026-09-04_16-24-07
8510434002,Data Infrastructure Operations Manager II (Starlink),"Sunnyvale, CA",SpaceX,Supply Chain & Logistics - Sourcing & Planning,https://boards.greenhouse.io/spacex/jobs/8510434002?gh_jid=8510434002,6399559002,2026-04-16T20:20:14-04:00,2026-09-01T19:48:33-04:00,2026-09-04_16-24-07
8508424002,Data Infrastructure Operations Specialist II (Starlink),"Redmond, WA",SpaceX,Supply Chain & Logistics - Sourcing & Planning,https://boards.greenhouse.io/spacex/jobs/8508424002?gh_jid=8508424002,6398826002,2026-04-15T12:59:41-04:00,2026-09-01T19:48:33-04:00,2026-09-04_16-24-07
8783265002,Data Scientist (Starlink),"Redmond, WA",SpaceX,Engineering - Software & Analytics,https://boards.greenhouse.io/spacex/jobs/8783265002?gh_jid=8783265002,6513769002,2026-09-04T10:13:09-04:00,2026-09-04T10:13:09-04:00,2026-09-04_16-24-07
8772025002,Deburr Technician (Machining),"Hawthorne, CA",SpaceX,Manufacturing - Machining,https://boards.greenhouse.io/spacex/jobs/8772025002?gh_jid=8772025002,6509744002,2026-09-02T00:03:09-04:00,2026-09-02T00:04:01-04:00,2026-09-04_16-24-07
8680153002,"Deburr Technician, Machining (Starship)","Hawthorne, CA",SpaceX,Manufacturing - Machining,https://boards.greenhouse.io/spacex/jobs/8680153002?gh_jid=8680153002,6467575002,2026-08-04T21:27:01-04:00,2026-09-01T19:48:33-04:00,2026-09-04_16-24-07
8675197002,Delivery Systems Specialist - Driver,"Redmond, WA",SpaceX,Supply Chain & Logistics - Materials Management & Warehouse,https://boards.greenhouse.io/spacex/jobs/8675197002?gh_jid=8675197002,6465189002,2026-08-05T13:14:20-04:00,2026-09-01T19:48:33-04:00,2026-09-04_16-24-07
8721103002,Design Criteria Engineer (Falcon & Dragon),"Hawthorne, CA",SpaceX,Engineering - Aerospace & Mechanical,https://boards.greenhouse.io/spacex/jobs/8721103002?gh_jid=8721103002,6468578002,2026-08-17T11:39:40-04:00,2026-09-01T19:48:33-04:00,2026-09-04_16-24-07
8492189002,Design Criteria Engineer (Starshield),"Hawthorne, CA",SpaceX,Engineering - Aerospace & Mechanical,https://boards.greenhouse.io/spacex/jobs/8492189002?gh_jid=8492189002,6392035002,2026-04-02T20:32:43-04:00,2026-09-01T19:48:33-04:00,2026-09-04_16-24-07
8760091002,Design Criteria Engineer (Starship),"Starbase, TX",SpaceX,Engineering - Aerospace & Mechanical,https://boards.greenhouse.io/spacex/jobs/8760091002?gh_jid=8760091002,6504160002,2026-08-28T16:48:53-04:00,2026-09-01T19:48:33-04:00,2026-09-04_16-24-07
8499349002,Design Criteria Engineer (Starship),"Starbase, TX",SpaceX,Engineering - Aerospace & Mechanical,https://boards.greenhouse.io/spacex/jobs/8499349002?gh_jid=8499349002,6395030002,2026-04-08T17:17:50-04:00,2026-09-01T19:48:33-04:00,2026-09-04_16-24-07
8682164002,Design Reliability Engineer (Falcon & Dragon),"Hawthorne, CA",SpaceX,Engineering - Aerospace & Mechanical,https://boards.greenhouse.io/spacex/jobs/8682164002?gh_jid=8682164002,6468578002,2026-08-05T00:03:32-04:00,2026-09-01T19:48:33-04:00,2026-09-04_16-24-07
8632971002,Design Verification Engineer (Silicon Engineering),"Palo Alto, CA",SpaceX,Engineering - Silicon,https://boards.greenhouse.io/spacex/jobs/8632971002?gh_jid=8632971002,6447876002,2026-07-14T14:57:20-04:00,2026-09-01T19:48:33-04:00,2026-09-04_16-24-07
8632894002,Design Verification Engineer (Silicon Engineering),"Redmond, WA",SpaceX,Engineering - Silicon,https://boards.greenhouse.io/spacex/jobs/8632894002?gh_jid=8632894002,6447842002,2026-07-14T14:57:51-04:00,2026-09-01T19:48:33-04:00,2026-09-04_16-24-07
8632395002,Design Verification Engineer (Silicon Engineering),"Irvine, CA",SpaceX,Engineering - Silicon,https://boards.greenhouse.io/spacex/jobs/8632395002?gh_jid=8632395002,6447638002,2026-07-14T14:57:01-04:00,2026-09-01T19:48:33-04:00,2026-09-04_16-24-07
8632967002,Design Verification Engineer (Silicon Engineering),"Austin, TX",SpaceX,Engineering - Silicon,https://boards.greenhouse.io/spacex/jobs/8632967002?gh_jid=8632967002,6447872002,2026-07-14T14:56:40-04:00,2026-09-01T19:48:33-04:00,2026-09-04_16-24-07
8570074002,"Development Process Technician, Injection Molding (Starlink) - Level 4/5","Bastrop, TX",SpaceX,Manufacturing - Other Manufacturing,https://boards.greenhouse.io/spacex/jobs/8570074002?gh_jid=8570074002,6423049002,2026-06-01T14:00:20-04:00,2026-09-01T19:48:33-04:00,2026-09-04_16-24-07
8534711002,Development Technician (PCBA) - 2nd Shift (Starlink),"Redmond, WA",SpaceX,"Manufacturing - PCB, Silicon, and Solar",https://boards.greenhouse.io/spacex/jobs/8534711002?gh_jid=8534711002,6408540002,2026-05-04T20:21:17-04:00,2026-09-01T19:48:33-04:00,2026-09-04_16-24-07
8696914002,Development Technician (Starlink),"Bastrop, TX",SpaceX,Manufacturing - Machining,https://boards.greenhouse.io/spacex/jobs/8696914002?gh_jid=8696914002,6475057002,2026-08-19T13:46:05-04:00,2026-09-01T19:48:33-04:00,2026-09-04_16-24-07
8647452002,"Development Test Engineer, Battery (Starship Electronics)","Hawthorne, CA",SpaceX,Engineering - Electrical,https://boards.greenhouse.io/spacex/jobs/8647452002?gh_jid=8647452002,6453495002,2026-07-23T13:07:05-04:00,2026-09-01T19:48:33-04:00,2026-09-04_16-24-07
8532641002,"Development Test Engineer, Satellites (Starlink)","Redmond, WA",SpaceX,Engineering - Electrical,https://boards.greenhouse.io/spacex/jobs/8532641002?gh_jid=8532641002,6407641002,2026-05-01T14:24:38-04:00,2026-09-01T19:48:33-04:00,2026-09-04_16-24-07
8551872002,"Development Test Engineer, Structures (Starship)","Starbase, TX",SpaceX,Engineering - Aerospace & Mechanical,https://boards.greenhouse.io/spacex/jobs/8551872002?gh_jid=8551872002,6415715002,2026-05-18T14:00:29-04:00,2026-09-01T19:48:33-04:00,2026-09-04_16-24-07
8378521002,Development Test Technician (Mechanical),"McGregor, TX",SpaceX,Manufacturing - Assembly & Integration,https://boards.greenhouse.io/spacex/jobs/8378521002?gh_jid=8378521002,6345158002,2026-01-16T12:57:20-05:00,2026-09-01T19:48:33-04:00,2026-09-04_16-24-07
8428913002,Diamond Turning Machinist (Starlink),"Redmond, WA",SpaceX,Manufacturing - Machining,https://boards.greenhouse.io/spacex/jobs/8428913002?gh_jid=8428913002,6366845002,2026-02-24T20:50:16-05:00,2026-09-01T19:48:33-04:00,2026-09-04_16-24-07
8452928002,Diamond Turning Machinist (Starlink) - Level 4/5,"Redmond, WA",SpaceX,Manufacturing - Machining,https://boards.greenhouse.io/spacex/jobs/8452928002?gh_jid=8452928002,6376500002,2026-03-10T19:22:08-04:00,2026-09-01T19:48:33-04:00,2026-09-04_16-24-07
8523980002,Diamond Turning Machinist (Starshield),"Hawthorne, CA",SpaceX,Manufacturing - Machining,https://boards.greenhouse.io/spacex/jobs/8523980002?gh_jid=8523980002,6404510002,2026-04-24T19:49:31-04:00,2026-09-01T19:48:33-04:00,2026-09-04_16-24-07
8523995002,Diamond Turning Machinist (Starshield) - Level 4/5,"Hawthorne, CA",SpaceX,Manufacturing - Machining,https://boards.greenhouse.io/spacex/jobs/8523995002?gh_jid=8523995002,6404515002,2026-04-24T19:41:57-04:00,2026-09-01T19:48:33-04:00,2026-09-04_16-24-07
8582763002,Diamond Turning Technician (Starlink) - 2nd Shift,"Redmond, WA",SpaceX,Manufacturing - Machining,https://boards.greenhouse.io/spacex/jobs/8582763002?gh_jid=8582763002,6428186002,2026-06-09T16:50:23-04:00,2026-09-01T19:48:33-04:00,2026-09-04_16-24-07
8741932002,Dimensional Inspector (CMM Programmer),"Hawthorne, CA",SpaceX,Supply Chain & Logistics - Supply Chain Engineering,https://boards.greenhouse.io/spacex/jobs/8741932002?gh_jid=8741932002,6495815002,2026-08-24T20:10:58-04:00,2026-09-01T19:48:33-04:00,2026-09-04_16-24-07
8633899002,Dimensional Inspector - Supply Chain (Starship),"Starbase, TX",SpaceX,Supply Chain & Logistics - Materials Management & Warehouse,https://boards.greenhouse.io/spacex/jobs/8633899002?gh_jid=8633899002,6448266002,2026-07-15T13:33:58-04:00,2026-09-01T19:48:33-04:00,2026-09-04_16-24-07
8632982002,EDA Engineer (RFIC Engineering),"Redmond, WA",SpaceX,Engineering - Silicon,https://boards.greenhouse.io/spacex/jobs/8632982002?gh_jid=8632982002,6447886002,2026-07-14T14:51:36-04:00,2026-09-01T19:48:33-04:00,2026-09-04_16-24-07
8632993002,EDA Engineer (RFIC Engineering),"Irvine, CA",SpaceX,Engineering - Silicon,https://boards.greenhouse.io/spacex/jobs/8632993002?gh_jid=8632993002,6447886002,2026-07-14T14:51:35-04:00,2026-09-01T19:48:33-04:00,2026-09-04_16-24-07
8691691002,EDM Machinist (Starlink),"Bastrop, TX",SpaceX,Manufacturing - Machining,https://boards.greenhouse.io/spacex/jobs/8691691002?gh_jid=8691691002,6472723002,2026-08-10T13:16:59-04:00,2026-09-01T19:48:33-04:00,2026-09-04_16-24-07
8579766002,EDM Programmer (Starlink),"Bastrop, TX",SpaceX,Manufacturing - Machining,https://boards.greenhouse.io/spacex/jobs/8579766002?gh_jid=8579766002,6426943002,2026-06-05T14:34:48-04:00,2026-09-01T19:48:33-04:00,2026-09-04_16-24-07
8703042002,EEE Failure Analysis Specialist (Starlink Satellite PCB Engineering),"Redmond, WA",SpaceX,"Manufacturing - PCB, Silicon, and Solar",https://boards.greenhouse.io/spacex/jobs/8703042002?gh_jid=8703042002,6477820002,2026-08-21T15:46:50-04:00,2026-09-01T19:48:33-04:00,2026-09-04_16-24-07
8629130002,Electrical Design Engineer (Falcon & Dragon Avionics),"Hawthorne, CA",SpaceX,Engineering - Electrical,https://boards.greenhouse.io/spacex/jobs/8629130002?gh_jid=8629130002,6446228002,2026-07-10T20:43:29-04:00,2026-09-01T19:48:33-04:00,2026-09-04_16-24-07
8700387002,"Electrical Design Engineer, Gateways & Customer Hardware (Starlink)","Bastrop, TX",SpaceX,Engineering - Electrical,https://boards.greenhouse.io/spacex/jobs/8700387002?gh_jid=8700387002,6476626002,2026-08-12T18:17:53-04:00,2026-09-01T19:48:33-04:00,2026-09-04_16-24-07
8682184002,"Electrical Design Engineer, Satellites Payload (Starlink)","Palo Alto, CA",SpaceX,Engineering - Electrical,https://boards.greenhouse.io/spacex/jobs/8682184002?gh_jid=8682184002,6468597002,2026-08-05T11:44:46-04:00,2026-09-01T19:48:33-04:00,2026-09-04_16-24-07
8563212002,Electrical Design Engineer (Starlink Mobile),"Redmond, WA",SpaceX,Engineering - Electrical,https://boards.greenhouse.io/spacex/jobs/8563212002?gh_jid=8563212002,6420329002,2026-05-26T17:45:56-04:00,2026-09-01T19:48:33-04:00,2026-09-04_16-24-07
8676042002,Electrical Design Engineer (Starshield),"Hawthorne, CA",SpaceX,Engineering - Electrical,https://boards.greenhouse.io/spacex/jobs/8676042002?gh_jid=8676042002,6465590002,2026-08-06T11:34:46-04:00,2026-09-01T19:48:33-04:00,2026-09-04_16-24-07
8727981002,Electrical Designer (Construction),"Hawthorne, CA",SpaceX,Engineering - Electrical,https://boards.greenhouse.io/spacex/jobs/8727981002?gh_jid=8727981002,6470520002,2026-08-18T15:55:53-04:00,2026-09-01T19:48:33-04:00,2026-09-04_16-24-07
8647939002,Electrical Engineer - Energy & Generation,"McGregor, TX",SpaceX,Engineering - Electrical,https://boards.greenhouse.io/spacex/jobs/8647939002?gh_jid=8647939002,6453651002,2026-07-24T12:37:53-04:00,2026-09-01T19:48:33-04:00,2026-09-04_16-24-07
8658859002,"Electrical Engineer, Energy Infrastructure & Generation","Bastrop, TX",SpaceX,Engineering - Electrical,https://boards.greenhouse.io/spacex/jobs/8658859002?gh_jid=8658859002,6457560002,2026-08-03T09:57:20-04:00,2026-09-01T19:48:33-04:00,2026-09-04_16-24-07
8686707002,Electrical Engineer (Facilities),"Hawthorne, CA",SpaceX,Engineering - Electrical,https://boards.greenhouse.io/spacex/jobs/8686707002?gh_jid=8686707002,6470520002,2026-08-05T20:26:04-04:00,2026-09-01T19:48:33-04:00,2026-09-04_16-24-07
8583707002,"Electrical Engineer, Facilities Infrastructure","Cape Canaveral, FL",SpaceX,Engineering - Electrical,https://boards.greenhouse.io/spacex/jobs/8583707002?gh_jid=8583707002,6428561002,2026-06-09T12:00:27-04:00,2026-09-01T19:48:33-04:00,2026-09-04_16-24-07
8546238002,"Electrical Engineer, Facilities (Starlink)","Bastrop, TX",SpaceX,Engineering - Electrical,https://boards.greenhouse.io/spacex/jobs/8546238002?gh_jid=8546238002,6413609002,2026-05-29T14:30:59-04:00,2026-09-01T19:48:33-04:00,2026-09-04_16-24-07
8581449002,"Electrical Engineer, Hardware Reliability (Starlink)","Bastrop, TX",SpaceX,Engineering - Electrical,https://boards.greenhouse.io/spacex/jobs/8581449002?gh_jid=8581449002,6427610002,2026-06-08T10:09:12-04:00,2026-09-01T19:48:33-04:00,2026-09-04_16-24-07
8621275002,Electrical Engineer - Instrumentation and Controls,"McGregor, TX",SpaceX,Engineering - Electrical,https://boards.greenhouse.io/spacex/jobs/8621275002?gh_jid=8621275002,6442948002,2026-07-06T14:47:15-04:00,2026-09-01T19:48:33-04:00,2026-09-04_16-24-07
8737393002,"Electrical Engineer, Launch Infrastructure (Starship)","Cape Canaveral, FL",SpaceX,Engineering - Electrical,https://boards.greenhouse.io/spacex/jobs/8737393002?gh_jid=8737393002,6493657002,2026-08-21T10:27:55-04:00,2026-09-01T19:48:33-04:00,2026-09-04_16-24-07
8564730002,"Electrical Engineer, Launch Pad (Starship)","Cape Canaveral, FL",SpaceX,Engineering - Electrical,https://boards.greenhouse.io/spacex/jobs/8564730002?gh_jid=8564730002,6421045002,2026-05-26T18:47:28-04:00,2026-09-01T19:48:33-04:00,2026-09-04_16-24-07
8752568002,"Electrical Engineer, Launch Pad (Starship)","Starbase, TX",SpaceX,Engineering - Electrical,https://boards.greenhouse.io/spacex/jobs/8752568002?gh_jid=8752568002,6500681002,2026-08-26T19:53:56-04:00,2026-09-01T19:48:33-04:00,2026-09-04_16-24-07
8509293002,"Electrical Engineer, PCB (Starlink)","Bastrop, TX",SpaceX,"Manufacturing - PCB, Silicon, and Solar",https://boards.greenhouse.io/spacex/jobs/8509293002?gh_jid=8509293002,6399129002,2026-04-29T16:20:53-04:00,2026-09-01T19:48:33-04:00,2026-09-04_16-24-07
8609188002,Electrical Engineer (Power Systems),"McGregor, TX",SpaceX,Engineering - Electrical,https://boards.greenhouse.io/spacex/jobs/8609188002?gh_jid=8609188002,6438460002,2026-06-25T16:41:58-04:00,2026-09-01T19:48:33-04:00,2026-09-04_16-24-07
8436568002,"Electrical Engineer, Power Systems (Starlink)","Bastrop, TX",SpaceX,Engineering - Electrical,https://boards.greenhouse.io/spacex/jobs/8436568002?gh_jid=8436568002,6369969002,2026-02-24T18:07:28-05:00,2026-09-01T19:48:33-04:00,2026-09-04_16-24-07
8500856002,"Electrical Engineer, Propellant Generation (Starship)","Cape Canaveral, FL",SpaceX,Engineering - Electrical,https://boards.greenhouse.io/spacex/jobs/8500856002?gh_jid=8500856002,6395641002,2026-04-09T15:54:28-04:00,2026-09-01T19:48:33-04:00,2026-09-04_16-24-07
8726512002,"Electrical Engineer, Radiation Effects","Hawthorne, CA",SpaceX,Engineering - Electrical,https://boards.greenhouse.io/spacex/jobs/8726512002?gh_jid=8726512002,6436990002,2026-08-18T12:41:27-04:00,2026-09-01T19:48:33-04:00,2026-09-04_16-24-07
8727526002,"Electrical Engineer, Sensors (Starship Avionics)","Hawthorne, CA",SpaceX,Engineering - Electrical,https://boards.greenhouse.io/spacex/jobs/8727526002?gh_jid=8727526002,6489198002,2026-08-18T14:53:13-04:00,2026-09-01T19:48:33-04:00,2026-09-04_16-24-07
8701462002,"Electrical Engineer, Silicon Reliability Test (Starlink)","Bastrop, TX",SpaceX,Engineering - Electrical,https://boards.greenhouse.io/spacex/jobs/8701462002?gh_jid=8701462002,6477047002,2026-08-12T19:18:36-04:00,2026-09-01T19:48:33-04:00,2026-09-04_16-24-07
8559232002,Electrical Engineer (Starship Avionics),"Starbase, TX",SpaceX,Engineering - Electrical,https://boards.greenhouse.io/spacex/jobs/8559232002?gh_jid=8559232002,6418943002,2026-05-20T23:01:02-04:00,2026-09-01T19:48:33-04:00,2026-09-04_16-24-07
8593382002,Electrical Engineer (Starship Avionics),"Hawthorne, CA",SpaceX,Engineering - Electrical,https://boards.greenhouse.io/spacex/jobs/8593382002?gh_jid=8593382002,6432356002,2026-06-15T21:36:46-04:00,2026-09-01T19:48:33-04:00,2026-09-04_16-24-07
8639247002,"Electrical Hardware Engineer, AI Satellites (Starmind)","Bastrop, TX",SpaceX,Engineering - Electrical,https://boards.greenhouse.io/spacex/jobs/8639247002?gh_jid=8639247002,6450375002,2026-07-17T16:32:50-04:00,2026-09-01T19:48:33-04:00,2026-09-04_16-24-07
8747673002,"Electrical Hardware Engineer - Optics, Satellites (Starlink)","Redmond, WA",SpaceX,Engineering - Electrical,https://boards.greenhouse.io/spacex/jobs/8747673002?gh_jid=8747673002,6498486002,2026-08-25T16:09:59-04:00,2026-09-01T19:48:33-04:00,2026-09-04_16-24-07
8631618002,"Electrical Hardware Engineer, Satellites (Starlink)","Redmond, WA",SpaceX,Engineering - Electrical,https://boards.greenhouse.io/spacex/jobs/8631618002?gh_jid=8631618002,6447331002,2026-07-13T14:36:42-04:00,2026-09-01T19:48:33-04:00,2026-09-04_16-24-07
8747041002,"Electrical On-orbit Reliability Engineer, Satellites (Starlink)","Redmond, WA",SpaceX,Engineering - Electrical,https://boards.greenhouse.io/spacex/jobs/8747041002?gh_jid=8747041002,6498180002,2026-08-25T14:53:57-04:00,2026-09-01T19:48:33-04:00,2026-09-04_16-24-07
8756045002,Electrical Safety Engineer (AI Supercomputer),"Memphis, TN",SpaceX,Corporate - Environmental Health & Safety,https://boards.greenhouse.io/spacex/jobs/8756045002?gh_jid=8756045002,6502363002,2026-08-28T14:21:19-04:00,2026-09-01T19:48:33-04:00,2026-09-04_16-24-07
8579716002,Electrical Superintendent,"Hawthorne, CA",SpaceX,Operations - Construction,https://boards.greenhouse.io/spacex/jobs/8579716002?gh_jid=8579716002,6397297002,2026-06-04T19:37:18-04:00,2026-09-01T19:48:33-04:00,2026-09-04_16-24-07
8659087002,"Electrical Test and Reliability Engineer, Satellites (Starlink)","Redmond, WA",SpaceX,Engineering - Electrical,https://boards.greenhouse.io/spacex/jobs/8659087002?gh_jid=8659087002,6457617002,2026-07-30T23:34:04-04:00,2026-09-01T19:48:33-04:00,2026-09-04_16-24-07
8700262002,"Electrical Test Development Engineer, Customer Hardware (Starlink)","Bastrop, TX",SpaceX,Engineering - Electrical,https://boards.greenhouse.io/spacex/jobs/8700262002?gh_jid=8700262002,6476613002,2026-08-12T18:08:52-04:00,2026-09-01T19:48:33-04:00,2026-09-04_16-24-07
8532471002,"Electrical Test Engineer, PCB (Starlink)","Bastrop, TX",SpaceX,"Manufacturing - PCB, Silicon, and Solar",https://boards.greenhouse.io/spacex/jobs/8532471002?gh_jid=8532471002,6399129002,2026-04-30T17:11:38-04:00,2026-09-01T19:48:33-04:00,2026-09-04_16-24-07
8643997002,Electrical Test Engineer (Starshield),"Hawthorne, CA",SpaceX,Engineering - Electrical,https://boards.greenhouse.io/spacex/jobs/8643997002?gh_jid=8643997002,6395773002,2026-07-21T21:26:08-04:00,2026-09-01T19:48:33-04:00,2026-09-04_16-24-07
8495213002,"Electrical Test Specialist, PCB (Starlink)","Bastrop, TX",SpaceX,"Manufacturing - PCB, Silicon, and Solar",https://boards.greenhouse.io/spacex/jobs/8495213002?gh_jid=8495213002,6393307002,2026-04-07T13:38:58-04:00,2026-09-01T19:48:33-04:00,2026-09-04_16-24-07
8735328002,Electrical Training Specialist (Starlink),"Bastrop, TX",SpaceX,Manufacturing - Other Manufacturing,https://boards.greenhouse.io/spacex/jobs/8735328002?gh_jid=8735328002,6492660002,2026-08-21T10:50:16-04:00,2026-09-01T19:48:33-04:00,2026-09-04_16-24-07
8672648002,Electrician,"McGregor, TX",SpaceX,Operations - Construction,https://boards.greenhouse.io/spacex/jobs/8672648002?gh_jid=8672648002,6464003002,2026-08-04T11:25:28-04:00,2026-09-01T19:48:33-04:00,2026-09-04_16-24-07
8728544002,Electrician,"Hawthorne, CA",SpaceX,Operations - Facilities,https://boards.greenhouse.io/spacex/jobs/8728544002?gh_jid=8728544002,6489650002,2026-08-18T18:54:04-04:00,2026-09-01T19:48:33-04:00,2026-09-04_16-24-07
8747636002,"Electrician, Facilities (Multiple Shifts)","Cape Canaveral, FL",SpaceX,Operations - Facilities,https://boards.greenhouse.io/spacex/jobs/8747636002?gh_jid=8747636002,6498469002,2026-08-25T16:19:48-04:00,2026-09-01T19:48:33-04:00,2026-09-04_16-24-07
8530679002,"Electrician, Solar Cells (Starlink) - Day Shift","Bastrop, TX",SpaceX,Manufacturing - Electronics,https://boards.greenhouse.io/spacex/jobs/8530679002?gh_jid=8530679002,6406831002,2026-04-29T17:58:58-04:00,2026-09-01T19:48:33-04:00,2026-09-04_16-24-07
8657722002,Electrician (Starlink),"Redmond, WA",SpaceX,Operations - Facilities,https://boards.greenhouse.io/spacex/jobs/8657722002?gh_jid=8657722002,6457169002,2026-07-31T14:20:19-04:00,2026-09-01T19:48:33-04:00,2026-09-04_16-24-07
8617097002,"Electrician, Starship Launch Pad - Night Shift","Cape Canaveral, FL",SpaceX,Manufacturing - Assembly & Integration,https://boards.greenhouse.io/spacex/jobs/8617097002?gh_jid=8617097002,6441487002,2026-07-01T17:45:57-04:00,2026-09-01T19:48:33-04:00,2026-09-04_16-24-07
8460962002,"Electric Propulsion Engineer, Mechanical - (Starlink)","Redmond, WA",SpaceX,Engineering - Aerospace & Mechanical,https://boards.greenhouse.io/spacex/jobs/8460962002?gh_jid=8460962002,6379601002,2026-03-12T13:44:25-04:00,2026-09-01T19:48:33-04:00,2026-09-04_16-24-07
8650130002,"Electric Propulsion Engineer, Mechanical (Starshield)","Hawthorne, CA",SpaceX,Engineering - Aerospace & Mechanical,https://boards.greenhouse.io/spacex/jobs/8650130002?gh_jid=8650130002,6454550002,2026-07-28T17:24:21-04:00,2026-09-01T19:48:33-04:00,2026-09-04_16-24-07
8731514002,Electromagnetic Effects Engineer (Starlink Aviation),"Woodinville, WA",SpaceX,Engineering - Electrical,https://boards.greenhouse.io/spacex/jobs/8731514002?gh_jid=8731514002,6491037002,2026-08-21T13:11:24-04:00,2026-09-01T19:48:33-04:00,2026-09-04_16-24-07
8586528002,Electromagnetic Effects Test Engineer,"Hawthorne, CA",SpaceX,Engineering - Electrical,https://boards.greenhouse.io/spacex/jobs/8586528002?gh_jid=8586528002,6426051002,2026-06-10T15:27:01-04:00,2026-09-01T19:48:33-04:00,2026-09-04_16-24-07
8721179002,Electromagnetic Effects Test Engineer (Automotive/Satellite EMC),"Hawthorne, CA",SpaceX,Engineering - Electrical,https://boards.greenhouse.io/spacex/jobs/8721179002?gh_jid=8721179002,6486242002,2026-08-20T15:51:07-04:00,2026-09-01T19:48:33-04:00,2026-09-04_16-24-07
8569955002,Electromechanical Technician (Starshield),"Hawthorne, CA",SpaceX,Manufacturing - Assembly & Integration,https://boards.greenhouse.io/spacex/jobs/8569955002?gh_jid=8569955002,6422991002,2026-06-08T13:36:17-04:00,2026-09-01T19:48:33-04:00,2026-09-04_16-24-07
8569969002,Electromechanical Technician (Starshield) - Level 4/5,"Hawthorne, CA",SpaceX,Manufacturing - Assembly & Integration,https://boards.greenhouse.io/spacex/jobs/8569969002?gh_jid=8569969002,6423000002,2026-06-08T17:58:45-04:00,2026-09-01T19:48:33-04:00,2026-09-04_16-24-07
8569299002,Electron Beam Welder (Raptor Combustion Devices),"Hawthorne, CA",SpaceX,Manufacturing - Welding,https://boards.greenhouse.io/spacex/jobs/8569299002?gh_jid=8569299002,6422761002,2026-05-28T17:21:47-04:00,2026-09-01T19:48:33-04:00,2026-09-04_16-24-07
8733796002,Electronics Technician (Falcon Test),"McGregor, TX",SpaceX,Manufacturing - Electronics,https://boards.greenhouse.io/spacex/jobs/8733796002?gh_jid=8733796002,6492005002,2026-08-21T11:54:04-04:00,2026-09-01T19:48:33-04:00,2026-09-04_16-24-07
8436445002,Elevator Mechanic - Level 4/5,"Starbase, TX",SpaceX,Operations - Facilities,https://boards.greenhouse.io/spacex/jobs/8436445002?gh_jid=8436445002,6369911002,2026-02-27T12:42:49-05:00,2026-09-01T19:48:33-04:00,2026-09-04_16-24-07
8719863002,Embedded Security Engineer (Starlink),"Bastrop, TX",SpaceX,Engineering - Security,https://boards.greenhouse.io/spacex/jobs/8719863002?gh_jid=8719863002,6485678002,2026-08-17T23:23:06-04:00,2026-09-01T19:48:33-04:00,2026-09-04_16-24-07
8719858002,Embedded Security Engineer (Starlink),"Hawthorne, CA",SpaceX,Engineering - Security,https://boards.greenhouse.io/spacex/jobs/8719858002?gh_jid=8719858002,6485678002,2026-08-17T23:23:05-04:00,2026-09-01T19:48:33-04:00,2026-09-04_16-24-07
8719857002,Embedded Security Engineer (Starlink),"Redmond, WA",SpaceX,Engineering - Security,https://boards.greenhouse.io/spacex/jobs/8719857002?gh_jid=8719857002,6485678002,2026-08-17T23:23:04-04:00,2026-09-01T19:48:33-04:00,2026-09-04_16-24-07
8578936002,"Embedded Software Engineer, Laser Mesh Routing (Starlink)","Redmond, WA",SpaceX,Engineering - Software & Analytics,https://boards.greenhouse.io/spacex/jobs/8578936002?gh_jid=8578936002,6426603002,2026-06-09T17:04:24-04:00,2026-09-01T19:48:33-04:00,2026-09-04_16-24-07
8578934002,"Embedded Software Engineer, Laser Mesh Routing (Starlink)","Palo Alto, CA",SpaceX,Engineering - Software & Analytics,https://boards.greenhouse.io/spacex/jobs/8578934002?gh_jid=8578934002,6426603002,2026-06-09T17:04:23-04:00,2026-09-01T19:48:33-04:00,2026-09-04_16-24-07
8752935002,"Embedded Software Engineer, OS/Platform  (Starlink)","Redmond, WA",SpaceX,Engineering - Software & Analytics,https://boards.greenhouse.io/spacex/jobs/8752935002?gh_jid=8752935002,6500702002,2026-08-27T11:14:20-04:00,2026-09-01T19:48:33-04:00,2026-09-04_16-24-07
8511391002,"Embedded Software Engineer, OS/Platform (Starlink)","Bastrop, TX",SpaceX,Engineering - Software & Analytics,https://boards.greenhouse.io/spacex/jobs/8511391002?gh_jid=8511391002,6399872002,2026-04-21T18:11:59-04:00,2026-09-01T19:48:33-04:00,2026-09-04_16-24-07
8530798002,"Embedded Software Engineer, OS/Platform (Starshield)","Hawthorne, CA",SpaceX,Engineering - Software & Analytics,https://boards.greenhouse.io/spacex/jobs/8530798002?gh_jid=8530798002,6406887002,2026-05-05T20:42:30-04:00,2026-09-01T19:48:33-04:00,2026-09-04_16-24-07
8603628002,"Embedded Software Engineer, Satellite Antenna (Starlink)","Redmond, WA",SpaceX,Engineering - Software & Analytics,https://boards.greenhouse.io/spacex/jobs/8603628002?gh_jid=8603628002,6436368002,2026-06-23T17:59:44-04:00,2026-09-01T19:48:33-04:00,2026-09-04_16-24-07
8706480002,Embedded Software Engineer (Starlink),"Bastrop, TX",SpaceX,Engineering - Software & Analytics,https://boards.greenhouse.io/spacex/jobs/8706480002?gh_jid=8706480002,6479333002,2026-08-31T11:00:19-04:00,2026-09-01T19:48:33-04:00,2026-09-04_16-24-07
8735415002,EMC/EMI Test Specialist (Starlink Aviation),"Woodinville, WA",SpaceX,Manufacturing - Electronics,https://boards.greenhouse.io/spacex/jobs/8735415002?gh_jid=8735415002,6492706002,2026-09-01T12:35:32-04:00,2026-09-01T19:48:33-04:00,2026-09-04_16-24-07
8726284002,EMC/EMI Test Technician (2nd Shift),"Bastrop, TX",SpaceX,Manufacturing - Electronics,https://boards.greenhouse.io/spacex/jobs/8726284002?gh_jid=8726284002,6488611002,2026-08-20T15:51:20-04:00,2026-09-01T19:48:33-04:00,2026-09-04_16-24-07
8512656002,EMC/EMI Test Technician (Second Shift),"Bastrop, TX",SpaceX,Manufacturing - Electronics,https://boards.greenhouse.io/spacex/jobs/8512656002?gh_jid=8512656002,6400384002,2026-04-17T16:39:06-04:00,2026-09-01T19:48:33-04:00,2026-09-04_16-24-07
8694710002,"Engineering Manager, Wastewater Treatment & Ultrapure Water (Starlink)","Bastrop, TX",SpaceX,Engineering - Materials,https://boards.greenhouse.io/spacex/jobs/8694710002?gh_jid=8694710002,6474025002,2026-08-12T13:53:12-04:00,2026-09-01T19:48:33-04:00,2026-09-04_16-24-07
8473726002,Engineering Technician (Starlink/Akoustis),"Canandaigua, NY",SpaceX,Manufacturing - Other Manufacturing,https://boards.greenhouse.io/spacex/jobs/8473726002?gh_jid=8473726002,6384692002,2026-03-22T22:18:04-04:00,2026-09-01T19:48:33-04:00,2026-09-04_16-24-07
8561581002,Enterprise Account Manager (Aviation),"Woodinville, WA",SpaceX,Corporate - Sales & Business Operations,https://boards.greenhouse.io/spacex/jobs/8561581002?gh_jid=8561581002,6419709002,2026-05-27T17:19:14-04:00,2026-09-01T19:48:33-04:00,2026-09-04_16-24-07
8657538002,(Entry Level) Production Technician - PCBA,"Redmond, WA",SpaceX,Manufacturing - Electronics,https://boards.greenhouse.io/spacex/jobs/8657538002?gh_jid=8657538002,6457072002,2026-07-30T14:09:01-04:00,2026-09-01T19:48:33-04:00,2026-09-04_16-24-07
8615030002,Environmental Engineer,"Hawthorne, CA",SpaceX,Corporate - Environmental Health & Safety,https://boards.greenhouse.io/spacex/jobs/8615030002?gh_jid=8615030002,6440726002,2026-07-01T14:36:49-04:00,2026-09-01T19:48:33-04:00,2026-09-04_16-24-07
8716666002,Environmental Engineer,"McGregor, TX",SpaceX,Corporate - Environmental Health & Safety,https://boards.greenhouse.io/spacex/jobs/8716666002?gh_jid=8716666002,6484085002,2026-08-18T14:41:11-04:00,2026-09-01T19:48:33-04:00,2026-09-04_16-24-07
8639498002,Environmental Engineer (AI Supercomputer),"Memphis, TN",SpaceX,Corporate - Environmental Health & Safety,https://boards.greenhouse.io/spacex/jobs/8639498002?gh_jid=8639498002,6450471002,2026-07-21T17:25:25-04:00,2026-09-01T19:48:33-04:00,2026-09-04_16-24-07
8702120002,"Environmental Engineer, Compliance/Air Programs","Bastrop, TX",SpaceX,Corporate - Environmental Health & Safety,https://boards.greenhouse.io/spacex/jobs/8702120002?gh_jid=8702120002,6477365002,2026-08-13T20:20:37-04:00,2026-09-01T19:48:33-04:00,2026-09-04_16-24-07
8548936002,Environmental Health & Safety Engineer,"McGregor, TX",SpaceX,Manufacturing - Environmental Health & Safety,https://boards.greenhouse.io/spacex/jobs/8548936002?gh_jid=8548936002,6414666002,2026-05-21T13:42:13-04:00,2026-09-01T19:48:33-04:00,2026-09-04_16-24-07
8716875002,Environmental Health & Safety Engineer,"Starbase, TX",SpaceX,Corporate - Environmental Health & Safety,https://boards.greenhouse.io/spacex/jobs/8716875002?gh_jid=8716875002,6484173002,2026-08-19T14:59:24-04:00,2026-09-01T19:48:33-04:00,2026-09-04_16-24-07
8771538002,Environmental Health & Safety Engineer,"Vandenberg, CA",SpaceX,Corporate - Environmental Health & Safety,https://boards.greenhouse.io/spacex/jobs/8771538002?gh_jid=8771538002,6509491002,2026-09-02T17:30:53-04:00,2026-09-02T17:30:53-04:00,2026-09-04_16-24-07
8533693002,Environmental Health & Safety Engineer,"Hawthorne, CA",SpaceX,Corporate - Environmental Health & Safety,https://boards.greenhouse.io/spacex/jobs/8533693002?gh_jid=8533693002,6408095002,2026-05-05T19:44:36-04:00,2026-09-01T19:48:33-04:00,2026-09-04_16-24-07
8568159002,Environmental Health & Safety Engineer,"Bastrop, TX",SpaceX,Corporate - Environmental Health & Safety,https://boards.greenhouse.io/spacex/jobs/8568159002?gh_jid=8568159002,6422294002,2026-05-28T13:24:29-04:00,2026-09-01T19:48:33-04:00,2026-09-04_16-24-07
8763932002,Environmental Health & Safety Engineer (Civil),"Memphis, TN",SpaceX,Corporate - Environmental Health & Safety,https://boards.greenhouse.io/spacex/jobs/8763932002?gh_jid=8763932002,6506015002,2026-08-31T18:51:36-04:00,2026-09-01T19:48:33-04:00,2026-09-04_16-24-07
8515808002,Environmental Health & Safety Engineer (Construction Safety),"Cape Canaveral, FL",SpaceX,Corporate - Environmental Health & Safety,https://boards.greenhouse.io/spacex/jobs/8515808002?gh_jid=8515808002,6401655002,2026-04-22T12:36:28-04:00,2026-09-01T19:48:33-04:00,2026-09-04_16-24-07
8779722002,Environmental Health & Safety Engineer (Construction Safety),"Starbase, TX",SpaceX,Corporate - Environmental Health & Safety,https://boards.greenhouse.io/spacex/jobs/8779722002?gh_jid=8779722002,6512202002,2026-09-02T17:40:40-04:00,2026-09-02T17:40:40-04:00,2026-09-04_16-24-07
8614340002,"Environmental Health & Safety Engineer, Construction (Starlink)","Bastrop, TX",SpaceX,Corporate - Environmental Health & Safety,https://boards.greenhouse.io/spacex/jobs/8614340002?gh_jid=8614340002,6440467002,2026-06-30T17:02:31-04:00,2026-09-01T19:48:33-04:00,2026-09-04_16-24-07
8503045002,"Environmental Health & Safety Engineer (Radiation, Laser, and Chemical Safety)","Starbase, TX",SpaceX,Corporate - Environmental Health & Safety,https://boards.greenhouse.io/spacex/jobs/8503045002?gh_jid=8503045002,6396380002,2026-04-13T21:51:43-04:00,2026-09-01T19:48:33-04:00,2026-09-04_16-24-07
8570026002,Environmental Health & Safety Engineer (Satellites),"Redmond, WA",SpaceX,Corporate - Environmental Health & Safety,https://boards.greenhouse.io/spacex/jobs/8570026002?gh_jid=8570026002,6423030002,2026-06-01T18:19:29-04:00,2026-09-01T19:48:33-04:00,2026-09-04_16-24-07
8716124002,Environmental Health & Safety Engineer (Satellites),"Hawthorne, CA",SpaceX,Corporate - Environmental Health & Safety,https://boards.greenhouse.io/spacex/jobs/8716124002?gh_jid=8716124002,6483840002,2026-08-14T19:25:05-04:00,2026-09-01T19:48:33-04:00,2026-09-04_16-24-07
8652202002,Environmental Health & Safety Specialist (AI Supercomputer),"Memphis, TN",SpaceX,Corporate - Environmental Health & Safety,https://boards.greenhouse.io/spacex/jobs/8652202002?gh_jid=8652202002,6455296002,2026-07-28T18:34:42-04:00,2026-09-01T19:48:33-04:00,2026-09-04_16-24-07
8627375002,Environmental Health & Safety Specialist (Falcon/Dragon),"Hawthorne, CA",SpaceX,Corporate - Environmental Health & Safety,https://boards.greenhouse.io/spacex/jobs/8627375002?gh_jid=8627375002,6445538002,2026-07-13T18:51:19-04:00,2026-09-01T19:48:33-04:00,2026-09-04_16-24-07
8773582002,Environmental Health & Safety Specialist (Paramedic),"Cape Canaveral, FL",SpaceX,Corporate - Environmental Health & Safety,https://boards.greenhouse.io/spacex/jobs/8773582002?gh_jid=8773582002,6510469002,2026-09-03T10:30:09-04:00,2026-09-03T10:30:09-04:00,2026-09-04_16-24-07
8512752002,Environmental Health & Safety Specialist (Raptor/Starship),"Hawthorne, CA",SpaceX,Corporate - Environmental Health & Safety,https://boards.greenhouse.io/spacex/jobs/8512752002?gh_jid=8512752002,6400418002,2026-04-21T17:51:49-04:00,2026-09-01T19:48:33-04:00,2026-09-04_16-24-07
8573853002,Environmental Health & Safety Specialist (Satellites),"Redmond, WA",SpaceX,Corporate - Environmental Health & Safety,https://boards.greenhouse.io/spacex/jobs/8573853002?gh_jid=8573853002,6424526002,2026-06-01T17:35:46-04:00,2026-09-01T19:48:33-04:00,2026-09-04_16-24-07
8755730002,Environmental Health & Safety Specialist (Satellites),"Hawthorne, CA",SpaceX,Corporate - Environmental Health & Safety,https://boards.greenhouse.io/spacex/jobs/8755730002?gh_jid=8755730002,6502209002,2026-09-01T10:03:56-04:00,2026-09-01T19:48:33-04:00,2026-09-04_16-24-07
8627488002,Environmental Health & Safety Technician,"Starbase, TX",SpaceX,Corporate - Environmental Health & Safety,https://boards.greenhouse.io/spacex/jobs/8627488002?gh_jid=8627488002,6445589002,2026-07-13T20:04:22-04:00,2026-09-01T19:48:33-04:00,2026-09-04_16-24-07
8756259002,Environmental Health & Safety Technician,"Vandenberg, CA",SpaceX,Corporate - Environmental Health & Safety,https://boards.greenhouse.io/spacex/jobs/8756259002?gh_jid=8756259002,6502431002,2026-08-27T20:07:02-04:00,2026-09-01T19:48:33-04:00,2026-09-04_16-24-07
8698363002,Environmental Health & Safety Technician,"Bastrop, TX",SpaceX,Corporate - Environmental Health & Safety,https://boards.greenhouse.io/spacex/jobs/8698363002?gh_jid=8698363002,6475740002,2026-08-21T10:45:28-04:00,2026-09-01T19:48:33-04:00,2026-09-04_16-24-07
8652223002,Environmental Health & Safety Technician (AI Supercomputer),"Memphis, TN",SpaceX,Corporate - Environmental Health & Safety,https://boards.greenhouse.io/spacex/jobs/8652223002?gh_jid=8652223002,6455303002,2026-07-28T18:34:21-04:00,2026-09-01T19:48:33-04:00,2026-09-04_16-24-07
8589035002,Environmental Specialist,"Hawthorne, CA",SpaceX,Corporate - Environmental Health & Safety,https://boards.greenhouse.io/spacex/jobs/8589035002?gh_jid=8589035002,6430480002,2026-06-11T17:49:47-04:00,2026-09-01T19:48:33-04:00,2026-09-04_16-24-07
8766892002,Environmental Specialist,"Bastrop, TX",SpaceX,Corporate - Environmental Health & Safety,https://boards.greenhouse.io/spacex/jobs/8766892002?gh_jid=8766892002,6507344002,2026-09-02T17:29:57-04:00,2026-09-02T17:30:26-04:00,2026-09-04_16-24-07
8646660002,Equipment Engineering Manager - Solar Cell Factory (Starlink),"Bastrop, TX",SpaceX,Engineering - Automation & Controls,https://boards.greenhouse.io/spacex/jobs/8646660002?gh_jid=8646660002,6453180002,2026-07-22T22:39:56-04:00,2026-09-01T19:48:33-04:00,2026-09-04_16-24-07
8568127002,"Equipment Maintenance & Reliability Engineer, PCB (Starlink)","Bastrop, TX",SpaceX,Engineering - Aerospace & Mechanical,https://boards.greenhouse.io/spacex/jobs/8568127002?gh_jid=8568127002,6419658002,2026-05-27T20:23:40-04:00,2026-09-01T19:48:33-04:00,2026-09-04_16-24-07
8739460002,Equipment Maintenance Technician,"Hawthorne, CA",SpaceX,Manufacturing - Automation & Controls and Maintenance,https://boards.greenhouse.io/spacex/jobs/8739460002?gh_jid=8739460002,6494605002,2026-08-21T23:08:32-04:00,2026-09-01T19:48:33-04:00,2026-09-04_16-24-07
8506543002,"Equipment Maintenance Technician, Heatshield (Starship)","Starbase, TX",SpaceX,Manufacturing - Automation & Controls and Maintenance,https://boards.greenhouse.io/spacex/jobs/8506543002?gh_jid=8506543002,6397835002,2026-04-14T19:41:06-04:00,2026-09-01T19:48:33-04:00,2026-09-04_16-24-07
8504224002,"Equipment Maintenance Technician, Silicon Assembly (Starlink)","Bastrop, TX",SpaceX,"Manufacturing - PCB, Silicon, and Solar",https://boards.greenhouse.io/spacex/jobs/8504224002?gh_jid=8504224002,6396822002,2026-04-17T10:59:50-04:00,2026-09-01T19:48:33-04:00,2026-09-04_16-24-07
8639487002,Equipment Maintenance Technician (Starlink/Akoustis),"Canandaigua, NY",SpaceX,"Manufacturing - PCB, Silicon, and Solar",https://boards.greenhouse.io/spacex/jobs/8639487002?gh_jid=8639487002,6450465002,2026-08-03T10:36:06-04:00,2026-09-01T19:48:33-04:00,2026-09-04_16-24-07
8565657002,Equipment Maintenance Technician (Starship),"Starbase, TX",SpaceX,Manufacturing - Other Manufacturing,https://boards.greenhouse.io/spacex/jobs/8565657002?gh_jid=8565657002,6421425002,2026-05-28T14:23:02-04:00,2026-09-01T19:48:33-04:00,2026-09-04_16-24-07
8565654002,Equipment Maintenance Technician (Starship) - Level 4/5,"Starbase, TX",SpaceX,Manufacturing - Other Manufacturing,https://boards.greenhouse.io/spacex/jobs/8565654002?gh_jid=8565654002,6421423002,2026-06-20T10:18:56-04:00,2026-09-01T19:48:33-04:00,2026-09-04_16-24-07
8628397002,Equipment Operator (Starlink/Akoustis),"Canandaigua, NY",SpaceX,Manufacturing - Entry Level Manufacturing,https://boards.greenhouse.io/spacex/jobs/8628397002?gh_jid=8628397002,6445403002,2026-07-10T11:47:39-04:00,2026-09-01T19:48:33-04:00,2026-09-04_16-24-07
8568130002,"Equipment Reliability Engineer, PCB Maintenance (Starlink)","Bastrop, TX",SpaceX,Engineering - Aerospace & Mechanical,https://boards.greenhouse.io/spacex/jobs/8568130002?gh_jid=8568130002,6419658002,2026-05-27T20:25:45-04:00,2026-09-01T19:48:33-04:00,2026-09-04_16-24-07
8546260002,Equipment Reliability Engineer (Starlink),"Bastrop, TX",SpaceX,Engineering - Industrial & Operations,https://boards.greenhouse.io/spacex/jobs/8546260002?gh_jid=8546260002,6413622002,2026-05-29T14:36:59-04:00,2026-09-01T19:48:33-04:00,2026-09-04_16-24-07
8614436002,Equipment Safety Engineer,"Bastrop, TX",SpaceX,Corporate - Environmental Health & Safety,https://boards.greenhouse.io/spacex/jobs/8614436002?gh_jid=8614436002,6440496002,2026-06-30T17:02:03-04:00,2026-09-01T19:48:33-04:00,2026-09-04_16-24-07
8534570002,Executive Assistant (Starlink),"Palo Alto, CA",SpaceX,Corporate - Sales & Business Operations,https://boards.greenhouse.io/spacex/jobs/8534570002?gh_jid=8534570002,6408464002,2026-05-04T11:17:16-04:00,2026-09-01T19:48:33-04:00,2026-09-04_16-24-07
8617198002,Executive IT Support Specialist,"Palo Alto, CA",SpaceX,Engineering - Information Technology,https://boards.greenhouse.io/spacex/jobs/8617198002?gh_jid=8617198002,6441539002,2026-07-06T14:07:29-04:00,2026-09-01T19:48:33-04:00,2026-09-04_16-24-07
8599262002,Fabrication Technician,"McGregor, TX",SpaceX,Manufacturing - Assembly & Integration,https://boards.greenhouse.io/spacex/jobs/8599262002?gh_jid=8599262002,6434473002,2026-06-18T14:47:33-04:00,2026-09-01T19:48:33-04:00,2026-09-04_16-24-07
8564822002,Fabrication Technician - 2nd Shift,"McGregor, TX",SpaceX,Manufacturing - Assembly & Integration,https://boards.greenhouse.io/spacex/jobs/8564822002?gh_jid=8564822002,6421087002,2026-05-26T15:25:40-04:00,2026-09-02T13:01:35-04:00,2026-09-04_16-24-07
8644982002,Fabrication Technician - 2nd Shift,"Starbase, TX",SpaceX,Manufacturing - Assembly & Integration,https://boards.greenhouse.io/spacex/jobs/8644982002?gh_jid=8644982002,6452604002,2026-07-24T10:05:49-04:00,2026-09-02T12:46:58-04:00,2026-09-04_16-24-07
8756189002,Fabrication Technician (Fluid Systems) - Multiple Shifts,"Cape Canaveral, FL",SpaceX,Manufacturing - Assembly & Integration,https://boards.greenhouse.io/spacex/jobs/8756189002?gh_jid=8756189002,6502404002,2026-09-03T10:12:20-04:00,2026-09-03T15:29:36-04:00,2026-09-04_16-24-07
8437614002,Fabrication Technician (Fluid Systems) - Night Shift,"Cape Canaveral, FL",SpaceX,Manufacturing - Assembly & Integration,https://boards.greenhouse.io/spacex/jobs/8437614002?gh_jid=8437614002,6370412002,2026-02-25T10:33:06-05:00,2026-09-01T19:48:33-04:00,2026-09-04_16-24-07
8687551002,"Facilities Coordinator, Solar Cells (Starlink)","Bastrop, TX",SpaceX,"Manufacturing - PCB, Silicon, and Solar",https://boards.greenhouse.io/spacex/jobs/8687551002?gh_jid=8687551002,6470895002,2026-08-11T13:48:02-04:00,2026-09-01T19:48:33-04:00,2026-09-04_16-24-07
8762054002,Facilities Engineer (Fluids & Cryogenics),"Redmond, WA",SpaceX,Engineering - Aerospace & Mechanical,https://boards.greenhouse.io/spacex/jobs/8762054002?gh_jid=8762054002,6505137002,2026-08-31T20:20:54-04:00,2026-09-01T19:48:33-04:00,2026-09-04_16-24-07
8540341002,"Facilities Engineer, Mechanical (Starlink)","Bastrop, TX",SpaceX,Engineering - Aerospace & Mechanical,https://boards.greenhouse.io/spacex/jobs/8540341002?gh_jid=8540341002,6410841002,2026-05-21T15:53:15-04:00,2026-09-01T19:48:33-04:00,2026-09-04_16-24-07
8580838002,"Facilities Engineer, MEP","McGregor, TX",SpaceX,Engineering - Electrical,https://boards.greenhouse.io/spacex/jobs/8580838002?gh_jid=8580838002,6427385002,2026-06-17T10:32:41-04:00,2026-09-01T19:48:33-04:00,2026-09-04_16-24-07
8524791002,"Facilities Engineer, Solar Cell Factory (Starlink)","Bastrop, TX",SpaceX,Engineering - Electrical,https://boards.greenhouse.io/spacex/jobs/8524791002?gh_jid=8524791002,6404807002,2026-04-29T10:56:19-04:00,2026-09-01T19:48:33-04:00,2026-09-04_16-24-07
8530696002,"Facilities Maintenance Technician, Solar Cells (Starlink) - Day Shift","Bastrop, TX",SpaceX,Operations - Facilities,https://boards.greenhouse.io/spacex/jobs/8530696002?gh_jid=8530696002,6406841002,2026-04-29T18:12:55-04:00,2026-09-01T19:48:33-04:00,2026-09-04_16-24-07
8599299002,Facilities Mechanical HVAC Engineer (Starlink),"Redmond, WA",SpaceX,Engineering - Aerospace & Mechanical,https://boards.greenhouse.io/spacex/jobs/8599299002?gh_jid=8599299002,6434488002,2026-06-26T13:45:23-04:00,2026-09-01T19:48:33-04:00,2026-09-04_16-24-07
8635006002,Facilities Operations Engineer (Starlink),"Redmond, WA",SpaceX,Engineering - Industrial & Operations,https://boards.greenhouse.io/spacex/jobs/8635006002?gh_jid=8635006002,6448636002,2026-07-15T12:33:50-04:00,2026-09-01T19:48:33-04:00,2026-09-04_16-24-07
8702124002,Facilities Specialist,"Starbase, TX",SpaceX,Operations - Facilities,https://boards.greenhouse.io/spacex/jobs/8702124002?gh_jid=8702124002,6477367002,2026-08-12T18:50:34-04:00,2026-09-03T20:10:03-04:00,2026-09-04_16-24-07
8727564002,Facilities Specialist,"Hawthorne, CA",SpaceX,Operations - Facilities,https://boards.greenhouse.io/spacex/jobs/8727564002?gh_jid=8727564002,6489213002,2026-08-18T16:28:37-04:00,2026-09-01T19:48:33-04:00,2026-09-04_16-24-07
8694679002,Facilities Supervisor,"Starbase, TX",SpaceX,Operations - Facilities,https://boards.greenhouse.io/spacex/jobs/8694679002?gh_jid=8694679002,6474012002,2026-08-11T17:54:11-04:00,2026-09-03T20:10:15-04:00,2026-09-04_16-24-07
8546581002,Facilities Supervisor (Starlink),"Redmond, WA",SpaceX,Operations - Facilities,https://boards.greenhouse.io/spacex/jobs/8546581002?gh_jid=8546581002,6413785002,2026-05-13T11:36:44-04:00,2026-09-01T19:48:33-04:00,2026-09-04_16-24-07
8546614002,Facilities Supervisor (Starlink),"Woodinville, WA",SpaceX,Operations - Facilities,https://boards.greenhouse.io/spacex/jobs/8546614002?gh_jid=8546614002,6413785002,2026-05-13T11:36:45-04:00,2026-09-01T19:48:33-04:00,2026-09-04_16-24-07
8760867002,Facilities Technician,"Starbase, TX",SpaceX,Operations - Facilities,https://boards.greenhouse.io/spacex/jobs/8760867002?gh_jid=8760867002,6504462002,2026-08-28T16:45:55-04:00,2026-09-01T19:48:33-04:00,2026-09-04_16-24-07
8696942002,"Facilities Technician, Mechanical (Starlink)","Bastrop, TX",SpaceX,Operations - Facilities,https://boards.greenhouse.io/spacex/jobs/8696942002?gh_jid=8696942002,6475070002,2026-08-19T13:47:38-04:00,2026-09-01T19:48:33-04:00,2026-09-04_16-24-07
8689246002,Facilities Technician (Starlink) - 2nd shift,"Redmond, WA",SpaceX,Operations - Facilities,https://boards.greenhouse.io/spacex/jobs/8689246002?gh_jid=8689246002,6471662002,2026-08-10T14:22:00-04:00,2026-09-01T19:48:33-04:00,2026-09-04_16-24-07
8574251002,Facilities Technician (Starlink/Akoustis) - Night Shift,"Canandaigua, NY",SpaceX,Operations - Facilities,https://boards.greenhouse.io/spacex/jobs/8574251002?gh_jid=8574251002,6424707002,2026-06-03T18:12:44-04:00,2026-09-01T19:48:33-04:00,2026-09-04_16-24-07
8703599002,Facilities Technician - Temporary,"Starbase, TX",SpaceX,Operations - Facilities,https://boards.greenhouse.io/spacex/jobs/8703599002?gh_jid=8703599002,6478085002,2026-08-13T22:39:43-04:00,2026-09-01T19:48:33-04:00,2026-09-04_16-24-07
8763458002,Facilities Technician - Temporary,"Anderson, TX",SpaceX,Operations - Facilities,https://boards.greenhouse.io/spacex/jobs/8763458002?gh_jid=8763458002,6505790002,2026-08-31T17:51:56-04:00,2026-09-03T20:09:16-04:00,2026-09-04_16-24-07
8612903002,Factory Build Engineer (Starlink Production),"Bastrop, TX",SpaceX,Engineering - Industrial & Operations,https://boards.greenhouse.io/spacex/jobs/8612903002?gh_jid=8612903002,6429793002,2026-06-29T18:14:58-04:00,2026-09-01T19:48:33-04:00,2026-09-04_16-24-07
8612094002,Factory Engineer (Starlink Production),"Bastrop, TX",SpaceX,Engineering - Industrial & Operations,https://boards.greenhouse.io/spacex/jobs/8612094002?gh_jid=8612094002,6429793002,2026-06-29T12:06:16-04:00,2026-09-01T19:48:33-04:00,2026-09-04_16-24-07
8574053002,Factory Software Engineer (Starlink),"Bastrop, TX",SpaceX,Engineering - Software & Analytics,https://boards.greenhouse.io/spacex/jobs/8574053002?gh_jid=8574053002,6424615002,2026-06-08T12:48:12-04:00,2026-09-01T19:48:33-04:00,2026-09-04_16-24-07
8498761002,"Failure Analysis Engineer, Microelectronics (Starlink)","Bastrop, TX",SpaceX,Engineering - Electrical,https://boards.greenhouse.io/spacex/jobs/8498761002?gh_jid=8498761002,6394777002,2026-04-09T16:10:19-04:00,2026-09-01T19:48:33-04:00,2026-09-04_16-24-07
8525109002,Fiber Furnace Technician (Starship) - Multiple Shifts,"Cape Canaveral, FL",SpaceX,Manufacturing - Assembly & Integration,https://boards.greenhouse.io/spacex/jobs/8525109002?gh_jid=8525109002,6404946002,2026-04-28T16:42:16-04:00,2026-09-01T19:48:33-04:00,2026-09-04_16-24-07
8726249002,Field Engineer (Site Development),"McGregor, TX",SpaceX,Engineering - Civil,https://boards.greenhouse.io/spacex/jobs/8726249002?gh_jid=8726249002,6488603002,2026-08-18T12:16:17-04:00,2026-09-01T19:48:33-04:00,2026-09-04_16-24-07
8517609002,Finance Manager,"Hawthorne, CA",SpaceX,Corporate - Finance & Accounting,https://boards.greenhouse.io/spacex/jobs/8517609002?gh_jid=8517609002,6402416002,2026-04-24T15:53:50-04:00,2026-09-01T19:48:33-04:00,2026-09-04_16-24-07
8629380002,Finance Manager,"Austin, TX",SpaceX,Corporate - Finance & Accounting,https://boards.greenhouse.io/spacex/jobs/8629380002?gh_jid=8629380002,6402416002,2026-07-11T16:28:10-04:00,2026-09-01T19:48:33-04:00,2026-09-04_16-24-07
8660037002,Financial Analyst,"Hawthorne, CA",SpaceX,Corporate - Finance & Accounting,https://boards.greenhouse.io/spacex/jobs/8660037002?gh_jid=8660037002,6457938002,2026-07-31T17:03:50-04:00,2026-09-01T19:48:33-04:00,2026-09-04_16-24-07
8571649002,Financial Systems Analyst,"Hawthorne, CA",SpaceX,Corporate - Finance & Accounting,https://boards.greenhouse.io/spacex/jobs/8571649002?gh_jid=8571649002,6423673002,2026-06-01T16:01:50-04:00,2026-09-01T19:48:33-04:00,2026-09-04_16-24-07
8686319002,Fire Protection Engineer,"Hawthorne, CA",SpaceX,Engineering - Industrial & Operations,https://boards.greenhouse.io/spacex/jobs/8686319002?gh_jid=8686319002,6470343002,2026-08-05T18:50:06-04:00,2026-09-01T19:48:33-04:00,2026-09-04_16-24-07
8731073002,Fire Protection Engineer,"Bastrop, TX",SpaceX,Operations - Facilities,https://boards.greenhouse.io/spacex/jobs/8731073002?gh_jid=8731073002,6490825002,2026-08-19T15:47:58-04:00,2026-09-01T19:48:33-04:00,2026-09-04_16-24-07
8552269002,Fire Protection Engineer (Starlink),"Redmond, WA",SpaceX,Engineering - Industrial & Operations,https://boards.greenhouse.io/spacex/jobs/8552269002?gh_jid=8552269002,6415927002,2026-05-26T12:27:46-04:00,2026-09-01T19:48:33-04:00,2026-09-04_16-24-07
8565741002,Fleet Maintenance Technician (Starship),"Starbase, TX",SpaceX,Manufacturing - Other Manufacturing,https://boards.greenhouse.io/spacex/jobs/8565741002?gh_jid=8565741002,6421444002,2026-06-24T14:01:29-04:00,2026-09-01T19:48:33-04:00,2026-09-04_16-24-07
8565743002,Fleet Maintenance Technician (Starship) - Level 4/5,"Starbase, TX",SpaceX,Manufacturing - Other Manufacturing,https://boards.greenhouse.io/spacex/jobs/8565743002?gh_jid=8565743002,6421445002,2026-06-05T14:16:02-04:00,2026-09-01T19:48:33-04:00,2026-09-04_16-24-07
8556909002,Flight Software Engineer (Starlink Mobile),"Redmond, WA",SpaceX,Engineering - Software & Analytics,https://boards.greenhouse.io/spacex/jobs/8556909002?gh_jid=8556909002,6417926002,2026-05-20T14:07:55-04:00,2026-09-01T19:48:33-04:00,2026-09-04_16-24-07
8692260002,Flight Software Infrastructure Engineer (Starlink),"Redmond, WA",SpaceX,Engineering - Software & Analytics,https://boards.greenhouse.io/spacex/jobs/8692260002?gh_jid=8692260002,6472946002,2026-08-11T17:49:07-04:00,2026-09-01T19:48:33-04:00,2026-09-04_16-24-07
8779782002,"Fluids Engineer, Launch Hardware Engineering","Cape Canaveral, FL",SpaceX,Engineering - Aerospace & Mechanical,https://boards.greenhouse.io/spacex/jobs/8779782002?gh_jid=8779782002,6512230002,2026-09-03T15:35:03-04:00,2026-09-03T15:35:03-04:00,2026-09-04_16-24-07
8563304002,Fluids Engineer (Starship),"Starbase, TX",SpaceX,Engineering - Aerospace & Mechanical,https://boards.greenhouse.io/spacex/jobs/8563304002?gh_jid=8563304002,6420376002,2026-06-20T10:19:12-04:00,2026-09-01T19:48:33-04:00,2026-09-04_16-24-07
8769636002,Fluids Systems Technician (Starship),"Starbase, TX",SpaceX,Manufacturing - Other Manufacturing,https://boards.greenhouse.io/spacex/jobs/8769636002?gh_jid=8769636002,6508638002,2026-09-01T12:17:51-04:00,2026-09-01T19:48:33-04:00,2026-09-04_16-24-07
8672670002,"Fluid Systems Engineer, Solar Cell Factory (Starlink)","Bastrop, TX",SpaceX,Engineering - Aerospace & Mechanical,https://boards.greenhouse.io/spacex/jobs/8672670002?gh_jid=8672670002,6464012002,2026-08-03T15:18:50-04:00,2026-09-01T19:48:33-04:00,2026-09-04_16-24-07
8722927002,Food Services Specialist,"Redmond, WA",SpaceX,Operations - Food Services,https://boards.greenhouse.io/spacex/jobs/8722927002?gh_jid=8722927002,6487005002,2026-08-18T10:47:59-04:00,2026-09-01T19:48:33-04:00,2026-09-04_16-24-07
8612601002,Food Services Specialist - Multiple Shifts,"Vandenberg, CA",SpaceX,Operations - Food Services,https://boards.greenhouse.io/spacex/jobs/8612601002?gh_jid=8612601002,6439806002,2026-07-07T11:34:55-04:00,2026-09-01T19:48:33-04:00,2026-09-04_16-24-07
8621410002,Food Services Specialist - Multiple Shifts - Level 4/5,"Vandenberg, CA",SpaceX,Operations - Food Services,https://boards.greenhouse.io/spacex/jobs/8621410002?gh_jid=8621410002,6443013002,2026-07-07T11:35:02-04:00,2026-09-01T19:48:33-04:00,2026-09-04_16-24-07
8719800002,Food Services Specialist - Restaurants,"Hawthorne, CA",SpaceX,Operations - Food Services,https://boards.greenhouse.io/spacex/jobs/8719800002?gh_jid=8719800002,6444856002,2026-08-16T12:24:46-04:00,2026-09-01T19:48:33-04:00,2026-09-04_16-24-07
8625551002,Food Services Specialist - Stocking,"Hawthorne, CA",SpaceX,Operations - Food Services,https://boards.greenhouse.io/spacex/jobs/8625551002?gh_jid=8625551002,6444856002,2026-07-09T20:34:56-04:00,2026-09-01T19:48:33-04:00,2026-09-04_16-24-07
8584666002,Food Services Specialist - Temporary,"Bastrop, TX",SpaceX,Operations - Food Services,https://boards.greenhouse.io/spacex/jobs/8584666002?gh_jid=8584666002,6428943002,2026-06-15T15:57:32-04:00,2026-09-01T19:48:33-04:00,2026-09-04_16-24-07
8529777002,Food Services Specialist - Temporary,"Starbase, TX",SpaceX,Operations - Food Services,https://boards.greenhouse.io/spacex/jobs/8529777002?gh_jid=8529777002,6406492002,2026-04-29T16:36:49-04:00,2026-09-01T19:48:33-04:00,2026-09-04_16-24-07
8560022002,FPGA/ASIC Design Engineer (Silicon Engineering),"Redmond, WA",SpaceX,Engineering - Silicon,https://boards.greenhouse.io/spacex/jobs/8560022002?gh_jid=8560022002,6381890002,2026-05-21T10:41:21-04:00,2026-09-01T19:48:33-04:00,2026-09-04_16-24-07
8723290002,Friction Stir Welding Technician (Falcon),"Hawthorne, CA",SpaceX,Manufacturing - Welding,https://boards.greenhouse.io/spacex/jobs/8723290002?gh_jid=8723290002,6487179002,2026-08-17T18:31:47-04:00,2026-09-01T19:48:33-04:00,2026-09-04_16-24-07
8702782002,Fulfillment Buyer (Starship),"Starbase, TX",SpaceX,Supply Chain & Logistics - Sourcing & Planning,https://boards.greenhouse.io/spacex/jobs/8702782002?gh_jid=8702782002,6477695002,2026-08-16T22:37:20-04:00,2026-09-01T19:48:33-04:00,2026-09-04_16-24-07
8698652002,Fulfillment Buyer (Starship),"Hawthorne, CA",SpaceX,Supply Chain & Logistics - Sourcing & Planning,https://boards.greenhouse.io/spacex/jobs/8698652002?gh_jid=8698652002,6475884002,2026-08-12T14:05:02-04:00,2026-09-01T19:48:33-04:00,2026-09-04_16-24-07
8652425002,Fulfillment Coordinator (Starlink Aviation),"Woodinville, WA",SpaceX,Supply Chain & Logistics - Materials Management & Warehouse,https://boards.greenhouse.io/spacex/jobs/8652425002?gh_jid=8652425002,6455376002,2026-07-28T11:15:04-04:00,2026-09-01T19:48:33-04:00,2026-09-04_16-24-07
8782080002,"Full-Stack Data Scientist, Hardware Reliability (Starlink)","Bastrop, TX",SpaceX,Engineering - Software & Analytics,https://boards.greenhouse.io/spacex/jobs/8782080002?gh_jid=8782080002,6443736002,2026-09-03T10:53:04-04:00,2026-09-03T10:53:04-04:00,2026-09-04_16-24-07
8681166002,Full Stack Engineer (Application Software),"Hawthorne, CA",SpaceX,Engineering - Software & Analytics,https://boards.greenhouse.io/spacex/jobs/8681166002?gh_jid=8681166002,6465522002,2026-08-04T21:35:16-04:00,2026-09-01T19:48:33-04:00,2026-09-04_16-24-07
8675232002,Full Stack Engineer (Application Software),"Palo Alto, CA",SpaceX,Engineering - Software & Analytics,https://boards.greenhouse.io/spacex/jobs/8675232002?gh_jid=8675232002,6439254002,2026-08-03T19:11:57-04:00,2026-09-01T19:48:33-04:00,2026-09-04_16-24-07
8710146002,Full Stack Engineer (Application Software),"Cape Canaveral, FL",SpaceX,Engineering - Software & Analytics,https://boards.greenhouse.io/spacex/jobs/8710146002?gh_jid=8710146002,6452071002,2026-08-13T22:24:59-04:00,2026-09-01T19:48:33-04:00,2026-09-04_16-24-07
8701392002,Full Stack Engineer (Application Software),"Redmond, WA",SpaceX,Engineering - Software & Analytics,https://boards.greenhouse.io/spacex/jobs/8701392002?gh_jid=8701392002,6474720002,2026-08-12T15:02:26-04:00,2026-09-01T19:48:33-04:00,2026-09-04_16-24-07
8763492002,"Full Stack Engineer, Employee Experience","Palo Alto, CA",SpaceX,Engineering - Software & Analytics,https://boards.greenhouse.io/spacex/jobs/8763492002?gh_jid=8763492002,6439254002,2026-08-30T02:17:26-04:00,2026-09-01T19:48:33-04:00,2026-09-04_16-24-07
8769729002,"Full Stack Engineer, Flight Software","Hawthorne, CA",SpaceX,Engineering - Software & Analytics,https://boards.greenhouse.io/spacex/jobs/8769729002?gh_jid=8769729002,6465522002,2026-09-01T12:57:33-04:00,2026-09-01T19:48:33-04:00,2026-09-04_16-24-07
8639573002,Full Stack Software Engineer (Application Software),"Starbase, TX",SpaceX,Engineering - Software & Analytics,https://boards.greenhouse.io/spacex/jobs/8639573002?gh_jid=8639573002,6439218002,2026-07-17T22:26:35-04:00,2026-09-01T19:48:33-04:00,2026-09-04_16-24-07
8648213002,Full Stack Software Engineer (Application Software),"Memphis, TN",SpaceX,Engineering - Software & Analytics,https://boards.greenhouse.io/spacex/jobs/8648213002?gh_jid=8648213002,6439255002,2026-07-23T21:00:59-04:00,2026-09-01T19:48:33-04:00,2026-09-04_16-24-07
8495180002,Full Stack Software Engineer (Application Software),"Bastrop, TX",SpaceX,Engineering - Software & Analytics,https://boards.greenhouse.io/spacex/jobs/8495180002?gh_jid=8495180002,6392881002,2026-04-06T13:00:09-04:00,2026-09-01T19:48:33-04:00,2026-09-04_16-24-07
8555791002,Full Stack Software Engineer (Build Reliability),"Hawthorne, CA",SpaceX,Engineering - Software & Analytics,https://boards.greenhouse.io/spacex/jobs/8555791002?gh_jid=8555791002,6417462002,2026-05-19T16:27:15-04:00,2026-09-01T19:48:33-04:00,2026-09-04_16-24-07
8706459002,Full Stack Software Engineer (Components),"Hawthorne, CA",SpaceX,Engineering - Software & Analytics,https://boards.greenhouse.io/spacex/jobs/8706459002?gh_jid=8706459002,6479326002,2026-08-13T13:09:34-04:00,2026-09-01T19:48:33-04:00,2026-09-04_16-24-07
8746439002,"Full Stack Software Engineer, Data Platform (Starlink)","Redmond, WA",SpaceX,Engineering - Software & Analytics,https://boards.greenhouse.io/spacex/jobs/8746439002?gh_jid=8746439002,6447191002,2026-08-25T12:56:56-04:00,2026-09-01T19:48:33-04:00,2026-09-04_16-24-07
8656465002,"Full Stack Software Engineer, Data (Starlink)","Redmond, WA",SpaceX,Engineering - Software & Analytics,https://boards.greenhouse.io/spacex/jobs/8656465002?gh_jid=8656465002,6447191002,2026-07-29T12:18:33-04:00,2026-09-01T19:48:33-04:00,2026-09-04_16-24-07
8763489002,"Full Stack Software Engineer, Developer Systems","Hawthorne, CA",SpaceX,Engineering - Software & Analytics,https://boards.greenhouse.io/spacex/jobs/8763489002?gh_jid=8763489002,6465522002,2026-08-30T02:02:55-04:00,2026-09-01T19:48:33-04:00,2026-09-04_16-24-07
8726225002,"Full Stack Software Engineer, Employee Experience","Hawthorne, CA",SpaceX,Engineering - Software & Analytics,https://boards.greenhouse.io/spacex/jobs/8726225002?gh_jid=8726225002,6465522002,2026-08-18T11:22:34-04:00,2026-09-01T19:48:33-04:00,2026-09-04_16-24-07
8741940002,"Full Stack Software Engineer, Internal Systems","Cape Canaveral, FL",SpaceX,Engineering - Software & Analytics,https://boards.greenhouse.io/spacex/jobs/8741940002?gh_jid=8741940002,6452071002,2026-08-23T21:55:50-04:00,2026-09-01T19:48:33-04:00,2026-09-04_16-24-07
8663562002,"Full Stack Software Engineer, Internal Systems","Bastrop, TX",SpaceX,Engineering - Software & Analytics,https://boards.greenhouse.io/spacex/jobs/8663562002?gh_jid=8663562002,6392881002,2026-07-31T18:52:20-04:00,2026-09-01T19:48:33-04:00,2026-09-04_16-24-07
8681167002,"Full Stack Software Engineer, Internal Systems","Hawthorne, CA",SpaceX,Engineering - Software & Analytics,https://boards.greenhouse.io/spacex/jobs/8681167002?gh_jid=8681167002,6465522002,2026-08-04T21:36:29-04:00,2026-09-01T19:48:33-04:00,2026-09-04_16-24-07
8686286002,"Full Stack Software Engineer, Internal Systems","Memphis, TN",SpaceX,Engineering - Software & Analytics,https://boards.greenhouse.io/spacex/jobs/8686286002?gh_jid=8686286002,6439255002,2026-08-05T17:36:31-04:00,2026-09-01T19:48:33-04:00,2026-09-04_16-24-07
8650988002,"Full Stack Software Engineer, Manufacturing","Starbase, TX",SpaceX,Engineering - Software & Analytics,https://boards.greenhouse.io/spacex/jobs/8650988002?gh_jid=8650988002,6439218002,2026-07-26T18:41:23-04:00,2026-09-01T19:48:33-04:00,2026-09-04_16-24-07
8645325002,"Full Stack Software Engineer, Manufacturing Systems","Bastrop, TX",SpaceX,Engineering - Software & Analytics,https://boards.greenhouse.io/spacex/jobs/8645325002?gh_jid=8645325002,6392881002,2026-07-22T12:32:55-04:00,2026-09-01T19:48:33-04:00,2026-09-04_16-24-07
8703540002,"Full Stack Software Engineer, Manufacturing Systems","Hawthorne, CA",SpaceX,Engineering - Software & Analytics,https://boards.greenhouse.io/spacex/jobs/8703540002?gh_jid=8703540002,6465522002,2026-08-12T21:21:22-04:00,2026-09-01T19:48:33-04:00,2026-09-04_16-24-07
8696897002,"Full Stack Software Engineer, MES (Manufacturing Execution System)","Bastrop, TX",SpaceX,Engineering - Software & Analytics,https://boards.greenhouse.io/spacex/jobs/8696897002?gh_jid=8696897002,6392881002,2026-08-11T14:53:33-04:00,2026-09-01T19:48:33-04:00,2026-09-04_16-24-07
8638457002,"Full Stack Software Engineer, Observability (Starlink)","Hawthorne, CA",SpaceX,Engineering - Software & Analytics,https://boards.greenhouse.io/spacex/jobs/8638457002?gh_jid=8638457002,6425971002,2026-07-17T11:13:57-04:00,2026-09-01T19:48:33-04:00,2026-09-04_16-24-07
8722645002,"Full Stack Software Engineer, Operations Software (Starlink)","Redmond, WA",SpaceX,Engineering - Software & Analytics,https://boards.greenhouse.io/spacex/jobs/8722645002?gh_jid=8722645002,6486867002,2026-08-18T12:25:11-04:00,2026-09-01T19:48:33-04:00,2026-09-04_16-24-07
8731959002,Full Stack Software Engineer - Simulation & Flight Systems,"Hawthorne, CA",SpaceX,Engineering - Software & Analytics,https://boards.greenhouse.io/spacex/jobs/8731959002?gh_jid=8731959002,6491262002,2026-08-20T21:08:50-04:00,2026-09-01T19:48:33-04:00,2026-09-04_16-24-07
8501225002,Full Stack Software Engineer (Starlink),"Palo Alto, CA",SpaceX,Engineering - Software & Analytics,https://boards.greenhouse.io/spacex/jobs/8501225002?gh_jid=8501225002,6395807002,2026-04-13T19:08:31-04:00,2026-09-01T19:48:33-04:00,2026-09-04_16-24-07
8610872002,Full Stack Software Engineer (Starshield),"Hawthorne, CA",SpaceX,Engineering - Software & Analytics,https://boards.greenhouse.io/spacex/jobs/8610872002?gh_jid=8610872002,6439116002,2026-06-26T19:45:45-04:00,2026-09-01T19:48:33-04:00,2026-09-04_16-24-07
8530730002,"Gas & Chemical Technician, Solar Cells (Starlink) - Day Shift","Bastrop, TX",SpaceX,"Manufacturing - PCB, Silicon, and Solar",https://boards.greenhouse.io/spacex/jobs/8530730002?gh_jid=8530730002,6406859002,2026-04-29T19:02:01-04:00,2026-09-01T19:48:33-04:00,2026-09-04_16-24-07
8594706002,Gateway Fleet Specialist,"Redmond, WA",SpaceX,Engineering - Network,https://boards.greenhouse.io/spacex/jobs/8594706002?gh_jid=8594706002,6432963002,2026-06-23T12:37:19-04:00,2026-09-01T19:48:33-04:00,2026-09-04_16-24-07
8577167002,Gateway Site Development Engineer (Starlink),"Redmond, WA",SpaceX,Engineering - Aerospace & Mechanical,https://boards.greenhouse.io/spacex/jobs/8577167002?gh_jid=8577167002,6425934002,2026-06-04T19:11:30-04:00,2026-09-01T19:48:33-04:00,2026-09-04_16-24-07
8542315002,Global Immigration and Compliance Specialist,"Hawthorne, CA",SpaceX,Corporate - Human Resources,https://boards.greenhouse.io/spacex/jobs/8542315002?gh_jid=8542315002,6403212002,2026-05-10T15:50:33-04:00,2026-09-01T19:48:33-04:00,2026-09-04_16-24-07
8520181002,Global Immigration and Compliance Specialist,"Bastrop, TX",SpaceX,Corporate - Human Resources,https://boards.greenhouse.io/spacex/jobs/8520181002?gh_jid=8520181002,6403212002,2026-04-23T00:44:49-04:00,2026-09-01T19:48:33-04:00,2026-09-04_16-24-07
8698648002,Global Logistics Lead (Dangerous Goods),"Woodinville, WA",SpaceX,Supply Chain & Logistics - Materials Management & Warehouse,https://boards.greenhouse.io/spacex/jobs/8698648002?gh_jid=8698648002,6475874002,2026-08-11T22:00:45-04:00,2026-09-01T19:48:33-04:00,2026-09-04_16-24-07
8698647002,Global Logistics Lead (Dangerous Goods),"Redmond, WA",SpaceX,Supply Chain & Logistics - Materials Management & Warehouse,https://boards.greenhouse.io/spacex/jobs/8698647002?gh_jid=8698647002,6475874002,2026-08-11T22:00:43-04:00,2026-09-01T19:48:33-04:00,2026-09-04_16-24-07
8698646002,Global Logistics Lead (Dangerous Goods),"Hawthorne, CA",SpaceX,Supply Chain & Logistics - Materials Management & Warehouse,https://boards.greenhouse.io/spacex/jobs/8698646002?gh_jid=8698646002,6475874002,2026-08-11T22:00:43-04:00,2026-09-01T19:48:33-04:00,2026-09-04_16-24-07
8698645002,Global Logistics Lead (Dangerous Goods),"Bastrop, TX",SpaceX,Supply Chain & Logistics - Materials Management & Warehouse,https://boards.greenhouse.io/spacex/jobs/8698645002?gh_jid=8698645002,6475874002,2026-08-11T22:00:41-04:00,2026-09-01T19:48:33-04:00,2026-09-04_16-24-07
8558896002,Global Logistics Lead (Starlink),"Bastrop, TX",SpaceX,Corporate - Sales & Business Operations,https://boards.greenhouse.io/spacex/jobs/8558896002?gh_jid=8558896002,6418784002,2026-05-21T10:13:46-04:00,2026-09-01T19:48:33-04:00,2026-09-04_16-24-07
8642532002,Global Operations Engineer (Product & Change Management),"Bastrop, TX",SpaceX,Corporate - Sales & Business Operations,https://boards.greenhouse.io/spacex/jobs/8642532002?gh_jid=8642532002,6451596002,2026-07-22T16:47:38-04:00,2026-09-01T19:48:33-04:00,2026-09-04_16-24-07
8680030002,Global Operations Engineer (Starlink),"Bastrop, TX",SpaceX,Corporate - Sales & Business Operations,https://boards.greenhouse.io/spacex/jobs/8680030002?gh_jid=8680030002,6467531002,2026-08-04T19:55:51-04:00,2026-09-01T19:48:33-04:00,2026-09-04_16-24-07
8687316002,Global Operations Engineer (Starlink),"Redmond, WA",SpaceX,Corporate - Sales & Business Operations,https://boards.greenhouse.io/spacex/jobs/8687316002?gh_jid=8687316002,6467531002,2026-08-06T14:08:28-04:00,2026-09-01T19:48:33-04:00,2026-09-04_16-24-07
8644743002,Global Operations Lead (Tax Technology),"Bastrop, TX",SpaceX,Corporate - Sales & Business Operations,https://boards.greenhouse.io/spacex/jobs/8644743002?gh_jid=8644743002,6452512002,2026-07-26T15:54:20-04:00,2026-09-01T19:48:33-04:00,2026-09-04_16-24-07
8695944002,"Global Operations Manager, Latin America (Country Launch)","Redmond, WA",SpaceX,Corporate - Sales & Business Operations,https://boards.greenhouse.io/spacex/jobs/8695944002?gh_jid=8695944002,6474613002,2026-08-11T17:29:51-04:00,2026-09-01T19:48:33-04:00,2026-09-04_16-24-07
8695933002,"Global Operations Manager, Latin America (Country Launch)","Bastrop, TX",SpaceX,Corporate - Sales & Business Operations,https://boards.greenhouse.io/spacex/jobs/8695933002?gh_jid=8695933002,6474613002,2026-08-11T17:29:50-04:00,2026-09-01T19:48:33-04:00,2026-09-04_16-24-07
8438725002,Global Relocation Program Manager,"Hawthorne, CA",SpaceX,Corporate - Human Resources,https://boards.greenhouse.io/spacex/jobs/8438725002?gh_jid=8438725002,6370901002,2026-02-25T23:08:02-05:00,2026-09-01T19:48:33-04:00,2026-09-04_16-24-07
8510348002,Global Sourcing Manager (Starshield),"Hawthorne, CA",SpaceX,Supply Chain & Logistics - Sourcing & Planning,https://boards.greenhouse.io/spacex/jobs/8510348002?gh_jid=8510348002,6399513002,2026-04-16T14:51:24-04:00,2026-09-01T19:48:33-04:00,2026-09-04_16-24-07
8682682002,"Global Supply Manager, Capital Equipment & Construction (Starlink)","Redmond, WA",SpaceX,Supply Chain & Logistics - Sourcing & Planning,https://boards.greenhouse.io/spacex/jobs/8682682002?gh_jid=8682682002,6468759002,2026-08-05T12:17:06-04:00,2026-09-01T19:48:33-04:00,2026-09-04_16-24-07
8766882002,"Global Supply Manager, Capital Equipment & Construction (Starlink)","Bastrop, TX",SpaceX,Supply Chain & Logistics - Sourcing & Planning,https://boards.greenhouse.io/spacex/jobs/8766882002?gh_jid=8766882002,6507339002,2026-09-03T16:26:01-04:00,2026-09-03T16:26:01-04:00,2026-09-04_16-24-07
8547833002,"Global Supply Manager, Capital Equipment (Terafab)","Bastrop, TX",SpaceX,Supply Chain & Logistics - Sourcing & Planning,https://boards.greenhouse.io/spacex/jobs/8547833002?gh_jid=8547833002,6414231002,2026-05-13T17:04:51-04:00,2026-09-01T19:48:33-04:00,2026-09-04_16-24-07
8767389002,"Global Supply Manager, Contract Manufacturing (Starlink)","Bastrop, TX",SpaceX,Supply Chain & Logistics - Sourcing & Planning,https://boards.greenhouse.io/spacex/jobs/8767389002?gh_jid=8767389002,6507591002,2026-09-03T16:40:20-04:00,2026-09-03T16:40:20-04:00,2026-09-04_16-24-07
8687332002,"Global Supply Manager, Custom Silicon and Semiconductor (Starlink)","Redmond, WA",SpaceX,Supply Chain & Logistics - Sourcing & Planning,https://boards.greenhouse.io/spacex/jobs/8687332002?gh_jid=8687332002,6470792002,2026-08-07T16:59:46-04:00,2026-09-01T19:48:33-04:00,2026-09-04_16-24-07
8584591002,"Global Supply Manager, Datacenter Cooling Equipment (Starlink)","Austin, TX",SpaceX,Supply Chain & Logistics - Sourcing & Planning,https://boards.greenhouse.io/spacex/jobs/8584591002?gh_jid=8584591002,6428920002,2026-06-11T16:12:47-04:00,2026-09-02T12:36:17-04:00,2026-09-04_16-24-07
8555545002,"Global Supply Manager, Datacenter Switches and Optics (Starlink)","Austin, TX",SpaceX,Supply Chain & Logistics - Sourcing & Planning,https://boards.greenhouse.io/spacex/jobs/8555545002?gh_jid=8555545002,6417352002,2026-05-18T19:04:39-04:00,2026-09-01T19:48:33-04:00,2026-09-04_16-24-07
8584640002,"Global Supply Manager, Datacenter Switches and Optics (Starlink)","Palo Alto, CA",SpaceX,Supply Chain & Logistics - Sourcing & Planning,https://boards.greenhouse.io/spacex/jobs/8584640002?gh_jid=8584640002,6417352002,2026-06-09T16:06:23-04:00,2026-09-01T19:48:33-04:00,2026-09-04_16-24-07
8542207002,"Global Supply Manager, Fleet, Waste, and Facilities","Hawthorne, CA",SpaceX,Supply Chain & Logistics - Sourcing & Planning,https://boards.greenhouse.io/spacex/jobs/8542207002?gh_jid=8542207002,6411595002,2026-05-11T11:59:42-04:00,2026-09-01T19:48:33-04:00,2026-09-04_16-24-07
8550748002,"Global Supply Manager, Fleet, Waste, and Facilities","McGregor, TX",SpaceX,Supply Chain & Logistics - Sourcing & Planning,https://boards.greenhouse.io/spacex/jobs/8550748002?gh_jid=8550748002,6411595002,2026-05-14T16:46:12-04:00,2026-09-01T19:48:33-04:00,2026-09-04_16-24-07
8604026002,"Global Supply Manager, Ground Infrastructure (Starlink)","Redmond, WA",SpaceX,Supply Chain & Logistics - Sourcing & Planning,https://boards.greenhouse.io/spacex/jobs/8604026002?gh_jid=8604026002,6436528002,2026-06-23T12:13:08-04:00,2026-09-01T19:48:33-04:00,2026-09-04_16-24-07
8563615002,"Global Supply Manager, Harness (Starlink)","Redmond, WA",SpaceX,Supply Chain & Logistics - Sourcing & Planning,https://boards.greenhouse.io/spacex/jobs/8563615002?gh_jid=8563615002,6420649002,2026-05-26T16:14:27-04:00,2026-09-01T19:48:33-04:00,2026-09-04_16-24-07
8730129002,Global Supply Manager (Industrial Gases Sourcing & Logistics),"Cape Canaveral, FL",SpaceX,Supply Chain & Logistics - Sourcing & Planning,https://boards.greenhouse.io/spacex/jobs/8730129002?gh_jid=8730129002,6490372002,2026-08-19T15:57:44-04:00,2026-09-01T19:48:33-04:00,2026-09-04_16-24-07
8766988002,"Global Supply Manager, Mechanical (Starlink)","Bastrop, TX",SpaceX,Supply Chain & Logistics - Sourcing & Planning,https://boards.greenhouse.io/spacex/jobs/8766988002?gh_jid=8766988002,6507397002,2026-09-03T14:26:32-04:00,2026-09-03T14:26:32-04:00,2026-09-04_16-24-07
8555680002,"Global Supply Manager, ODM/CM Management (Starlink)","Austin, TX",SpaceX,Supply Chain & Logistics - Sourcing & Planning,https://boards.greenhouse.io/spacex/jobs/8555680002?gh_jid=8555680002,6417408002,2026-05-18T19:04:54-04:00,2026-09-01T19:59:34-04:00,2026-09-04_16-24-07
8680130002,Global Supply Manager PCB/PCBA (Starship Electronics),"Hawthorne, CA",SpaceX,Supply Chain & Logistics - Sourcing & Planning,https://boards.greenhouse.io/spacex/jobs/8680130002?gh_jid=8680130002,6411583002,2026-08-04T19:49:24-04:00,2026-09-01T19:48:33-04:00,2026-09-04_16-24-07
8659658002,Global Supply Manager (Raptor),"Hawthorne, CA",SpaceX,Supply Chain & Logistics - Sourcing & Planning,https://boards.greenhouse.io/spacex/jobs/8659658002?gh_jid=8659658002,6457771002,2026-07-30T18:21:13-04:00,2026-09-01T19:48:33-04:00,2026-09-04_16-24-07
8649185002,"Global Supply Manager, Raw Materials (Raptor)","Hawthorne, CA",SpaceX,Supply Chain & Logistics - Sourcing & Planning,https://boards.greenhouse.io/spacex/jobs/8649185002?gh_jid=8649185002,6454198002,2026-07-24T12:58:53-04:00,2026-09-01T19:48:33-04:00,2026-09-04_16-24-07
8569168002,"Global Supply Manager, Semiconductor Capital Equipment (Starlink)","Bastrop, TX",SpaceX,Supply Chain & Logistics - Sourcing & Planning,https://boards.greenhouse.io/spacex/jobs/8569168002?gh_jid=8569168002,6422707002,2026-05-28T19:15:10-04:00,2026-09-01T19:48:33-04:00,2026-09-04_16-24-07
8525735002,Global Supply Manager (Starlink Aviation),"Woodinville, WA",SpaceX,Supply Chain & Logistics - Sourcing & Planning,https://boards.greenhouse.io/spacex/jobs/8525735002?gh_jid=8525735002,6405199002,2026-05-15T11:21:10-04:00,2026-09-01T19:48:33-04:00,2026-09-04_16-24-07
8702837002,Global Supply Manager (Starship),"Starbase, TX",SpaceX,Supply Chain & Logistics - Sourcing & Planning,https://boards.greenhouse.io/spacex/jobs/8702837002?gh_jid=8702837002,6477717002,2026-08-16T22:37:45-04:00,2026-09-01T19:48:33-04:00,2026-09-04_16-24-07
8542186002,Global Supply Manager (Starship Electronics),"Hawthorne, CA",SpaceX,Supply Chain & Logistics - Sourcing & Planning,https://boards.greenhouse.io/spacex/jobs/8542186002?gh_jid=8542186002,6411583002,2026-05-11T16:05:04-04:00,2026-09-01T19:48:33-04:00,2026-09-04_16-24-07
8638181002,"Global Supply Manager, Utilities & Infrastructure (Starlink)","Bastrop, TX",SpaceX,Supply Chain & Logistics - Sourcing & Planning,https://boards.greenhouse.io/spacex/jobs/8638181002?gh_jid=8638181002,6390253002,2026-07-17T09:29:13-04:00,2026-09-01T19:48:33-04:00,2026-09-04_16-24-07
8755408002,"GNC Engineer, ADCS (Starlink)","Redmond, WA",SpaceX,Engineering - Software & Analytics,https://boards.greenhouse.io/spacex/jobs/8755408002?gh_jid=8755408002,6502069002,2026-08-27T21:17:02-04:00,2026-09-01T19:48:33-04:00,2026-09-04_16-24-07
8749175002,"GNC Engineer, ADCS (Starshield)","Hawthorne, CA",SpaceX,Engineering - Aerospace & Mechanical,https://boards.greenhouse.io/spacex/jobs/8749175002?gh_jid=8749175002,6499211002,2026-08-31T01:14:35-04:00,2026-09-01T19:48:33-04:00,2026-09-04_16-24-07
8722945002,"GNC Engineer, Attitude Determination and Optical Navigation (Starlink)","Redmond, WA",SpaceX,Engineering - Software & Analytics,https://boards.greenhouse.io/spacex/jobs/8722945002?gh_jid=8722945002,6487013002,2026-08-18T12:26:37-04:00,2026-09-01T19:48:33-04:00,2026-09-04_16-24-07
8564124002,"GNC Engineer, Beam Planning (Starshield)","Hawthorne, CA",SpaceX,Engineering - Software & Analytics,https://boards.greenhouse.io/spacex/jobs/8564124002?gh_jid=8564124002,6420806002,2026-05-26T19:40:02-04:00,2026-09-01T19:48:33-04:00,2026-09-04_16-24-07
8677846002,"GNC Engineer - Embedded Controls, AI Satellites (Starmind)","Bastrop, TX",SpaceX,Engineering - Aerospace & Mechanical,https://boards.greenhouse.io/spacex/jobs/8677846002?gh_jid=8677846002,6466463002,2026-08-04T15:38:56-04:00,2026-09-01T19:48:33-04:00,2026-09-04_16-24-07
8564126002,"GNC Engineer, Fleet Management (Starshield)","Hawthorne, CA",SpaceX,Engineering - Software & Analytics,https://boards.greenhouse.io/spacex/jobs/8564126002?gh_jid=8564126002,6420807002,2026-05-26T19:40:38-04:00,2026-09-01T19:48:33-04:00,2026-09-04_16-24-07
8540057002,"GNC Engineer, Orbit Control (Starlink)","Redmond, WA",SpaceX,Engineering - Software & Analytics,https://boards.greenhouse.io/spacex/jobs/8540057002?gh_jid=8540057002,6410717002,2026-05-12T11:23:54-04:00,2026-09-01T19:48:33-04:00,2026-09-04_16-24-07
8751036002,"GNC Engineer, Orbit Determination/Stargaze (Starlink)","Redmond, WA",SpaceX,Engineering - Software & Analytics,https://boards.greenhouse.io/spacex/jobs/8751036002?gh_jid=8751036002,6500021002,2026-08-26T13:35:12-04:00,2026-09-01T19:48:33-04:00,2026-09-04_16-24-07
8749195002,"GNC Engineer, Phased Array Devices (Starshield)","Hawthorne, CA",SpaceX,Engineering - Aerospace & Mechanical,https://boards.greenhouse.io/spacex/jobs/8749195002?gh_jid=8749195002,6499229002,2026-08-31T01:14:15-04:00,2026-09-01T19:48:33-04:00,2026-09-04_16-24-07
8459660002,"GNC Engineer, Satellite Power Systems (Starlink)","Redmond, WA",SpaceX,Engineering - Software & Analytics,https://boards.greenhouse.io/spacex/jobs/8459660002?gh_jid=8459660002,6379122002,2026-03-17T12:14:52-04:00,2026-09-01T19:48:33-04:00,2026-09-04_16-24-07
8665541002,GNC Engineer (Starfall),"Hawthorne, CA",SpaceX,Engineering - Software & Analytics,https://boards.greenhouse.io/spacex/jobs/8665541002?gh_jid=8665541002,6460568002,2026-07-31T23:18:18-04:00,2026-09-01T19:48:33-04:00,2026-09-04_16-24-07
8755423002,"GNC Engineer, Starlink Controls (Starlink)","Redmond, WA",SpaceX,Engineering - Software & Analytics,https://boards.greenhouse.io/spacex/jobs/8755423002?gh_jid=8755423002,6502077002,2026-08-27T21:16:37-04:00,2026-09-01T19:48:33-04:00,2026-09-04_16-24-07
8561432002,GNC Engineer (Starship),"Starbase, TX",SpaceX,Engineering - Aerospace & Mechanical,https://boards.greenhouse.io/spacex/jobs/8561432002?gh_jid=8561432002,6419644002,2026-05-22T15:50:24-04:00,2026-09-01T19:48:33-04:00,2026-09-04_16-24-07
8707392002,"Government Affairs Director, X","Washington, DC",SpaceX,Corporate - Government Affairs,https://boards.greenhouse.io/spacex/jobs/8707392002?gh_jid=8707392002,6479661002,2026-08-14T08:46:27-04:00,2026-09-01T19:48:33-04:00,2026-09-04_16-24-07
8774529002,Government Affairs Manager,"Austin, TX",SpaceX,Corporate - Government Affairs,https://boards.greenhouse.io/spacex/jobs/8774529002?gh_jid=8774529002,6510615002,2026-09-03T10:29:27-04:00,2026-09-03T10:29:27-04:00,2026-09-04_16-24-07
8441122002,Government Affairs Manager (Federal),"Washington, DC",SpaceX,Corporate - Government Affairs,https://boards.greenhouse.io/spacex/jobs/8441122002?gh_jid=8441122002,6371870002,2026-02-26T21:19:23-05:00,2026-09-01T19:48:33-04:00,2026-09-04_16-24-07
8511132002,Government Affairs Manager (National Security),"Washington, DC",SpaceX,Corporate - Government Affairs,https://boards.greenhouse.io/spacex/jobs/8511132002?gh_jid=8511132002,6399806002,2026-04-17T11:44:55-04:00,2026-09-01T19:48:33-04:00,2026-09-04_16-24-07
8544282002,Government Affairs Manager (Tennessee),"Memphis, TN",SpaceX,Corporate - Government Affairs,https://boards.greenhouse.io/spacex/jobs/8544282002?gh_jid=8544282002,6412827002,2026-06-08T15:59:42-04:00,2026-09-01T19:48:33-04:00,2026-09-04_16-24-07
8647718002,Government Program Development Manager (Federal Civil Agencies),"Washington, DC",SpaceX,Corporate - Sales & Business Operations,https://boards.greenhouse.io/spacex/jobs/8647718002?gh_jid=8647718002,6453572002,2026-07-28T10:49:00-04:00,2026-09-01T19:48:33-04:00,2026-09-04_16-24-07
8647689002,Government Program Development Manager (International),"Washington, DC",SpaceX,Corporate - Sales & Business Operations,https://boards.greenhouse.io/spacex/jobs/8647689002?gh_jid=8647689002,6453568002,2026-07-30T17:08:51-04:00,2026-09-01T19:48:33-04:00,2026-09-04_16-24-07
8643863002,Government Project Engineer,"Hawthorne, CA",SpaceX,Engineering - Aerospace & Mechanical,https://boards.greenhouse.io/spacex/jobs/8643863002?gh_jid=8643863002,6452104002,2026-07-22T00:36:23-04:00,2026-09-01T19:48:33-04:00,2026-09-04_16-24-07
8570230002,Graphic Designer (Starlink),"Bastrop, TX",SpaceX,Corporate - Marketing & Communications,https://boards.greenhouse.io/spacex/jobs/8570230002?gh_jid=8570230002,6423125002,2026-05-28T23:59:13-04:00,2026-09-01T19:48:33-04:00,2026-09-04_16-24-07
8555569002,Ground Network Specialist (Starshield),"Hawthorne, CA",SpaceX,Engineering - Network,https://boards.greenhouse.io/spacex/jobs/8555569002?gh_jid=8555569002,6417364002,2026-05-19T19:35:22-04:00,2026-09-01T19:48:33-04:00,2026-09-04_16-24-07
8583974002,Hardware Development Electrical Engineer (Starlink Aviation),"Woodinville, WA",SpaceX,Engineering - Electrical,https://boards.greenhouse.io/spacex/jobs/8583974002?gh_jid=8583974002,6428649002,2026-06-15T15:21:25-04:00,2026-09-01T19:48:33-04:00,2026-09-04_16-24-07
8698331002,"Hardware Development Engineer, Failure Analysis (Starlink)","Redmond, WA",SpaceX,Engineering - Electrical,https://boards.greenhouse.io/spacex/jobs/8698331002?gh_jid=8698331002,6475728002,2026-08-12T13:57:30-04:00,2026-09-01T19:48:33-04:00,2026-09-04_16-24-07
8730253002,"Hardware Development Engineer, Gateway Failure Analysis (Starlink)","Bastrop, TX",SpaceX,Engineering - Electrical,https://boards.greenhouse.io/spacex/jobs/8730253002?gh_jid=8730253002,6490441002,2026-08-20T17:27:40-04:00,2026-09-01T19:48:33-04:00,2026-09-04_16-24-07
8613971002,Hardware Development Engineer- Microelectronics,"Redmond, WA",SpaceX,Engineering - Aerospace & Mechanical,https://boards.greenhouse.io/spacex/jobs/8613971002?gh_jid=8613971002,6440283002,2026-07-01T17:26:09-04:00,2026-09-01T19:48:33-04:00,2026-09-04_16-24-07
8558344002,"Hardware Development Engineer, PCBA Manufacturing (Starlink)","Bastrop, TX",SpaceX,Engineering - Electrical,https://boards.greenhouse.io/spacex/jobs/8558344002?gh_jid=8558344002,6397837002,2026-05-20T13:06:09-04:00,2026-09-01T19:48:33-04:00,2026-09-04_16-24-07
8755479002,"Hardware Development Engineer, PCBA Manufacturing (Starlink)","Bastrop, TX",SpaceX,Engineering - Electrical,https://boards.greenhouse.io/spacex/jobs/8755479002?gh_jid=8755479002,6502099002,2026-08-27T21:15:41-04:00,2026-09-01T19:48:33-04:00,2026-09-04_16-24-07
8702819002,"Hardware Development Engineer, PCBA (STARLINK)","Redmond, WA",SpaceX,"Manufacturing - PCB, Silicon, and Solar",https://boards.greenhouse.io/spacex/jobs/8702819002?gh_jid=8702819002,6477708002,2026-08-13T17:28:55-04:00,2026-09-01T19:48:33-04:00,2026-09-04_16-24-07
8534765002,"Hardware Development Engineer, Power (Starlink)","Redmond, WA",SpaceX,Engineering - Electrical,https://boards.greenhouse.io/spacex/jobs/8534765002?gh_jid=8534765002,6408564002,2026-05-07T11:09:36-04:00,2026-09-01T19:48:33-04:00,2026-09-04_16-24-07
8631636002,"Hardware Engineer - Electrical, Satellites (Starlink)","Redmond, WA",SpaceX,Engineering - Electrical,https://boards.greenhouse.io/spacex/jobs/8631636002?gh_jid=8631636002,6447331002,2026-07-13T14:36:43-04:00,2026-09-01T19:48:33-04:00,2026-09-04_16-24-07
8700410002,"Hardware Engineer, Gateways & Customer Hardware (Starlink)","Bastrop, TX",SpaceX,Engineering - Electrical,https://boards.greenhouse.io/spacex/jobs/8700410002?gh_jid=8700410002,6476626002,2026-08-12T18:17:54-04:00,2026-09-01T19:48:33-04:00,2026-09-04_16-24-07
8696659002,"Hardware Reliability Engineer, Components (Starshield)","Hawthorne, CA",SpaceX,Engineering - Electrical,https://boards.greenhouse.io/spacex/jobs/8696659002?gh_jid=8696659002,6474951002,2026-08-17T14:32:16-04:00,2026-09-01T19:48:33-04:00,2026-09-04_16-24-07
8625576002,"Hardware Reliability Engineer, Electrical (Starshield)","Hawthorne, CA",SpaceX,Engineering - Electrical,https://boards.greenhouse.io/spacex/jobs/8625576002?gh_jid=8625576002,6444868002,2026-07-08T20:49:56-04:00,2026-09-01T19:48:33-04:00,2026-09-04_16-24-07
8657631002,"Hardware Reliability Engineer, Mechanical (Starshield)","Hawthorne, CA",SpaceX,Engineering - Aerospace & Mechanical,https://boards.greenhouse.io/spacex/jobs/8657631002?gh_jid=8657631002,6457116002,2026-07-30T17:38:38-04:00,2026-09-01T19:48:33-04:00,2026-09-04_16-24-07
8656524002,Hardware Reliability Engineer (Starlink),"Redmond, WA",SpaceX,Engineering - Aerospace & Mechanical,https://boards.greenhouse.io/spacex/jobs/8656524002?gh_jid=8656524002,6456774002,2026-08-04T17:39:08-04:00,2026-09-01T19:48:33-04:00,2026-09-04_16-24-07
8625574002,Hardware Reliability Engineer (Starshield),"Hawthorne, CA",SpaceX,Engineering - Electrical,https://boards.greenhouse.io/spacex/jobs/8625574002?gh_jid=8625574002,6444868002,2026-07-08T20:49:57-04:00,2026-09-01T19:48:33-04:00,2026-09-04_16-24-07
8581417002,Hardware Reliability Specialist (Starlink),"Bastrop, TX",SpaceX,Manufacturing - Quality,https://boards.greenhouse.io/spacex/jobs/8581417002?gh_jid=8581417002,6427604002,2026-06-08T10:09:09-04:00,2026-09-01T19:48:33-04:00,2026-09-04_16-24-07
8701727002,"Hardware Reliability Technician, Microelectronics Test (Starlink)","Bastrop, TX",SpaceX,Manufacturing - Electronics,https://boards.greenhouse.io/spacex/jobs/8701727002?gh_jid=8701727002,6477177002,2026-08-12T19:22:17-04:00,2026-09-01T19:48:33-04:00,2026-09-04_16-24-07
8546780002,"Hardware Reliability Technician, Root Cause (Starlink)","Bastrop, TX",SpaceX,Manufacturing - Quality,https://boards.greenhouse.io/spacex/jobs/8546780002?gh_jid=8546780002,6413864002,2026-05-13T21:06:29-04:00,2026-09-01T19:48:33-04:00,2026-09-04_16-24-07
8440972002,"Hardware Test Automation Engineer, Satellites (Starlink)","Redmond, WA",SpaceX,Engineering - Aerospace & Mechanical,https://boards.greenhouse.io/spacex/jobs/8440972002?gh_jid=8440972002,6371809002,2026-03-11T13:07:38-04:00,2026-09-01T19:48:33-04:00,2026-09-04_16-24-07
8565090002,Hardware Test Engineer (Starlink),"Redmond, WA",SpaceX,Engineering - Electrical,https://boards.greenhouse.io/spacex/jobs/8565090002?gh_jid=8565090002,6421200002,2026-05-27T15:04:00-04:00,2026-09-01T19:48:33-04:00,2026-09-04_16-24-07
8497592002,Hardware Test Engineer (Starlink),"Redmond, WA",SpaceX,Engineering - Electrical,https://boards.greenhouse.io/spacex/jobs/8497592002?gh_jid=8497592002,6394318002,2026-04-08T13:06:11-04:00,2026-09-01T19:48:33-04:00,2026-09-04_16-24-07
8698311002,"Hardware Test Specialist, Failure Analysis (Gateway)","Redmond, WA",SpaceX,"Manufacturing - PCB, Silicon, and Solar",https://boards.greenhouse.io/spacex/jobs/8698311002?gh_jid=8698311002,6475719002,2026-08-12T13:57:15-04:00,2026-09-01T19:48:33-04:00,2026-09-04_16-24-07
8612778002,"Harness Design Engineer, Satellites (Starlink)","Redmond, WA",SpaceX,Engineering - Aerospace & Mechanical,https://boards.greenhouse.io/spacex/jobs/8612778002?gh_jid=8612778002,6439858002,2026-07-01T18:19:19-04:00,2026-09-01T19:48:33-04:00,2026-09-04_16-24-07
8635886002,Harness Design Engineer (Starshield),"Hawthorne, CA",SpaceX,Engineering - Aerospace & Mechanical,https://boards.greenhouse.io/spacex/jobs/8635886002?gh_jid=8635886002,6448963002,2026-07-15T18:53:07-04:00,2026-09-01T19:48:33-04:00,2026-09-04_16-24-07
8635913002,Harness Engineering Specialist (Starshield),"Hawthorne, CA",SpaceX,Manufacturing - Assembly & Integration,https://boards.greenhouse.io/spacex/jobs/8635913002?gh_jid=8635913002,6448976002,2026-07-15T20:20:24-04:00,2026-09-01T19:48:33-04:00,2026-09-04_16-24-07
8783206002,Heavy Fleet Maintenance Supervisor (Starship),"Starbase, TX",SpaceX,Manufacturing - Other Manufacturing,https://boards.greenhouse.io/spacex/jobs/8783206002?gh_jid=8783206002,6513748002,2026-09-04T01:50:49-04:00,2026-09-04T01:51:10-04:00,2026-09-04_16-24-07
8642065002,High-Speed Electro-Optical IC Engineer (RFIC Engineering),"Redmond, WA",SpaceX,Engineering - Silicon,https://boards.greenhouse.io/spacex/jobs/8642065002?gh_jid=8642065002,6451376002,2026-07-21T12:24:48-04:00,2026-09-01T19:48:33-04:00,2026-09-04_16-24-07
8771689002,Hospitality Specialist (Cape Canaveral),"Cape Canaveral, FL",SpaceX,Operations - Food Services,https://boards.greenhouse.io/spacex/jobs/8771689002?gh_jid=8771689002,6509564002,2026-09-02T17:40:10-04:00,2026-09-02T17:40:10-04:00,2026-09-04_16-24-07
8553703002,Hospitality Specialist (Starbase),"Starbase, TX",SpaceX,Operations - Food Services,https://boards.greenhouse.io/spacex/jobs/8553703002?gh_jid=8553703002,6416563002,2026-05-26T17:23:52-04:00,2026-09-01T19:48:33-04:00,2026-09-04_16-24-07
8581427002,HR Business Partner (Employee Relations),"Hawthorne, CA",SpaceX,Corporate - Human Resources,https://boards.greenhouse.io/spacex/jobs/8581427002?gh_jid=8581427002,6427605002,2026-06-17T20:36:55-04:00,2026-09-01T19:48:33-04:00,2026-09-04_16-24-07
8779717002,HR Coordinator,"Starbase, TX",SpaceX,Corporate - Human Resources,https://boards.greenhouse.io/spacex/jobs/8779717002?gh_jid=8779717002,6512199002,2026-09-02T16:24:46-04:00,2026-09-02T16:25:09-04:00,2026-09-04_16-24-07
8505413002,HR Generalist,"Hawthorne, CA",SpaceX,Corporate - Human Resources,https://boards.greenhouse.io/spacex/jobs/8505413002?gh_jid=8505413002,6397313002,2026-04-15T10:11:25-04:00,2026-09-01T19:48:33-04:00,2026-09-04_16-24-07
8657726002,Human Resources Coordinator (Employee Relations),"Hawthorne, CA",SpaceX,Corporate - Human Resources,https://boards.greenhouse.io/spacex/jobs/8657726002?gh_jid=8657726002,6457172002,2026-07-29T20:42:15-04:00,2026-09-01T19:48:33-04:00,2026-09-04_16-24-07
8560125002,HVAC Design Engineer (Facilities),"Hawthorne, CA",SpaceX,Engineering - Aerospace & Mechanical,https://boards.greenhouse.io/spacex/jobs/8560125002?gh_jid=8560125002,6391954002,2026-05-21T11:13:11-04:00,2026-09-01T19:48:33-04:00,2026-09-04_16-24-07
8497590002,HVAC Programmer,"Bastrop, TX",SpaceX,Operations - Facilities,https://boards.greenhouse.io/spacex/jobs/8497590002?gh_jid=8497590002,6368993002,2026-04-07T19:15:13-04:00,2026-09-01T19:48:33-04:00,2026-09-04_16-24-07
8647921002,HVAC Programmer,"McGregor, TX",SpaceX,Operations - Facilities,https://boards.greenhouse.io/spacex/jobs/8647921002?gh_jid=8647921002,6453640002,2026-07-23T16:58:36-04:00,2026-09-01T19:48:33-04:00,2026-09-04_16-24-07
8614735002,HVAC Supervisor (Starship),"Starbase, TX",SpaceX,Operations - Facilities,https://boards.greenhouse.io/spacex/jobs/8614735002?gh_jid=8614735002,6440592002,2026-07-10T09:28:42-04:00,2026-09-01T19:48:33-04:00,2026-09-04_16-24-07
8457155002,HVAC Technician,"Starbase, TX",SpaceX,Operations - Facilities,https://boards.greenhouse.io/spacex/jobs/8457155002?gh_jid=8457155002,6378254002,2026-03-12T18:10:47-04:00,2026-09-01T19:48:33-04:00,2026-09-04_16-24-07
8605108002,HVAC Technician - 2nd Shift,"Hawthorne, CA",SpaceX,Operations - Facilities,https://boards.greenhouse.io/spacex/jobs/8605108002?gh_jid=8605108002,6436943002,2026-06-23T19:01:26-04:00,2026-09-01T19:48:33-04:00,2026-09-04_16-24-07
8595156002,HVAC Technician (Facilities),"Cape Canaveral, FL",SpaceX,Operations - Facilities,https://boards.greenhouse.io/spacex/jobs/8595156002?gh_jid=8595156002,6433168002,2026-06-19T13:37:09-04:00,2026-09-02T22:23:30-04:00,2026-09-04_16-24-07
8765632002,HVAC Technician (Facilities) - 1st Shift,"Hawthorne, CA",SpaceX,Operations - Facilities,https://boards.greenhouse.io/spacex/jobs/8765632002?gh_jid=8765632002,6436943002,2026-08-31T11:59:06-04:00,2026-09-01T19:48:33-04:00,2026-09-04_16-24-07
8654421002,HVAC Technician (Facilities) - 3rd Shift,"Cape Canaveral, FL",SpaceX,Operations - Facilities,https://boards.greenhouse.io/spacex/jobs/8654421002?gh_jid=8654421002,6433168002,2026-07-28T18:05:33-04:00,2026-09-01T19:48:33-04:00,2026-09-04_16-24-07
8576014002,HVAC Technician - Level 4/5 (Starlink),"Woodinville, WA",SpaceX,Operations - Facilities,https://boards.greenhouse.io/spacex/jobs/8576014002?gh_jid=8576014002,6425519002,2026-06-04T19:45:02-04:00,2026-09-01T19:48:33-04:00,2026-09-04_16-24-07
8530746002,"HVAC Technician, Solar Cells (Starlink) - Day Shift","Bastrop, TX",SpaceX,"Manufacturing - PCB, Silicon, and Solar",https://boards.greenhouse.io/spacex/jobs/8530746002?gh_jid=8530746002,6406868002,2026-04-29T19:26:07-04:00,2026-09-01T19:48:33-04:00,2026-09-04_16-24-07
8696950002,HVAC Technician (Starlink) - Level 4/5,"Bastrop, TX",SpaceX,Operations - Facilities,https://boards.greenhouse.io/spacex/jobs/8696950002?gh_jid=8696950002,6475074002,2026-08-19T13:50:21-04:00,2026-09-01T19:48:33-04:00,2026-09-04_16-24-07
8546215002,Industrial Controls Technician,"Bastrop, TX",SpaceX,Manufacturing - Automation & Controls and Maintenance,https://boards.greenhouse.io/spacex/jobs/8546215002?gh_jid=8546215002,6413576002,2026-05-29T14:26:08-04:00,2026-09-01T19:48:33-04:00,2026-09-04_16-24-07
8570369002,Industrial Designer (Starlink),"Bastrop, TX",SpaceX,Corporate - Marketing & Communications,https://boards.greenhouse.io/spacex/jobs/8570369002?gh_jid=8570369002,6423180002,2026-05-29T00:37:00-04:00,2026-09-01T19:48:33-04:00,2026-09-04_16-24-07
8573472002,Industrial Hygienist,"Starbase, TX",SpaceX,Corporate - Environmental Health & Safety,https://boards.greenhouse.io/spacex/jobs/8573472002?gh_jid=8573472002,6424380002,2026-06-01T16:01:07-04:00,2026-09-01T19:48:33-04:00,2026-09-04_16-24-07
8627620002,Industrial Maintenance Technician (Starlink) - 2nd Shift,"Redmond, WA",SpaceX,Operations - Facilities,https://boards.greenhouse.io/spacex/jobs/8627620002?gh_jid=8627620002,6445640002,2026-07-13T14:10:37-04:00,2026-09-01T19:48:33-04:00,2026-09-04_16-24-07
8717341002,Industrial Security Analyst (CSSO/CPSO),"Vandenberg, CA",SpaceX,Corporate - Government Affairs,https://boards.greenhouse.io/spacex/jobs/8717341002?gh_jid=8717341002,6484395002,2026-08-17T17:44:06-04:00,2026-09-01T19:48:33-04:00,2026-09-04_16-24-07
8530684002,Information Security Analyst,"Starbase, TX",SpaceX,Engineering - Security,https://boards.greenhouse.io/spacex/jobs/8530684002?gh_jid=8530684002,6402328002,2026-06-16T22:23:48-04:00,2026-09-01T19:48:33-04:00,2026-09-04_16-24-07
8517412002,Information Security Analyst,"Hawthorne, CA",SpaceX,Engineering - Security,https://boards.greenhouse.io/spacex/jobs/8517412002?gh_jid=8517412002,6402328002,2026-04-21T16:57:07-04:00,2026-09-01T19:48:33-04:00,2026-09-04_16-24-07
8599803002,Information System Security Manager,"Hawthorne, CA",SpaceX,Engineering - Security,https://boards.greenhouse.io/spacex/jobs/8599803002?gh_jid=8599803002,6432903002,2026-06-18T16:50:57-04:00,2026-09-01T19:48:33-04:00,2026-09-04_16-24-07
8599825002,Information System Security Officer,"Hawthorne, CA",SpaceX,Engineering - Security,https://boards.greenhouse.io/spacex/jobs/8599825002?gh_jid=8599825002,6432903002,2026-06-18T16:51:33-04:00,2026-09-01T19:48:33-04:00,2026-09-04_16-24-07
8604308002,Infrastructure Engineer,"Redmond, WA",SpaceX,Engineering - Aerospace & Mechanical,https://boards.greenhouse.io/spacex/jobs/8604308002?gh_jid=8604308002,6436658002,2026-06-25T13:33:45-04:00,2026-09-01T19:48:33-04:00,2026-09-04_16-24-07
8601649002,Injection Molding Technician - 2nd Shift,"Bastrop, TX",SpaceX,Manufacturing - Other Manufacturing,https://boards.greenhouse.io/spacex/jobs/8601649002?gh_jid=8601649002,6435473002,2026-06-19T18:11:59-04:00,2026-09-01T19:48:33-04:00,2026-09-04_16-24-07
8678289002,Inspection and Warranty Specialist,"Starbase, TX",SpaceX,Operations - Facilities,https://boards.greenhouse.io/spacex/jobs/8678289002?gh_jid=8678289002,6466688002,2026-08-04T19:56:18-04:00,2026-09-01T19:48:33-04:00,2026-09-04_16-24-07
8552428002,Instrumentation & Controls Technician,"McGregor, TX",SpaceX,Manufacturing - Automation & Controls and Maintenance,https://boards.greenhouse.io/spacex/jobs/8552428002?gh_jid=8552428002,6415997002,2026-05-15T17:37:22-04:00,2026-09-01T19:48:33-04:00,2026-09-04_16-24-07
8624498002,Instrumentation & Controls Technician - 2nd Shift,"McGregor, TX",SpaceX,Manufacturing - Automation & Controls and Maintenance,https://boards.greenhouse.io/spacex/jobs/8624498002?gh_jid=8624498002,6444291002,2026-07-08T13:05:47-04:00,2026-09-02T18:08:52-04:00,2026-09-04_16-24-07
8687256002,"Instrumentation & Controls Technician, Solar Cells (Starlink)","Bastrop, TX",SpaceX,"Manufacturing - PCB, Silicon, and Solar",https://boards.greenhouse.io/spacex/jobs/8687256002?gh_jid=8687256002,6470758002,2026-08-06T14:25:08-04:00,2026-09-01T19:48:33-04:00,2026-09-04_16-24-07
8656129002,"Instrumentation & Controls Technician, Water Treatment (Starlink)","Bastrop, TX",SpaceX,"Manufacturing - PCB, Silicon, and Solar",https://boards.greenhouse.io/spacex/jobs/8656129002?gh_jid=8656129002,6456635002,2026-07-31T13:28:06-04:00,2026-09-01T19:48:33-04:00,2026-09-04_16-24-07
8659928002,Instrumentation Fitter,"McGregor, TX",SpaceX,Manufacturing - Assembly & Integration,https://boards.greenhouse.io/spacex/jobs/8659928002?gh_jid=8659928002,6434473002,2026-07-30T17:15:49-04:00,2026-09-01T19:48:33-04:00,2026-09-04_16-24-07
8659936002,Instrumentation Fitter - 2nd Shift,"McGregor, TX",SpaceX,Manufacturing - Assembly & Integration,https://boards.greenhouse.io/spacex/jobs/8659936002?gh_jid=8659936002,6421087002,2026-07-31T10:59:34-04:00,2026-09-02T13:01:26-04:00,2026-09-04_16-24-07
8603368002,"Integration Engineer, Heatshield (Starship)","Starbase, TX",SpaceX,Engineering - Aerospace & Mechanical,https://boards.greenhouse.io/spacex/jobs/8603368002?gh_jid=8603368002,6436235002,2026-06-22T19:57:04-04:00,2026-09-01T19:48:33-04:00,2026-09-04_16-24-07
8576029002,Integration Engineer (Starship),"Starbase, TX",SpaceX,Engineering - Aerospace & Mechanical,https://boards.greenhouse.io/spacex/jobs/8576029002?gh_jid=8576029002,6416546002,2026-06-02T22:11:20-04:00,2026-09-01T19:48:33-04:00,2026-09-04_16-24-07
8527462002,Integration Engineer (Starship) - Night Shift,"Starbase, TX",SpaceX,Engineering - Aerospace & Mechanical,https://boards.greenhouse.io/spacex/jobs/8527462002?gh_jid=8527462002,6405924002,2026-04-29T13:36:02-04:00,2026-09-01T19:48:33-04:00,2026-09-04_16-24-07
8567325002,Integration Engineer (Super Heavy Booster),"Starbase, TX",SpaceX,Engineering - Aerospace & Mechanical,https://boards.greenhouse.io/spacex/jobs/8567325002?gh_jid=8567325002,6416546002,2026-05-27T14:14:35-04:00,2026-09-01T19:48:33-04:00,2026-09-04_16-24-07
8536021002,Integration Specialist (Starlink Aviation),"Woodinville, WA",SpaceX,Manufacturing - Assembly & Integration,https://boards.greenhouse.io/spacex/jobs/8536021002?gh_jid=8536021002,6409114002,2026-05-05T15:17:46-04:00,2026-09-01T19:48:33-04:00,2026-09-04_16-24-07
8536073002,Integration Specialist (Starlink Aviation) - 2nd Shift,"Woodinville, WA",SpaceX,Manufacturing - Assembly & Integration,https://boards.greenhouse.io/spacex/jobs/8536073002?gh_jid=8536073002,6409135002,2026-05-05T15:18:18-04:00,2026-09-01T19:48:33-04:00,2026-09-04_16-24-07
8661339002,Integration Technician (F9 Booster & Fairings) - Multiple Shifts,"Long Beach, CA",SpaceX,Manufacturing - Assembly & Integration,https://boards.greenhouse.io/spacex/jobs/8661339002?gh_jid=8661339002,6458513002,2026-07-31T15:25:13-04:00,2026-09-01T19:48:33-04:00,2026-09-04_16-24-07
8533357002,Integration Technician (Fairings) - Night Shift,"Vandenberg, CA",SpaceX,Manufacturing - Assembly & Integration,https://boards.greenhouse.io/spacex/jobs/8533357002?gh_jid=8533357002,6407910002,2026-05-04T12:50:50-04:00,2026-09-01T19:48:33-04:00,2026-09-04_16-24-07
8723296002,Integration Technician (Falcon),"Hawthorne, CA",SpaceX,Manufacturing - Assembly & Integration,https://boards.greenhouse.io/spacex/jobs/8723296002?gh_jid=8723296002,6487182002,2026-08-17T18:36:18-04:00,2026-09-01T19:48:33-04:00,2026-09-04_16-24-07
8533342002,Integration Technician (Falcon Operations) - Multiple Shifts,"Vandenberg, CA",SpaceX,Manufacturing - Assembly & Integration,https://boards.greenhouse.io/spacex/jobs/8533342002?gh_jid=8533342002,6407903002,2026-05-04T12:50:44-04:00,2026-09-01T19:48:33-04:00,2026-09-04_16-24-07
8533487002,Integration Technician (Payloads) - Multiple Shifts,"Vandenberg, CA",SpaceX,Manufacturing - Assembly & Integration,https://boards.greenhouse.io/spacex/jobs/8533487002?gh_jid=8533487002,6407996002,2026-05-04T12:50:57-04:00,2026-09-01T19:48:33-04:00,2026-09-04_16-24-07
8588049002,Integration Technician (Starlink),"Redmond, WA",SpaceX,Manufacturing - Assembly & Integration,https://boards.greenhouse.io/spacex/jobs/8588049002?gh_jid=8588049002,6402088002,2026-07-14T03:27:45-04:00,2026-09-01T19:48:33-04:00,2026-09-04_16-24-07
8580380002,Integration Technician (Starlink)  - 1st Shift,"Redmond, WA",SpaceX,Manufacturing - Assembly & Integration,https://boards.greenhouse.io/spacex/jobs/8580380002?gh_jid=8580380002,6402088002,2026-06-05T11:46:56-04:00,2026-09-01T19:48:33-04:00,2026-09-04_16-24-07
8530195002,Integration Technician (Starlink) - 2nd Shift,"Redmond, WA",SpaceX,Manufacturing - Assembly & Integration,https://boards.greenhouse.io/spacex/jobs/8530195002?gh_jid=8530195002,6402088002,2026-04-29T14:28:59-04:00,2026-09-01T19:48:33-04:00,2026-09-04_16-24-07
8635662002,Integration Technician (Starshield),"Hawthorne, CA",SpaceX,Manufacturing - Assembly & Integration,https://boards.greenhouse.io/spacex/jobs/8635662002?gh_jid=8635662002,6448871002,2026-07-15T16:32:10-04:00,2026-09-01T19:48:33-04:00,2026-09-04_16-24-07
8635683002,Integration Technician (Starshield) - Level 4/5,"Hawthorne, CA",SpaceX,Manufacturing - Assembly & Integration,https://boards.greenhouse.io/spacex/jobs/8635683002?gh_jid=8635683002,6448881002,2026-07-15T16:35:25-04:00,2026-09-01T19:48:33-04:00,2026-09-04_16-24-07
8742514002,Integration Technician (Starship),"Starbase, TX",SpaceX,Manufacturing - Assembly & Integration,https://boards.greenhouse.io/spacex/jobs/8742514002?gh_jid=8742514002,6496055002,2026-08-24T13:21:20-04:00,2026-09-01T19:48:33-04:00,2026-09-04_16-24-07
8727656002,"Integration & Test Engineer, AI Satellites (Starmind)","Bastrop, TX",SpaceX,Engineering - Aerospace & Mechanical,https://boards.greenhouse.io/spacex/jobs/8727656002?gh_jid=8727656002,6489256002,2026-08-18T15:22:35-04:00,2026-09-01T19:48:33-04:00,2026-09-04_16-24-07
8571994002,Integration & Test Engineer (Bus & Payload Sub-Assemblies),"Redmond, WA",SpaceX,Engineering - Aerospace & Mechanical,https://boards.greenhouse.io/spacex/jobs/8571994002?gh_jid=8571994002,6423821002,2026-06-01T16:52:32-04:00,2026-09-01T19:48:33-04:00,2026-09-04_16-24-07
8609453002,Integration & Test Engineer (Fairings),"Vandenberg, CA",SpaceX,Engineering - Aerospace & Mechanical,https://boards.greenhouse.io/spacex/jobs/8609453002?gh_jid=8609453002,6438548002,2026-07-08T11:48:41-04:00,2026-09-01T19:48:33-04:00,2026-09-04_16-24-07
8771149002,Integration & Test Engineer (Falcon),"Vandenberg, CA",SpaceX,Engineering - Aerospace & Mechanical,https://boards.greenhouse.io/spacex/jobs/8771149002?gh_jid=8771149002,6509313002,2026-09-02T17:40:56-04:00,2026-09-02T17:40:56-04:00,2026-09-04_16-24-07
8527331002,Integration & Test Engineer (Starlink),"Redmond, WA",SpaceX,Engineering - Aerospace & Mechanical,https://boards.greenhouse.io/spacex/jobs/8527331002?gh_jid=8527331002,6405874002,2026-04-28T18:59:29-04:00,2026-09-01T19:48:33-04:00,2026-09-04_16-24-07
8629248002,Integration & Test Engineer (Starlink Aviation),"Woodinville, WA",SpaceX,Engineering - Aerospace & Mechanical,https://boards.greenhouse.io/spacex/jobs/8629248002?gh_jid=8629248002,6446287002,2026-07-14T16:22:17-04:00,2026-09-01T19:48:33-04:00,2026-09-04_16-24-07
8463069002,Integration & Test Engineer (Starlink Propulsion),"Redmond, WA",SpaceX,Engineering - Aerospace & Mechanical,https://boards.greenhouse.io/spacex/jobs/8463069002?gh_jid=8463069002,6380481002,2026-03-16T17:55:54-04:00,2026-09-01T19:48:33-04:00,2026-09-04_16-24-07
8553658002,Integration & Test Engineer (Starship),"Starbase, TX",SpaceX,Engineering - Aerospace & Mechanical,https://boards.greenhouse.io/spacex/jobs/8553658002?gh_jid=8553658002,6416546002,2026-05-26T19:09:39-04:00,2026-09-01T19:48:33-04:00,2026-09-04_16-24-07
8550962002,Integration & Test Specialist (Bus & Payload Sub-Assemblies) - 2nd shift,"Redmond, WA",SpaceX,Manufacturing - Entry Level Manufacturing,https://boards.greenhouse.io/spacex/jobs/8550962002?gh_jid=8550962002,6415379002,2026-05-15T16:23:33-04:00,2026-09-01T19:48:33-04:00,2026-09-04_16-24-07
8703160002,Integration & Test Specialist (Starlink Propulsion) - 1st Shift,"Redmond, WA",SpaceX,Engineering - Aerospace & Mechanical,https://boards.greenhouse.io/spacex/jobs/8703160002?gh_jid=8703160002,6477868002,2026-08-14T16:51:28-04:00,2026-09-01T19:48:33-04:00,2026-09-04_16-24-07
8706964002,Internal Mobility Analyst (Recruiting) - Memphis,"Memphis, TN",SpaceX,Corporate - Human Resources,https://boards.greenhouse.io/spacex/jobs/8706964002?gh_jid=8706964002,6430869002,2026-08-13T13:56:54-04:00,2026-09-01T19:48:33-04:00,2026-09-04_16-24-07
8766913002,International Infrastructure Operations Specialist (Starlink),"Redmond, WA",SpaceX,Supply Chain & Logistics - Sourcing & Planning,https://boards.greenhouse.io/spacex/jobs/8766913002?gh_jid=8766913002,6507355002,2026-09-03T14:25:03-04:00,2026-09-03T14:25:03-04:00,2026-09-04_16-24-07
8643531002,"Inventory Control Analyst, Maintenance (Starlink)","Bastrop, TX",SpaceX,Supply Chain & Logistics - Materials Management & Warehouse,https://boards.greenhouse.io/spacex/jobs/8643531002?gh_jid=8643531002,6451987002,2026-07-27T12:24:57-04:00,2026-09-01T19:48:33-04:00,2026-09-04_16-24-07
8623133002,Inventory Control Clerk,"McGregor, TX",SpaceX,Supply Chain & Logistics - Materials Management & Warehouse,https://boards.greenhouse.io/spacex/jobs/8623133002?gh_jid=8623133002,6443741002,2026-07-08T10:06:32-04:00,2026-09-01T19:48:33-04:00,2026-09-04_16-24-07
8623034002,Inventory Control Clerk - 2nd Shift,"McGregor, TX",SpaceX,Supply Chain & Logistics - Materials Management & Warehouse,https://boards.greenhouse.io/spacex/jobs/8623034002?gh_jid=8623034002,6443694002,2026-07-07T15:47:56-04:00,2026-09-02T17:56:36-04:00,2026-09-04_16-24-07
8617116002,Inventory Specialist - 2nd Shift Weekday,"Cape Canaveral, FL",SpaceX,Supply Chain & Logistics - Materials Management & Warehouse,https://boards.greenhouse.io/spacex/jobs/8617116002?gh_jid=8617116002,6441499002,2026-07-08T18:56:24-04:00,2026-09-01T19:48:33-04:00,2026-09-04_16-24-07
8696983002,"Inventory Specialist, Maintenance (Starlink)","Bastrop, TX",SpaceX,Supply Chain & Logistics - Materials Management & Warehouse,https://boards.greenhouse.io/spacex/jobs/8696983002?gh_jid=8696983002,6475092002,2026-08-19T16:13:46-04:00,2026-09-01T19:48:33-04:00,2026-09-04_16-24-07
8530056002,Inventory Specialist - Multiple Shifts (Starshield),"Hawthorne, CA",SpaceX,Supply Chain & Logistics - Materials Management & Warehouse,https://boards.greenhouse.io/spacex/jobs/8530056002?gh_jid=8530056002,6406600002,2026-04-30T13:53:41-04:00,2026-09-01T19:48:33-04:00,2026-09-04_16-24-07
8686223002,Inventory Specialist (Raptor) - 1st Shift,"Hawthorne, CA",SpaceX,Supply Chain & Logistics - Materials Management & Warehouse,https://boards.greenhouse.io/spacex/jobs/8686223002?gh_jid=8686223002,6470293002,2026-08-05T18:57:31-04:00,2026-09-01T19:48:33-04:00,2026-09-04_16-24-07
8470414002,Inventory Specialist (Starlink),"Redmond, WA",SpaceX,Supply Chain & Logistics - Materials Management & Warehouse,https://boards.greenhouse.io/spacex/jobs/8470414002?gh_jid=8470414002,6383319002,2026-03-23T14:21:28-04:00,2026-09-01T19:48:33-04:00,2026-09-04_16-24-07
8552846002,Inventory Specialist (Starlink),"Woodinville, WA",SpaceX,Supply Chain & Logistics - Materials Management & Warehouse,https://boards.greenhouse.io/spacex/jobs/8552846002?gh_jid=8552846002,6416193002,2026-05-18T11:55:19-04:00,2026-09-01T19:48:33-04:00,2026-09-04_16-24-07
8645845002,Inventory Specialist (Starlink) - 3rd Shift,"Redmond, WA",SpaceX,Supply Chain & Logistics - Materials Management & Warehouse,https://boards.greenhouse.io/spacex/jobs/8645845002?gh_jid=8645845002,6452854002,2026-07-23T13:22:46-04:00,2026-09-01T19:48:33-04:00,2026-09-04_16-24-07
8692214002,Inventory Specialist (Starlink) - Weekend Shift,"Woodinville, WA",SpaceX,Supply Chain & Logistics - Materials Management & Warehouse,https://boards.greenhouse.io/spacex/jobs/8692214002?gh_jid=8692214002,6472928002,2026-08-10T14:05:52-04:00,2026-09-01T19:48:33-04:00,2026-09-04_16-24-07
8695194002,Inventory Specialist (Starship),"Starbase, TX",SpaceX,Supply Chain & Logistics - Materials Management & Warehouse,https://boards.greenhouse.io/spacex/jobs/8695194002?gh_jid=8695194002,6474255002,2026-08-18T16:57:58-04:00,2026-09-01T19:48:33-04:00,2026-09-04_16-24-07
8451903002,"IT Infrastructure Engineer, Virtualization & Storage","Hawthorne, CA",SpaceX,Engineering - Information Technology,https://boards.greenhouse.io/spacex/jobs/8451903002?gh_jid=8451903002,6376114002,2026-03-24T12:57:36-04:00,2026-09-01T19:48:33-04:00,2026-09-04_16-24-07
8675100002,IT Internal Audit Manager,"Hawthorne, CA",SpaceX,Corporate - Finance & Accounting,https://boards.greenhouse.io/spacex/jobs/8675100002?gh_jid=8675100002,6465156002,2026-08-04T12:59:26-04:00,2026-09-01T19:48:33-04:00,2026-09-04_16-24-07
8648054002,IT Network Engineer,"Vandenberg, CA",SpaceX,Engineering - Information Technology,https://boards.greenhouse.io/spacex/jobs/8648054002?gh_jid=8648054002,6453692002,2026-07-27T18:20:37-04:00,2026-09-01T19:48:33-04:00,2026-09-04_16-24-07
8679658002,"IT Network Engineer, Mission Systems","Cape Canaveral, FL",SpaceX,Engineering - Information Technology,https://boards.greenhouse.io/spacex/jobs/8679658002?gh_jid=8679658002,6467348002,2026-08-06T18:34:05-04:00,2026-09-01T19:48:33-04:00,2026-09-04_16-24-07
8456295002,IT Network Engineer - Top Secret Clearance,"Hawthorne, CA",SpaceX,Engineering - Information Technology,https://boards.greenhouse.io/spacex/jobs/8456295002?gh_jid=8456295002,6377867002,2026-03-13T12:11:53-04:00,2026-09-01T19:48:33-04:00,2026-09-04_16-24-07
8570046002,IT Network Infrastructure Engineer,"Hawthorne, CA",SpaceX,Engineering - Information Technology,https://boards.greenhouse.io/spacex/jobs/8570046002?gh_jid=8570046002,6372580002,2026-05-28T19:56:16-04:00,2026-09-01T19:48:33-04:00,2026-09-04_16-24-07
8458745002,"IT Network Infrastructure Engineer, Launch","Starbase, TX",SpaceX,Engineering - Information Technology,https://boards.greenhouse.io/spacex/jobs/8458745002?gh_jid=8458745002,6378798002,2026-03-11T17:46:50-04:00,2026-09-01T19:48:33-04:00,2026-09-04_16-24-07
8751830002,IT Network Infrastructure Specialist,"Starbase, TX",SpaceX,Engineering - Information Technology,https://boards.greenhouse.io/spacex/jobs/8751830002?gh_jid=8751830002,6500360002,2026-08-26T15:58:41-04:00,2026-09-01T19:48:33-04:00,2026-09-04_16-24-07
8707320002,IT Network Infrastructure Technician,"Cape Canaveral, FL",SpaceX,Engineering - Information Technology,https://boards.greenhouse.io/spacex/jobs/8707320002?gh_jid=8707320002,6474924002,2026-08-13T14:23:10-04:00,2026-09-01T19:48:33-04:00,2026-09-04_16-24-07
8459561002,IT Network Infrastructure Technician,"Starbase, TX",SpaceX,Engineering - Information Technology,https://boards.greenhouse.io/spacex/jobs/8459561002?gh_jid=8459561002,6379086002,2026-03-11T17:21:29-04:00,2026-09-01T19:48:33-04:00,2026-09-04_16-24-07
8771106002,IT Network Infrastructure Technician (Weekend Shift),"Cape Canaveral, FL",SpaceX,Engineering - Information Technology,https://boards.greenhouse.io/spacex/jobs/8771106002?gh_jid=8771106002,6509293002,2026-09-01T19:42:54-04:00,2026-09-01T19:48:33-04:00,2026-09-04_16-24-07
8684618002,IT Operations Engineer,"Cape Canaveral, FL",SpaceX,Engineering - Information Technology,https://boards.greenhouse.io/spacex/jobs/8684618002?gh_jid=8684618002,6469578002,2026-08-05T20:43:18-04:00,2026-09-01T19:48:33-04:00,2026-09-04_16-24-07
8698113002,IT Storage Engineer,"Cape Canaveral, FL",SpaceX,Engineering - Information Technology,https://boards.greenhouse.io/spacex/jobs/8698113002?gh_jid=8698113002,6471056002,2026-08-11T18:57:33-04:00,2026-09-01T19:48:33-04:00,2026-09-04_16-24-07
8698140002,IT Storage Engineer,"Bastrop, TX",SpaceX,Engineering - Information Technology,https://boards.greenhouse.io/spacex/jobs/8698140002?gh_jid=8698140002,6471056002,2026-08-11T18:58:37-04:00,2026-09-01T19:48:33-04:00,2026-09-04_16-24-07
8698258002,IT Storage Engineer,"Redmond, WA",SpaceX,Engineering - Information Technology,https://boards.greenhouse.io/spacex/jobs/8698258002?gh_jid=8698258002,6471056002,2026-08-11T19:03:05-04:00,2026-09-01T19:48:33-04:00,2026-09-04_16-24-07
8687953002,IT Storage Engineer,"Hawthorne, CA",SpaceX,Engineering - Information Technology,https://boards.greenhouse.io/spacex/jobs/8687953002?gh_jid=8687953002,6471056002,2026-08-11T18:55:20-04:00,2026-09-01T19:48:33-04:00,2026-09-04_16-24-07
8698173002,IT Storage Engineer,"Starbase, TX",SpaceX,Engineering - Information Technology,https://boards.greenhouse.io/spacex/jobs/8698173002?gh_jid=8698173002,6471056002,2026-08-11T18:59:46-04:00,2026-09-01T19:48:33-04:00,2026-09-04_16-24-07
8534863002,IT Support Technician,"Hawthorne, CA",SpaceX,Engineering - Information Technology,https://boards.greenhouse.io/spacex/jobs/8534863002?gh_jid=8534863002,6408610002,2026-05-04T17:42:05-04:00,2026-09-01T19:48:33-04:00,2026-09-04_16-24-07
8629135002,IT Support Technician,"Cape Canaveral, FL",SpaceX,Engineering - Information Technology,https://boards.greenhouse.io/spacex/jobs/8629135002?gh_jid=8629135002,6446229002,2026-07-13T14:43:34-04:00,2026-09-01T19:48:33-04:00,2026-09-04_16-24-07
8577847002,IT Support Technician,"Washington, DC",SpaceX,Engineering - Information Technology,https://boards.greenhouse.io/spacex/jobs/8577847002?gh_jid=8577847002,6426161002,2026-06-03T19:00:27-04:00,2026-09-01T19:48:33-04:00,2026-09-04_16-24-07
8650222002,IT Support Technician,"Canandaigua, NY",SpaceX,Engineering - Information Technology,https://boards.greenhouse.io/spacex/jobs/8650222002?gh_jid=8650222002,6454558002,2026-07-29T12:26:48-04:00,2026-09-01T19:48:33-04:00,2026-09-04_16-24-07
8650224002,IT Support Technician (Logistics),"Bastrop, TX",SpaceX,Engineering - Information Technology,https://boards.greenhouse.io/spacex/jobs/8650224002?gh_jid=8650224002,6454559002,2026-07-29T18:53:15-04:00,2026-09-01T19:48:33-04:00,2026-09-04_16-24-07
8469052002,"IT Systems Administrator, Launch","Hawthorne, CA",SpaceX,Engineering - Information Technology,https://boards.greenhouse.io/spacex/jobs/8469052002?gh_jid=8469052002,6382885002,2026-03-19T11:00:05-04:00,2026-09-01T19:48:33-04:00,2026-09-04_16-24-07
8698618002,"IT Systems Administrator, Launch","Starbase, TX",SpaceX,Engineering - Information Technology,https://boards.greenhouse.io/spacex/jobs/8698618002?gh_jid=8698618002,6475868002,2026-08-12T11:41:05-04:00,2026-09-01T19:48:33-04:00,2026-09-04_16-24-07
8525777002,"IT Systems Administrator, Mission Systems","Vandenberg, CA",SpaceX,Engineering - Information Technology,https://boards.greenhouse.io/spacex/jobs/8525777002?gh_jid=8525777002,6405217002,2026-04-28T15:23:50-04:00,2026-09-01T19:48:33-04:00,2026-09-04_16-24-07
8609444002,IT Systems Engineer (Endpoint),"Bastrop, TX",SpaceX,Engineering - Information Technology,https://boards.greenhouse.io/spacex/jobs/8609444002?gh_jid=8609444002,6436115002,2026-06-25T16:52:09-04:00,2026-09-01T19:48:33-04:00,2026-09-04_16-24-07
8603113002,IT Systems Engineer (Endpoint),"Hawthorne, CA",SpaceX,Engineering - Information Technology,https://boards.greenhouse.io/spacex/jobs/8603113002?gh_jid=8603113002,6436115002,2026-06-25T16:52:08-04:00,2026-09-01T19:48:33-04:00,2026-09-04_16-24-07
8548102002,IT Systems Engineer - Top Secret Clearance,"Hawthorne, CA",SpaceX,Engineering - Information Technology,https://boards.greenhouse.io/spacex/jobs/8548102002?gh_jid=8548102002,6414357002,2026-05-13T18:21:08-04:00,2026-09-01T19:48:33-04:00,2026-09-04_16-24-07
8548907002,IT Windows Systems Engineer - Top Secret Clearance,"Hawthorne, CA",SpaceX,Engineering - Information Technology,https://boards.greenhouse.io/spacex/jobs/8548907002?gh_jid=8548907002,6414357002,2026-05-13T18:23:55-04:00,2026-09-01T19:48:33-04:00,2026-09-04_16-24-07
8696995002,Journeyman Electrician (Starlink),"Bastrop, TX",SpaceX,Operations - Facilities,https://boards.greenhouse.io/spacex/jobs/8696995002?gh_jid=8696995002,6475098002,2026-08-19T16:14:09-04:00,2026-09-01T19:48:33-04:00,2026-09-04_16-24-07
8631545002,Jr. Sous Chef - Temporary,"Cape Canaveral, FL",SpaceX,Operations - Food Services,https://boards.greenhouse.io/spacex/jobs/8631545002?gh_jid=8631545002,6447302002,2026-07-13T17:38:29-04:00,2026-09-01T19:48:33-04:00,2026-09-04_16-24-07
8627591002,Jr. Sous Chef - Temporary,"Starbase, TX",SpaceX,Operations - Food Services,https://boards.greenhouse.io/spacex/jobs/8627591002?gh_jid=8627591002,6445633002,2026-07-13T17:38:39-04:00,2026-09-01T19:48:33-04:00,2026-09-04_16-24-07
8629111002,Jr. Sous Chef - Temporary,"Bastrop, TX",SpaceX,Operations - Food Services,https://boards.greenhouse.io/spacex/jobs/8629111002?gh_jid=8629111002,6446225002,2026-07-13T16:58:44-04:00,2026-09-01T19:48:33-04:00,2026-09-04_16-24-07
8571876002,"Kiln Technician, Thermal Hardware (Starship)","Cape Canaveral, FL",SpaceX,Manufacturing - Assembly & Integration,https://boards.greenhouse.io/spacex/jobs/8571876002?gh_jid=8571876002,6423773002,2026-05-29T16:05:08-04:00,2026-09-01T19:48:33-04:00,2026-09-04_16-24-07
8573281002,Kubernetes Platform Infrastructure Engineer (Starlink),"Redmond, WA",SpaceX,Engineering - Software & Analytics,https://boards.greenhouse.io/spacex/jobs/8573281002?gh_jid=8573281002,6424301002,2026-06-04T13:18:59-04:00,2026-09-01T19:48:33-04:00,2026-09-04_16-24-07
8691820002,Lab Architect,"Redmond, WA",SpaceX,Corporate - Sales & Business Operations,https://boards.greenhouse.io/spacex/jobs/8691820002?gh_jid=8691820002,6353234002,2026-08-07T14:11:38-04:00,2026-09-01T19:48:33-04:00,2026-09-04_16-24-07
8766934002,Laser Tracker Toolmaker (Starship Launch Hardware),"Cape Canaveral, FL",SpaceX,Manufacturing - Machining,https://boards.greenhouse.io/spacex/jobs/8766934002?gh_jid=8766934002,6507370002,2026-09-02T16:35:14-04:00,2026-09-02T16:35:14-04:00,2026-09-04_16-24-07
8594698002,"Launch and Test Engineer, Fluids","Cape Canaveral, FL",SpaceX,Engineering - Aerospace & Mechanical,https://boards.greenhouse.io/spacex/jobs/8594698002?gh_jid=8594698002,6432956002,2026-06-16T15:54:10-04:00,2026-09-01T19:48:33-04:00,2026-09-04_16-24-07
8723922002,"Launch Engineer, Dragon","Cape Canaveral, FL",SpaceX,Engineering - Aerospace & Mechanical,https://boards.greenhouse.io/spacex/jobs/8723922002?gh_jid=8723922002,6487498002,2026-08-17T20:07:28-04:00,2026-09-01T19:48:33-04:00,2026-09-04_16-24-07
8624730002,"Launch Engineer, Falcon Engineering","Vandenberg, CA",SpaceX,Engineering - Aerospace & Mechanical,https://boards.greenhouse.io/spacex/jobs/8624730002?gh_jid=8624730002,6444393002,2026-07-08T14:37:14-04:00,2026-09-01T19:48:33-04:00,2026-09-04_16-24-07
8504994002,"Launch Engineer, Fluid Systems (Starship)","Starbase, TX",SpaceX,Engineering - Aerospace & Mechanical,https://boards.greenhouse.io/spacex/jobs/8504994002?gh_jid=8504994002,6397128002,2026-04-13T17:46:29-04:00,2026-09-01T19:48:33-04:00,2026-09-04_16-24-07
8675103002,"Launch Engineer, Ground Support Equipment (Falcon)","Vandenberg, CA",SpaceX,Engineering - Aerospace & Mechanical,https://boards.greenhouse.io/spacex/jobs/8675103002?gh_jid=8675103002,6465157002,2026-08-11T16:05:50-04:00,2026-09-01T19:48:33-04:00,2026-09-04_16-24-07
8622779002,"Launch Engineer, Spacecraft Integration (Payloads)","Vandenberg, CA",SpaceX,Engineering - Aerospace & Mechanical,https://boards.greenhouse.io/spacex/jobs/8622779002?gh_jid=8622779002,6443609002,2026-07-08T11:48:51-04:00,2026-09-01T19:48:33-04:00,2026-09-04_16-24-07
8470330002,"Launch Engineer, Stage 0 Propellant Generation (Starship)","Cape Canaveral, FL",SpaceX,Engineering - Aerospace & Mechanical,https://boards.greenhouse.io/spacex/jobs/8470330002?gh_jid=8470330002,6383290002,2026-03-19T14:21:28-04:00,2026-09-01T19:48:33-04:00,2026-09-04_16-24-07
8447293002,Launch Operations Engineer (Starship),"Starbase, TX",SpaceX,Engineering - Aerospace & Mechanical,https://boards.greenhouse.io/spacex/jobs/8447293002?gh_jid=8447293002,6374506002,2026-03-04T09:40:05-05:00,2026-09-01T19:48:33-04:00,2026-09-04_16-24-07
8623675002,"Launch Pad Engineer, Fluid Systems (Falcon 9)","Vandenberg, CA",SpaceX,Engineering - Aerospace & Mechanical,https://boards.greenhouse.io/spacex/jobs/8623675002?gh_jid=8623675002,6443955002,2026-07-08T11:48:58-04:00,2026-09-01T19:48:33-04:00,2026-09-04_16-24-07
8761378002,Launch Pad Technician - Multiple Shifts,"Vandenberg, CA",SpaceX,Manufacturing - Assembly & Integration,https://boards.greenhouse.io/spacex/jobs/8761378002?gh_jid=8761378002,6504692002,2026-09-02T17:39:46-04:00,2026-09-02T17:39:46-04:00,2026-09-04_16-24-07
8601388002,Launch Pad Technician (Starship) - Multiple Shifts,"Cape Canaveral, FL",SpaceX,Manufacturing - Assembly & Integration,https://boards.greenhouse.io/spacex/jobs/8601388002?gh_jid=8601388002,6435365002,2026-06-19T15:16:48-04:00,2026-09-01T19:48:33-04:00,2026-09-04_16-24-07
8767761002,Launch Quality Inspector - Night Shift,"Cape Canaveral, FL",SpaceX,Manufacturing - Quality,https://boards.greenhouse.io/spacex/jobs/8767761002?gh_jid=8767761002,6507766002,2026-09-01T12:14:37-04:00,2026-09-01T19:48:33-04:00,2026-09-04_16-24-07
8526975002,Launch Reliability Engineer (Launch Pads & Recovery),"Cape Canaveral, FL",SpaceX,Engineering - Aerospace & Mechanical,https://boards.greenhouse.io/spacex/jobs/8526975002?gh_jid=8526975002,6405689002,2026-04-28T15:52:50-04:00,2026-09-01T19:48:33-04:00,2026-09-04_16-24-07
8535316002,"Lead Automation and Controls Engineer, Silicon Technology (Starlink)","Bastrop, TX",SpaceX,Engineering - Automation & Controls,https://boards.greenhouse.io/spacex/jobs/8535316002?gh_jid=8535316002,6408811002,2026-05-05T18:24:38-04:00,2026-09-01T19:48:33-04:00,2026-09-04_16-24-07
8722952002,Lead Cook,"Redmond, WA",SpaceX,Operations - Food Services,https://boards.greenhouse.io/spacex/jobs/8722952002?gh_jid=8722952002,6487016002,2026-08-18T10:48:23-04:00,2026-09-01T19:48:33-04:00,2026-09-04_16-24-07
8746215002,Lead Development Test Technician (Starship Structural Test) - 1st Shift,"Starbase, TX",SpaceX,Manufacturing - Assembly & Integration,https://boards.greenhouse.io/spacex/jobs/8746215002?gh_jid=8746215002,6497800002,2026-08-27T22:05:36-04:00,2026-09-01T19:48:33-04:00,2026-09-04_16-24-07
8694097002,"Lead EHS Engineer, Fire Safety & Emergency Response","Bastrop, TX",SpaceX,Corporate - Environmental Health & Safety,https://boards.greenhouse.io/spacex/jobs/8694097002?gh_jid=8694097002,6473767002,2026-08-12T18:18:28-04:00,2026-09-01T19:48:33-04:00,2026-09-04_16-24-07
8633448002,"Lead Electrical Engineer, Hardware Reliability (Starlink)","Bastrop, TX",SpaceX,Engineering - Aerospace & Mechanical,https://boards.greenhouse.io/spacex/jobs/8633448002?gh_jid=8633448002,6428221002,2026-07-14T15:09:35-04:00,2026-09-01T19:48:33-04:00,2026-09-04_16-24-07
8722642002,"Lead Electronic Development Engineer, Gateways (Starlink)","Bastrop, TX",SpaceX,Engineering - Electrical,https://boards.greenhouse.io/spacex/jobs/8722642002?gh_jid=8722642002,6486865002,2026-08-17T17:40:20-04:00,2026-09-01T19:48:33-04:00,2026-09-04_16-24-07
8685361002,"Lead Environmental Health & Safety Engineer, Construction Safety","Bastrop, TX",SpaceX,Corporate - Environmental Health & Safety,https://boards.greenhouse.io/spacex/jobs/8685361002?gh_jid=8685361002,6469931002,2026-08-05T19:04:58-04:00,2026-09-01T19:48:33-04:00,2026-09-04_16-24-07
8700609002,"Lead Environmental Health & Safety Engineer, Safety Engineering","Bastrop, TX",SpaceX,Corporate - Environmental Health & Safety,https://boards.greenhouse.io/spacex/jobs/8700609002?gh_jid=8700609002,6476716002,2026-08-12T18:43:21-04:00,2026-09-01T19:48:33-04:00,2026-09-04_16-24-07
8550915002,"Lead, Fulfillment Purchasing","McGregor, TX",SpaceX,Supply Chain & Logistics - Sourcing & Planning,https://boards.greenhouse.io/spacex/jobs/8550915002?gh_jid=8550915002,6415356002,2026-05-23T14:12:35-04:00,2026-09-01T19:48:33-04:00,2026-09-04_16-24-07
8641549002,"Lead Full Stack Engineer, Starship Manufacturing (Application Software)","Starbase, TX",SpaceX,Engineering - Software & Analytics,https://boards.greenhouse.io/spacex/jobs/8641549002?gh_jid=8641549002,6439834002,2026-07-20T14:22:30-04:00,2026-09-01T19:48:33-04:00,2026-09-04_16-24-07
8752585002,"Lead Graphic Designer, Merchandising & Events","Hawthorne, CA",SpaceX,Corporate - Marketing & Communications,https://boards.greenhouse.io/spacex/jobs/8752585002?gh_jid=8752585002,6500688002,2026-08-27T17:12:26-04:00,2026-09-01T19:48:33-04:00,2026-09-04_16-24-07
8633964002,"Lead Hardware Reliability Engineer, Electrical (Starshield)","Hawthorne, CA",SpaceX,Engineering - Electrical,https://boards.greenhouse.io/spacex/jobs/8633964002?gh_jid=8633964002,6448291002,2026-07-15T16:05:23-04:00,2026-09-01T19:48:33-04:00,2026-09-04_16-24-07
8582845002,Lead Hardware Reliability Engineer (Starlink),"Bastrop, TX",SpaceX,Engineering - Aerospace & Mechanical,https://boards.greenhouse.io/spacex/jobs/8582845002?gh_jid=8582845002,6428221002,2026-06-08T17:36:47-04:00,2026-09-01T19:48:33-04:00,2026-09-04_16-24-07
8614911002,Lead HVAC Technician (Starship),"Starbase, TX",SpaceX,Operations - Facilities,https://boards.greenhouse.io/spacex/jobs/8614911002?gh_jid=8614911002,6440673002,2026-07-10T09:29:53-04:00,2026-09-01T19:48:33-04:00,2026-09-04_16-24-07
8653850002,Lead Integration & Test Engineer (Starshield),"Hawthorne, CA",SpaceX,Engineering - Aerospace & Mechanical,https://boards.greenhouse.io/spacex/jobs/8653850002?gh_jid=8653850002,6456015002,2026-07-28T14:57:52-04:00,2026-09-01T19:48:33-04:00,2026-09-04_16-24-07
8637752002,Lead Inventory Specialist (Falcon) - 2nd Shift,"Hawthorne, CA",SpaceX,Supply Chain & Logistics - Materials Management & Warehouse,https://boards.greenhouse.io/spacex/jobs/8637752002?gh_jid=8637752002,6449803002,2026-07-20T17:20:21-04:00,2026-09-01T19:48:33-04:00,2026-09-04_16-24-07
8716915002,"Lead, Logistics (Outbound)","Woodinville, WA",SpaceX,Supply Chain & Logistics - Materials Management & Warehouse,https://boards.greenhouse.io/spacex/jobs/8716915002?gh_jid=8716915002,6484189002,2026-08-14T19:10:36-04:00,2026-09-01T19:48:33-04:00,2026-09-04_16-24-07
8722917002,Lead Manufacturing Engineer (Starlink PCBA),"Bastrop, TX",SpaceX,Manufacturing - Leadership,https://boards.greenhouse.io/spacex/jobs/8722917002?gh_jid=8722917002,6487001002,2026-08-17T18:16:47-04:00,2026-09-01T19:48:33-04:00,2026-09-04_16-24-07
8633437002,"Lead Mechanical Engineer, Hardware Reliability (Starlink)","Bastrop, TX",SpaceX,Engineering - Aerospace & Mechanical,https://boards.greenhouse.io/spacex/jobs/8633437002?gh_jid=8633437002,6428221002,2026-07-14T15:07:56-04:00,2026-09-01T19:48:33-04:00,2026-09-04_16-24-07
8653471002,"Lead Mechanical Engineer, MEP","McGregor, TX",SpaceX,Engineering - Aerospace & Mechanical,https://boards.greenhouse.io/spacex/jobs/8653471002?gh_jid=8653471002,6455857002,2026-07-30T11:45:57-04:00,2026-09-01T19:48:33-04:00,2026-09-04_16-24-07
8627660002,Lead Mechanical Engineer (Starship),"Starbase, TX",SpaceX,Engineering - Aerospace & Mechanical,https://boards.greenhouse.io/spacex/jobs/8627660002?gh_jid=8627660002,6404450002,2026-07-09T23:29:36-04:00,2026-09-01T19:48:33-04:00,2026-09-04_16-24-07
8523847002,Lead Mechanical Engineer (Starship Avionics),"Starbase, TX",SpaceX,Engineering - Aerospace & Mechanical,https://boards.greenhouse.io/spacex/jobs/8523847002?gh_jid=8523847002,6404450002,2026-04-25T15:00:27-04:00,2026-09-01T19:48:33-04:00,2026-09-04_16-24-07
8517596002,Lead PCB Designer (Starshield),"Hawthorne, CA",SpaceX,Engineering - Electrical,https://boards.greenhouse.io/spacex/jobs/8517596002?gh_jid=8517596002,6402410002,2026-04-22T13:25:16-04:00,2026-09-01T19:48:33-04:00,2026-09-04_16-24-07
8648919002,Lead Power Systems Engineer,"McGregor, TX",SpaceX,Engineering - Electrical,https://boards.greenhouse.io/spacex/jobs/8648919002?gh_jid=8648919002,6454096002,2026-07-28T11:36:37-04:00,2026-09-01T19:48:33-04:00,2026-09-04_16-24-07
8622984002,Lead Security Officer,"Starbase, TX",SpaceX,Operations - Physical Security,https://boards.greenhouse.io/spacex/jobs/8622984002?gh_jid=8622984002,6443679002,2026-07-07T18:31:17-04:00,2026-09-01T19:48:33-04:00,2026-09-04_16-24-07
8627069002,Lead Security Officer,"Memphis, TN",SpaceX,Operations - Physical Security,https://boards.greenhouse.io/spacex/jobs/8627069002?gh_jid=8627069002,6445441002,2026-07-09T18:24:51-04:00,2026-09-01T19:48:33-04:00,2026-09-04_16-24-07
8649378002,Lead Security Officer,"Palo Alto, CA",SpaceX,Operations - Physical Security,https://boards.greenhouse.io/spacex/jobs/8649378002?gh_jid=8649378002,6454291002,2026-07-29T12:27:05-04:00,2026-09-01T19:48:33-04:00,2026-09-04_16-24-07
8708523002,Lead Security Officer (Terafab),"Anderson, TX",SpaceX,Operations - Physical Security,https://boards.greenhouse.io/spacex/jobs/8708523002?gh_jid=8708523002,6480179002,2026-08-14T13:25:10-04:00,2026-09-01T19:48:33-04:00,2026-09-04_16-24-07
8692493002,"Lead Software Engineer, Application Software (Finance)","Hawthorne, CA",SpaceX,Engineering - Software & Analytics,https://boards.greenhouse.io/spacex/jobs/8692493002?gh_jid=8692493002,6473052002,2026-08-07T21:47:06-04:00,2026-09-01T19:48:33-04:00,2026-09-04_16-24-07
8612703002,"Lead Software Engineer, Application Software (Manufacturing)","Starbase, TX",SpaceX,Engineering - Software & Analytics,https://boards.greenhouse.io/spacex/jobs/8612703002?gh_jid=8612703002,6439834002,2026-06-29T19:38:30-04:00,2026-09-01T19:48:33-04:00,2026-09-04_16-24-07
8763490002,"Lead Software Engineer, Finance","Hawthorne, CA",SpaceX,Engineering - Software & Analytics,https://boards.greenhouse.io/spacex/jobs/8763490002?gh_jid=8763490002,6473052002,2026-08-30T02:10:21-04:00,2026-09-01T19:48:33-04:00,2026-09-04_16-24-07
8435966002,"Lead Software Engineer, Flight Systems - Top Secret Clearance","Hawthorne, CA",SpaceX,Engineering - Software & Analytics,https://boards.greenhouse.io/spacex/jobs/8435966002?gh_jid=8435966002,6369702002,2026-03-24T17:42:40-04:00,2026-09-01T19:48:33-04:00,2026-09-04_16-24-07
8555708002,Lead Software Engineer (Full Stack) - Build Reliability,"Hawthorne, CA",SpaceX,Engineering - Software & Analytics,https://boards.greenhouse.io/spacex/jobs/8555708002?gh_jid=8555708002,6417422002,2026-05-18T21:15:26-04:00,2026-09-01T19:48:33-04:00,2026-09-04_16-24-07
8476329002,"Lead Software Engineer, Full Stack - Top Secret Clearance","Hawthorne, CA",SpaceX,Engineering - Software & Analytics,https://boards.greenhouse.io/spacex/jobs/8476329002?gh_jid=8476329002,6385734002,2026-03-24T16:16:57-04:00,2026-09-01T19:48:33-04:00,2026-09-04_16-24-07
8651026002,"Lead Software Engineer, Starship Manufacturing (Application Software)","Starbase, TX",SpaceX,Engineering - Software & Analytics,https://boards.greenhouse.io/spacex/jobs/8651026002?gh_jid=8651026002,6439834002,2026-07-26T20:10:56-04:00,2026-09-01T19:48:33-04:00,2026-09-04_16-24-07
8533755002,Lead Starship Engineer (Ship Vehicle Assembly),"Starbase, TX",SpaceX,Engineering - Aerospace & Mechanical,https://boards.greenhouse.io/spacex/jobs/8533755002?gh_jid=8533755002,6408118002,2026-05-06T11:13:47-04:00,2026-09-01T19:48:33-04:00,2026-09-04_16-24-07
8585801002,Lead Structural Welder (Stage 0 Propellant Systems) - Night Shift,"Starbase, TX",SpaceX,Manufacturing - Welding,https://boards.greenhouse.io/spacex/jobs/8585801002?gh_jid=8585801002,6429348002,2026-06-10T11:42:39-04:00,2026-09-01T19:48:33-04:00,2026-09-04_16-24-07
8589950002,Lead Supplier Development Engineer (Starlink),"Redmond, WA",SpaceX,Engineering - Aerospace & Mechanical,https://boards.greenhouse.io/spacex/jobs/8589950002?gh_jid=8589950002,6430855002,2026-06-16T17:25:22-04:00,2026-09-01T19:48:33-04:00,2026-09-04_16-24-07
8465290002,Lead Supply Chain Reliability Engineer (Starlink),"Woodinville, WA",SpaceX,Supply Chain & Logistics - Supply Chain Engineering,https://boards.greenhouse.io/spacex/jobs/8465290002?gh_jid=8465290002,6381455002,2026-04-01T11:35:28-04:00,2026-09-01T19:48:33-04:00,2026-09-04_16-24-07
8716312002,Lead Welder - 2nd Shift,"McGregor, TX",SpaceX,Manufacturing - Welding,https://boards.greenhouse.io/spacex/jobs/8716312002?gh_jid=8716312002,6483916002,2026-08-14T15:21:45-04:00,2026-09-02T12:58:27-04:00,2026-09-04_16-24-07
8755734002,Lead Welder (Starship Launch Hardware) - Multiple Shifts,"Cape Canaveral, FL",SpaceX,Manufacturing - Welding,https://boards.greenhouse.io/spacex/jobs/8755734002?gh_jid=8755734002,6502211002,2026-08-29T21:26:42-04:00,2026-09-01T19:48:33-04:00,2026-09-04_16-24-07
8683685002,"Legal Analyst, Product (Starlink)","Washington, DC",SpaceX,Corporate - Legal,https://boards.greenhouse.io/spacex/jobs/8683685002?gh_jid=8683685002,6469190002,2026-08-10T10:09:11-04:00,2026-09-01T19:48:33-04:00,2026-09-04_16-24-07
8555044002,Liquefied Natural Gas Process/Project Engineer,"Starbase, TX",SpaceX,Engineering - Materials,https://boards.greenhouse.io/spacex/jobs/8555044002?gh_jid=8555044002,6417146002,2026-05-18T12:53:22-04:00,2026-09-01T19:48:33-04:00,2026-09-04_16-24-07
8696568002,Loads & Dynamics Engineer (Starfall),"Hawthorne, CA",SpaceX,Engineering - Aerospace & Mechanical,https://boards.greenhouse.io/spacex/jobs/8696568002?gh_jid=8696568002,6474912002,2026-08-11T17:11:48-04:00,2026-09-01T19:48:33-04:00,2026-09-04_16-24-07
8536510002,Loads & Dynamics Engineer (Starshield),"Hawthorne, CA",SpaceX,Engineering - Aerospace & Mechanical,https://boards.greenhouse.io/spacex/jobs/8536510002?gh_jid=8536510002,6409327002,2026-05-05T15:56:48-04:00,2026-09-01T19:48:33-04:00,2026-09-04_16-24-07
8624109002,Logistics Technician,"McGregor, TX",SpaceX,Supply Chain & Logistics - Materials Management & Warehouse,https://boards.greenhouse.io/spacex/jobs/8624109002?gh_jid=8624109002,6444156002,2026-07-08T12:48:02-04:00,2026-09-01T19:48:33-04:00,2026-09-04_16-24-07
8420866002,Machine Maintenance Associate (Starlink),"Bastrop, TX",SpaceX,Manufacturing - Entry Level Manufacturing,https://boards.greenhouse.io/spacex/jobs/8420866002?gh_jid=8420866002,6363345002,2026-02-16T16:27:06-05:00,2026-09-01T19:48:33-04:00,2026-09-04_16-24-07
8524776002,"Machine Maintenance Specialist, Solar Cells (Starlink)","Bastrop, TX",SpaceX,"Manufacturing - PCB, Silicon, and Solar",https://boards.greenhouse.io/spacex/jobs/8524776002?gh_jid=8524776002,6404803002,2026-04-29T16:36:26-04:00,2026-09-01T19:48:33-04:00,2026-09-04_16-24-07
8659214002,Machine Maintenance Supervisor (Starlink) - Multiple Shifts,"Bastrop, TX",SpaceX,Manufacturing - Leadership,https://boards.greenhouse.io/spacex/jobs/8659214002?gh_jid=8659214002,6457645002,2026-08-04T11:38:00-04:00,2026-09-01T19:48:33-04:00,2026-09-04_16-24-07
8628432002,Machine Maintenance Technician,"Redmond, WA",SpaceX,Manufacturing - Automation & Controls and Maintenance,https://boards.greenhouse.io/spacex/jobs/8628432002?gh_jid=8628432002,6445950002,2026-07-14T16:36:50-04:00,2026-09-02T18:23:46-04:00,2026-09-04_16-24-07
8739399002,Machine Maintenance Technician (CNC) - Level 4/5,"Hawthorne, CA",SpaceX,Manufacturing - Automation & Controls and Maintenance,https://boards.greenhouse.io/spacex/jobs/8739399002?gh_jid=8739399002,6494581002,2026-08-21T20:12:50-04:00,2026-09-01T19:48:33-04:00,2026-09-04_16-24-07
8614571002,"Machine Maintenance Technician, PCB (Starlink)","Bastrop, TX",SpaceX,Manufacturing - Automation & Controls and Maintenance,https://boards.greenhouse.io/spacex/jobs/8614571002?gh_jid=8614571002,6440536002,2026-07-01T11:04:21-04:00,2026-09-01T19:48:33-04:00,2026-09-04_16-24-07
8530800002,"Machine Maintenance Technician, Solar Cells (Starlink) - Day Shift","Bastrop, TX",SpaceX,Manufacturing - Automation & Controls and Maintenance,https://boards.greenhouse.io/spacex/jobs/8530800002?gh_jid=8530800002,6406888002,2026-04-29T20:25:02-04:00,2026-09-01T19:48:33-04:00,2026-09-04_16-24-07
8697040002,Machine Maintenance Technician (Starlink),"Bastrop, TX",SpaceX,Manufacturing - Automation & Controls and Maintenance,https://boards.greenhouse.io/spacex/jobs/8697040002?gh_jid=8697040002,6475116002,2026-08-19T16:15:47-04:00,2026-09-01T19:48:33-04:00,2026-09-04_16-24-07
8622997002,Machining Technician (Starlink),"Woodinville, WA",SpaceX,Manufacturing - Entry Level Manufacturing,https://boards.greenhouse.io/spacex/jobs/8622997002?gh_jid=8622997002,6443683002,2026-07-08T17:23:45-04:00,2026-09-01T19:48:33-04:00,2026-09-04_16-24-07
8700616002,Machining Technician (Starlink) - Entry Level,"Woodinville, WA",SpaceX,Manufacturing - Entry Level Manufacturing,https://boards.greenhouse.io/spacex/jobs/8700616002?gh_jid=8700616002,6443683002,2026-08-12T12:27:51-04:00,2026-09-01T19:48:33-04:00,2026-09-04_16-24-07
8651057002,Machinist,"Vandenberg, CA",SpaceX,Manufacturing - Machining,https://boards.greenhouse.io/spacex/jobs/8651057002?gh_jid=8651057002,6454965002,2026-07-31T15:25:50-04:00,2026-09-01T19:48:33-04:00,2026-09-04_16-24-07
8697058002,"Maintenance Engineer, High Pressure Die Casting (Starlink)","Bastrop, TX",SpaceX,Engineering - Industrial & Operations,https://boards.greenhouse.io/spacex/jobs/8697058002?gh_jid=8697058002,6475126002,2026-08-19T16:43:52-04:00,2026-09-01T19:48:33-04:00,2026-09-04_16-24-07
8561461002,"Maintenance Engineer, PCB (Starlink)","Bastrop, TX",SpaceX,Engineering - Aerospace & Mechanical,https://boards.greenhouse.io/spacex/jobs/8561461002?gh_jid=8561461002,6419658002,2026-05-22T12:31:36-04:00,2026-09-01T19:48:33-04:00,2026-09-04_16-24-07
8569287002,Maintenance Supervisor (Starlink),"Bastrop, TX",SpaceX,Manufacturing - Leadership,https://boards.greenhouse.io/spacex/jobs/8569287002?gh_jid=8569287002,6422754002,2026-05-28T15:51:36-04:00,2026-09-01T19:48:33-04:00,2026-09-04_16-24-07
8569294002,Maintenance Supervisor (Starlink) - Night Shift,"Bastrop, TX",SpaceX,Manufacturing - Leadership,https://boards.greenhouse.io/spacex/jobs/8569294002?gh_jid=8569294002,6422754002,2026-05-28T15:51:36-04:00,2026-09-01T19:48:33-04:00,2026-09-04_16-24-07
8736999002,Maintenance Technician,"Hawthorne, CA",SpaceX,Manufacturing - Assembly & Integration,https://boards.greenhouse.io/spacex/jobs/8736999002?gh_jid=8736999002,6493488002,2026-08-21T13:29:32-04:00,2026-09-01T19:48:33-04:00,2026-09-04_16-24-07
8615844002,Maintenance Technician,"Starbase, TX",SpaceX,Manufacturing - Automation & Controls and Maintenance,https://boards.greenhouse.io/spacex/jobs/8615844002?gh_jid=8615844002,6441060002,2026-07-08T10:31:12-04:00,2026-09-02T13:56:21-04:00,2026-09-04_16-24-07
8628379002,Maintenance Technician (Starlink) - Level 4/5,"Redmond, WA",SpaceX,Manufacturing - Automation & Controls and Maintenance,https://boards.greenhouse.io/spacex/jobs/8628379002?gh_jid=8628379002,6445926002,2026-07-14T16:36:35-04:00,2026-09-01T19:48:33-04:00,2026-09-04_16-24-07
8461250002,"Manager, Advanced Process Manufacturing","Bastrop, TX",SpaceX,Manufacturing - Leadership,https://boards.greenhouse.io/spacex/jobs/8461250002?gh_jid=8461250002,6379713002,2026-03-19T11:15:29-04:00,2026-09-01T19:48:33-04:00,2026-09-04_16-24-07
8533239002,"Manager, ASIC Design Engineering (Starshield Silicon)","Hawthorne, CA",SpaceX,Engineering - Silicon,https://boards.greenhouse.io/spacex/jobs/8533239002?gh_jid=8533239002,6407863002,2026-05-01T17:50:12-04:00,2026-09-01T19:48:33-04:00,2026-09-04_16-24-07
8642058002,"Manager, Automation & Controls Engineering (Power Generation & Utilities)","Starbase, TX",SpaceX,Engineering - Automation & Controls,https://boards.greenhouse.io/spacex/jobs/8642058002?gh_jid=8642058002,6451373002,2026-07-21T19:51:56-04:00,2026-09-01T19:48:33-04:00,2026-09-04_16-24-07
8461244002,"Manager, Chemical Operations & Production","Bastrop, TX",SpaceX,Manufacturing - Leadership,https://boards.greenhouse.io/spacex/jobs/8461244002?gh_jid=8461244002,6379713002,2026-03-19T11:15:30-04:00,2026-09-01T19:48:33-04:00,2026-09-04_16-24-07
8461223002,"Manager, Chemical Process Production (Starlink)","Bastrop, TX",SpaceX,Manufacturing - Leadership,https://boards.greenhouse.io/spacex/jobs/8461223002?gh_jid=8461223002,6379713002,2026-03-19T11:15:30-04:00,2026-09-01T19:48:33-04:00,2026-09-04_16-24-07
8571997002,"Manager, Construction","Palo Alto, CA",SpaceX,Operations - Construction,https://boards.greenhouse.io/spacex/jobs/8571997002?gh_jid=8571997002,6423823002,2026-06-01T11:40:04-04:00,2026-09-01T19:48:33-04:00,2026-09-04_16-24-07
8722562002,"Manager, Critical Lift (Starship)","Starbase, TX",SpaceX,Manufacturing - Leadership,https://boards.greenhouse.io/spacex/jobs/8722562002?gh_jid=8722562002,6486834002,2026-08-19T16:18:47-04:00,2026-09-01T19:48:33-04:00,2026-09-04_16-24-07
8738842002,"Manager, Data Center Hardware & Infrastructure (TS/SCI)","Hawthorne, CA",SpaceX,Engineering - Information Technology,https://boards.greenhouse.io/spacex/jobs/8738842002?gh_jid=8738842002,6494318002,2026-08-21T19:34:57-04:00,2026-09-01T19:48:33-04:00,2026-09-04_16-24-07
8594433002,"Manager, Environmental Health & Safety","Memphis, TN",SpaceX,Corporate - Environmental Health & Safety,https://boards.greenhouse.io/spacex/jobs/8594433002?gh_jid=8594433002,6432839002,2026-06-16T16:07:28-04:00,2026-09-01T19:48:33-04:00,2026-09-04_16-24-07
8633564002,"Manager, Facilities Operations - Solar Cell Factory (Starlink)","Bastrop, TX",SpaceX,Operations - Facilities,https://boards.greenhouse.io/spacex/jobs/8633564002?gh_jid=8633564002,6448144002,2026-07-15T20:50:51-04:00,2026-09-01T19:48:33-04:00,2026-09-04_16-24-07
8634692002,"Manager, Facilities Operations (Starlink)","Bastrop, TX",SpaceX,Operations - Facilities,https://boards.greenhouse.io/spacex/jobs/8634692002?gh_jid=8634692002,6448554002,2026-07-15T09:55:31-04:00,2026-09-01T19:48:33-04:00,2026-09-04_16-24-07
8563083002,"Manager, Gateway Electronics Engineering (Starlink)","Bastrop, TX",SpaceX,Engineering - Electrical,https://boards.greenhouse.io/spacex/jobs/8563083002?gh_jid=8563083002,6420274002,2026-05-25T10:13:16-04:00,2026-09-01T19:48:33-04:00,2026-09-04_16-24-07
8779334002,"Manager, Hospitality","Redmond, WA",SpaceX,Operations - Food Services,https://boards.greenhouse.io/spacex/jobs/8779334002?gh_jid=8779334002,6512038002,2026-09-03T19:42:46-04:00,2026-09-03T19:42:46-04:00,2026-09-04_16-24-07
8617345002,"Manager, Indirect Tax","Hawthorne, CA",SpaceX,Corporate - Finance & Accounting,https://boards.greenhouse.io/spacex/jobs/8617345002?gh_jid=8617345002,6441602002,2026-07-08T12:53:35-04:00,2026-09-01T19:48:33-04:00,2026-09-04_16-24-07
8687826002,"Manager, IT Infrastructure (Data Centers)","Hawthorne, CA",SpaceX,Engineering - Information Technology,https://boards.greenhouse.io/spacex/jobs/8687826002?gh_jid=8687826002,6471004002,2026-08-06T16:46:46-04:00,2026-09-01T19:48:33-04:00,2026-09-04_16-24-07
8716982002,"Manager, Logistics (Global Fulfillment Network)","Redmond, WA",SpaceX,Supply Chain & Logistics - Materials Management & Warehouse,https://boards.greenhouse.io/spacex/jobs/8716982002?gh_jid=8716982002,6484215002,2026-08-17T14:58:28-04:00,2026-09-01T19:48:33-04:00,2026-09-04_16-24-07
8716980002,"Manager, Logistics (Global Fulfillment Network)","Hawthorne, CA",SpaceX,Supply Chain & Logistics - Materials Management & Warehouse,https://boards.greenhouse.io/spacex/jobs/8716980002?gh_jid=8716980002,6484215002,2026-08-17T14:58:27-04:00,2026-09-01T19:48:33-04:00,2026-09-04_16-24-07
8716968002,"Manager, Logistics (Global Fulfillment Network)","Bastrop, TX",SpaceX,Supply Chain & Logistics - Materials Management & Warehouse,https://boards.greenhouse.io/spacex/jobs/8716968002?gh_jid=8716968002,6484215002,2026-08-17T14:58:26-04:00,2026-09-01T19:48:33-04:00,2026-09-04_16-24-07
8680034002,"Manager, Logistics (Inbound & CapEx)","Bastrop, TX",SpaceX,Corporate - Sales & Business Operations,https://boards.greenhouse.io/spacex/jobs/8680034002?gh_jid=8680034002,6467533002,2026-08-04T20:23:36-04:00,2026-09-01T19:48:33-04:00,2026-09-04_16-24-07
8632240002,"Manager, Machine Maintenance - Solar Cell Factory (Starlink)","Bastrop, TX",SpaceX,Manufacturing - Leadership,https://boards.greenhouse.io/spacex/jobs/8632240002?gh_jid=8632240002,6447573002,2026-07-13T19:10:34-04:00,2026-09-01T19:48:33-04:00,2026-09-04_16-24-07
8461586002,"Manager, Machine Maintenance (Starlink)","Bastrop, TX",SpaceX,Manufacturing - Leadership,https://boards.greenhouse.io/spacex/jobs/8461586002?gh_jid=8461586002,6379878002,2026-03-13T09:15:42-04:00,2026-09-01T19:48:33-04:00,2026-09-04_16-24-07
8600812002,"Manager, Maintenance Operations (Starlink)","Bastrop, TX",SpaceX,Operations - Facilities,https://boards.greenhouse.io/spacex/jobs/8600812002?gh_jid=8600812002,6435153002,2026-06-19T09:31:54-04:00,2026-09-01T19:48:33-04:00,2026-09-04_16-24-07
8578128002,"Manager, Material Flow Engineering (Hawthorne)","Hawthorne, CA",SpaceX,Supply Chain & Logistics - Materials Management & Warehouse,https://boards.greenhouse.io/spacex/jobs/8578128002?gh_jid=8578128002,6426271002,2026-06-04T16:12:56-04:00,2026-09-01T19:48:33-04:00,2026-09-04_16-24-07
8609129002,"Manager, Materials Management (Starlink)","Bastrop, TX",SpaceX,Supply Chain & Logistics - Materials Management & Warehouse,https://boards.greenhouse.io/spacex/jobs/8609129002?gh_jid=8609129002,6438435002,2026-06-25T14:14:31-04:00,2026-09-01T19:48:33-04:00,2026-09-04_16-24-07
8472695002,"Manager, Materials Management (Starship)","Starbase, TX",SpaceX,Supply Chain & Logistics - Materials Management & Warehouse,https://boards.greenhouse.io/spacex/jobs/8472695002?gh_jid=8472695002,6384108002,2026-03-31T16:30:44-04:00,2026-09-01T19:48:33-04:00,2026-09-04_16-24-07
8643976002,"Manager, Materials Management (Starship)","Hawthorne, CA",SpaceX,Supply Chain & Logistics - Materials Management & Warehouse,https://boards.greenhouse.io/spacex/jobs/8643976002?gh_jid=8643976002,6452159002,2026-07-23T13:08:26-04:00,2026-09-01T19:48:33-04:00,2026-09-04_16-24-07
8531644002,"Manager, Mechanical Engineering (Starship Avionics)","Starbase, TX",SpaceX,Engineering - Aerospace & Mechanical,https://boards.greenhouse.io/spacex/jobs/8531644002?gh_jid=8531644002,6407201002,2026-04-30T12:15:07-04:00,2026-09-01T19:48:33-04:00,2026-09-04_16-24-07
8701268002,"Manager, NDE Operations (Starship Mechanisms)","Hawthorne, CA",SpaceX,Manufacturing - NonDestructive Evaluation,https://boards.greenhouse.io/spacex/jobs/8701268002?gh_jid=8701268002,6476966002,2026-08-12T17:38:41-04:00,2026-09-01T19:48:33-04:00,2026-09-04_16-24-07
8722794002,"Manager, PCBA SMT Production (Starlink)","Bastrop, TX",SpaceX,Manufacturing - Leadership,https://boards.greenhouse.io/spacex/jobs/8722794002?gh_jid=8722794002,6486941002,2026-08-17T18:16:40-04:00,2026-09-01T19:48:33-04:00,2026-09-04_16-24-07
8461194002,"Manager, Printed Circuit Board (PCB) Production (Starlink)","Bastrop, TX",SpaceX,Manufacturing - Leadership,https://boards.greenhouse.io/spacex/jobs/8461194002?gh_jid=8461194002,6379701002,2026-03-12T16:20:16-04:00,2026-09-01T19:48:33-04:00,2026-09-04_16-24-07
8461253002,"Manager, Production (Chemical Processes)","Bastrop, TX",SpaceX,Manufacturing - Leadership,https://boards.greenhouse.io/spacex/jobs/8461253002?gh_jid=8461253002,6379713002,2026-03-19T11:15:32-04:00,2026-09-01T19:48:33-04:00,2026-09-04_16-24-07
8461256002,"Manager, Production (Solar Cells)","Bastrop, TX",SpaceX,Manufacturing - Leadership,https://boards.greenhouse.io/spacex/jobs/8461256002?gh_jid=8461256002,6379713002,2026-03-19T11:15:33-04:00,2026-09-01T19:48:33-04:00,2026-09-04_16-24-07
8743962002,"Manager, Security","Memphis, TN",SpaceX,Operations - Physical Security,https://boards.greenhouse.io/spacex/jobs/8743962002?gh_jid=8743962002,6496714002,2026-08-25T16:39:40-04:00,2026-09-01T19:48:33-04:00,2026-09-04_16-24-07
8698319002,"Manager, Security","Redmond, WA",SpaceX,Operations - Physical Security,https://boards.greenhouse.io/spacex/jobs/8698319002?gh_jid=8698319002,6475723002,2026-08-11T21:55:41-04:00,2026-09-01T19:48:33-04:00,2026-09-04_16-24-07
8746320002,"Manager, Starlink Enterprise Sales","Hawthorne, CA",SpaceX,Corporate - Sales & Business Operations,https://boards.greenhouse.io/spacex/jobs/8746320002?gh_jid=8746320002,6483921002,2026-08-25T12:14:05-04:00,2026-09-01T19:48:33-04:00,2026-09-04_16-24-07
8746325002,"Manager, Starlink Enterprise Sales",Remote - IL,SpaceX,Corporate - Sales & Business Operations,https://boards.greenhouse.io/spacex/jobs/8746325002?gh_jid=8746325002,6483921002,2026-08-25T12:16:12-04:00,2026-09-01T19:48:33-04:00,2026-09-04_16-24-07
8746321002,"Manager, Starlink Enterprise Sales","New York City, NY",SpaceX,Corporate - Sales & Business Operations,https://boards.greenhouse.io/spacex/jobs/8746321002?gh_jid=8746321002,6483921002,2026-08-25T12:14:06-04:00,2026-09-01T19:48:33-04:00,2026-09-04_16-24-07
8746323002,"Manager, Starlink Enterprise Sales","Redmond, WA",SpaceX,Corporate - Sales & Business Operations,https://boards.greenhouse.io/spacex/jobs/8746323002?gh_jid=8746323002,6483921002,2026-08-25T12:14:08-04:00,2026-09-01T19:48:33-04:00,2026-09-04_16-24-07
8716323002,"Manager, Starlink Enterprise Sales","Bastrop, TX",SpaceX,Corporate - Sales & Business Operations,https://boards.greenhouse.io/spacex/jobs/8716323002?gh_jid=8716323002,6483921002,2026-08-17T09:54:18-04:00,2026-09-01T19:48:33-04:00,2026-09-04_16-24-07
8687815002,"Manager, Starshield Account Management","Washington, DC",SpaceX,Corporate - Sales & Business Operations,https://boards.greenhouse.io/spacex/jobs/8687815002?gh_jid=8687815002,6471001002,2026-08-06T20:33:37-04:00,2026-09-01T19:48:33-04:00,2026-09-04_16-24-07
8555720002,"Manager, Starship Build","Starbase, TX",SpaceX,Manufacturing - Leadership,https://boards.greenhouse.io/spacex/jobs/8555720002?gh_jid=8555720002,6417428002,2026-06-02T14:40:33-04:00,2026-09-01T19:48:33-04:00,2026-09-04_16-24-07
8605169002,"Manager, Starship Indirect Supply Chain","Hawthorne, CA",SpaceX,Supply Chain & Logistics - Sourcing & Planning,https://boards.greenhouse.io/spacex/jobs/8605169002?gh_jid=8605169002,6437040002,2026-06-24T14:30:12-04:00,2026-09-01T19:48:33-04:00,2026-09-04_16-24-07
8648031002,"Manager, Supply Chain - Datacenter Compute Infrastructure (Starlink)","Austin, TX",SpaceX,Supply Chain & Logistics - Sourcing & Planning,https://boards.greenhouse.io/spacex/jobs/8648031002?gh_jid=8648031002,6453661002,2026-07-24T09:54:19-04:00,2026-09-02T12:38:17-04:00,2026-09-04_16-24-07
8647973002,"Manager, Supply Chain - Datacenter Compute Infrastructure (Starlink)","Palo Alto, CA",SpaceX,Supply Chain & Logistics - Sourcing & Planning,https://boards.greenhouse.io/spacex/jobs/8647973002?gh_jid=8647973002,6453661002,2026-07-24T09:54:18-04:00,2026-09-02T12:38:03-04:00,2026-09-04_16-24-07
8482099002,"Manager, Utilities Engineering and Operations (Starlink)","Bastrop, TX",SpaceX,Engineering - Electrical,https://boards.greenhouse.io/spacex/jobs/8482099002?gh_jid=8482099002,6388047002,2026-03-26T16:32:19-04:00,2026-09-01T19:48:33-04:00,2026-09-04_16-24-07
8544694002,"Manufacturing Automation Engineer, Chamber and Nozzle (Raptor)","Hawthorne, CA",SpaceX,Engineering - Aerospace & Mechanical,https://boards.greenhouse.io/spacex/jobs/8544694002?gh_jid=8544694002,6412998002,2026-05-11T19:13:28-04:00,2026-09-01T19:48:33-04:00,2026-09-04_16-24-07
8614098002,"Manufacturing Automation Engineer, Solar - (Starlink)","Redmond, WA",SpaceX,Engineering - Automation & Controls,https://boards.greenhouse.io/spacex/jobs/8614098002?gh_jid=8614098002,6440357002,2026-07-01T16:27:21-04:00,2026-09-01T19:48:33-04:00,2026-09-04_16-24-07
8697063002,"Manufacturing Engineer, AI Satellites (Starmind)","Bastrop, TX",SpaceX,Engineering - Aerospace & Mechanical,https://boards.greenhouse.io/spacex/jobs/8697063002?gh_jid=8697063002,6475129002,2026-08-11T15:55:13-04:00,2026-09-01T19:48:33-04:00,2026-09-04_16-24-07
8770229002,"Manufacturing Engineer, Blades and Vanes","Bastrop, TX",SpaceX,Manufacturing - Machining,https://boards.greenhouse.io/spacex/jobs/8770229002?gh_jid=8770229002,6508903002,2026-09-02T13:04:24-04:00,2026-09-02T13:04:24-04:00,2026-09-04_16-24-07
8544711002,"Manufacturing Engineer, Chamber and Nozzle (Raptor)","Hawthorne, CA",SpaceX,Engineering - Aerospace & Mechanical,https://boards.greenhouse.io/spacex/jobs/8544711002?gh_jid=8544711002,6413005002,2026-05-11T19:24:06-04:00,2026-09-01T19:48:33-04:00,2026-09-04_16-24-07
8601813002,Manufacturing Engineer (Falcon & Dragon),"Hawthorne, CA",SpaceX,Engineering - Aerospace & Mechanical,https://boards.greenhouse.io/spacex/jobs/8601813002?gh_jid=8601813002,6435545002,2026-06-19T21:56:27-04:00,2026-09-01T19:48:33-04:00,2026-09-04_16-24-07
8557503002,"Manufacturing Engineering Specialist, PCBA (Starlink)","Bastrop, TX",SpaceX,Manufacturing - Other Manufacturing,https://boards.greenhouse.io/spacex/jobs/8557503002?gh_jid=8557503002,6397825002,2026-05-19T18:55:30-04:00,2026-09-01T19:48:33-04:00,2026-09-04_16-24-07
8672277002,Manufacturing Engineering Specialist (Starlink) - 2nd Shift,"Bastrop, TX",SpaceX,Manufacturing - Assembly & Integration,https://boards.greenhouse.io/spacex/jobs/8672277002?gh_jid=8672277002,6397958002,2026-08-03T11:28:38-04:00,2026-09-01T19:48:33-04:00,2026-09-04_16-24-07
8623357002,"Manufacturing Engineer, Machine Shop (Starship)","Hawthorne, CA",SpaceX,Engineering - Aerospace & Mechanical,https://boards.greenhouse.io/spacex/jobs/8623357002?gh_jid=8623357002,6443827002,2026-07-07T21:12:12-04:00,2026-09-01T19:48:33-04:00,2026-09-04_16-24-07
8742759002,Manufacturing Engineer (Machining),"Hawthorne, CA",SpaceX,Engineering - Aerospace & Mechanical,https://boards.greenhouse.io/spacex/jobs/8742759002?gh_jid=8742759002,6496156002,2026-08-24T16:28:44-04:00,2026-09-01T19:48:33-04:00,2026-09-04_16-24-07
8508315002,"Manufacturing Engineer, Machining (Starship)","Hawthorne, CA",SpaceX,Engineering - Aerospace & Mechanical,https://boards.greenhouse.io/spacex/jobs/8508315002?gh_jid=8508315002,6398807002,2026-04-15T11:33:08-04:00,2026-09-01T19:48:33-04:00,2026-09-04_16-24-07
8658511002,"Manufacturing Engineer, Next-Gen Compute Systems (Starlink)","Bastrop, TX",SpaceX,Engineering - Aerospace & Mechanical,https://boards.greenhouse.io/spacex/jobs/8658511002?gh_jid=8658511002,6457434002,2026-07-30T10:26:12-04:00,2026-09-01T19:48:33-04:00,2026-09-04_16-24-07
8561494002,"Manufacturing Engineer, Optical Fiber (Starlink)","Redmond, WA",SpaceX,Engineering - Aerospace & Mechanical,https://boards.greenhouse.io/spacex/jobs/8561494002?gh_jid=8561494002,6419668002,2026-05-22T15:48:21-04:00,2026-09-01T19:48:33-04:00,2026-09-04_16-24-07
8758461002,"Manufacturing Engineer, PCBA (Starlink)","Bastrop, TX",SpaceX,Engineering - Electrical,https://boards.greenhouse.io/spacex/jobs/8758461002?gh_jid=8758461002,6502099002,2026-08-28T15:58:00-04:00,2026-09-01T19:48:33-04:00,2026-09-04_16-24-07
8506546002,"Manufacturing Engineer, PCBA (Starlink)","Bastrop, TX",SpaceX,Engineering - Electrical,https://boards.greenhouse.io/spacex/jobs/8506546002?gh_jid=8506546002,6397837002,2026-04-16T17:59:19-04:00,2026-09-01T19:48:33-04:00,2026-09-04_16-24-07
8568146002,Manufacturing Engineer (Raptor Combustion Devices Machining),"Hawthorne, CA",SpaceX,Engineering - Aerospace & Mechanical,https://boards.greenhouse.io/spacex/jobs/8568146002?gh_jid=8568146002,6422287002,2026-05-28T14:57:51-04:00,2026-09-01T19:48:33-04:00,2026-09-04_16-24-07
8748535002,"Manufacturing Engineer, Raptor Turbomachinery","Hawthorne, CA",SpaceX,Engineering - Aerospace & Mechanical,https://boards.greenhouse.io/spacex/jobs/8748535002?gh_jid=8748535002,6498895002,2026-08-25T20:36:21-04:00,2026-09-01T19:48:33-04:00,2026-09-04_16-24-07
8561583002,Manufacturing Engineer (Raptor Turbomachinery Machining),"Hawthorne, CA",SpaceX,Engineering - Aerospace & Mechanical,https://boards.greenhouse.io/spacex/jobs/8561583002?gh_jid=8561583002,6419710002,2026-05-22T12:00:27-04:00,2026-09-01T19:48:33-04:00,2026-09-04_16-24-07
8679026002,Manufacturing Engineer (Raptor Valves Machining),"Hawthorne, CA",SpaceX,Engineering - Aerospace & Mechanical,https://boards.greenhouse.io/spacex/jobs/8679026002?gh_jid=8679026002,6467038002,2026-08-04T21:13:12-04:00,2026-09-01T19:48:33-04:00,2026-09-04_16-24-07
8678343002,"Manufacturing Engineer, Solar (Starlink)","Redmond, WA",SpaceX,Engineering - Aerospace & Mechanical,https://boards.greenhouse.io/spacex/jobs/8678343002?gh_jid=8678343002,6466718002,2026-08-05T12:27:06-04:00,2026-09-01T19:48:33-04:00,2026-09-04_16-24-07
8755455002,Manufacturing Engineer (Starlink),"Bastrop, TX",SpaceX,Engineering - Aerospace & Mechanical,https://boards.greenhouse.io/spacex/jobs/8755455002?gh_jid=8755455002,6502090002,2026-08-27T21:16:12-04:00,2026-09-01T19:48:33-04:00,2026-09-04_16-24-07
8525383002,Manufacturing Engineer (Starship Components Operations),"Hawthorne, CA",SpaceX,Engineering - Aerospace & Mechanical,https://boards.greenhouse.io/spacex/jobs/8525383002?gh_jid=8525383002,6405040002,2026-04-27T17:52:10-04:00,2026-09-01T19:48:33-04:00,2026-09-04_16-24-07
8753263002,Manufacturing Engineer - Supplier Development (Starlink),"Redmond, WA",SpaceX,Engineering - Aerospace & Mechanical,https://boards.greenhouse.io/spacex/jobs/8753263002?gh_jid=8753263002,6501016002,2026-08-31T12:40:07-04:00,2026-09-01T19:48:33-04:00,2026-09-04_16-24-07
8597930002,Manufacturing Engineer - Supplier Development (Starlink Gateway),"Bastrop, TX",SpaceX,Supply Chain & Logistics - Supply Chain Engineering,https://boards.greenhouse.io/spacex/jobs/8597930002?gh_jid=8597930002,6433965002,2026-06-29T12:00:58-04:00,2026-09-01T19:48:33-04:00,2026-09-04_16-24-07
8767419002,"Manufacturing Engineer, Supply Chain (Starship)","Starbase, TX",SpaceX,Supply Chain & Logistics - Supply Chain Engineering,https://boards.greenhouse.io/spacex/jobs/8767419002?gh_jid=8767419002,6480935002,2026-08-31T19:44:59-04:00,2026-09-01T19:48:33-04:00,2026-09-04_16-24-07
8574353002,"Manufacturing Engineer, Tool & Die Machining - 2nd Shift","Bastrop, TX",SpaceX,Engineering - Aerospace & Mechanical,https://boards.greenhouse.io/spacex/jobs/8574353002?gh_jid=8574353002,6424758002,2026-06-03T14:18:57-04:00,2026-09-01T19:48:33-04:00,2026-09-04_16-24-07
8579221002,"Manufacturing Engineer, Tool & Die Machining (Starlink)","Bastrop, TX",SpaceX,Engineering - Aerospace & Mechanical,https://boards.greenhouse.io/spacex/jobs/8579221002?gh_jid=8579221002,6426728002,2026-06-05T17:20:04-04:00,2026-09-01T19:48:33-04:00,2026-09-04_16-24-07
8584156002,Manufacturing Integration Engineer (Starship),"Starbase, TX",SpaceX,Engineering - Aerospace & Mechanical,https://boards.greenhouse.io/spacex/jobs/8584156002?gh_jid=8584156002,6416541002,2026-06-09T12:33:34-04:00,2026-09-01T19:48:33-04:00,2026-09-04_16-24-07
8527038002,Manufacturing Specialist - 2nd Shift,"Redmond, WA",SpaceX,"Manufacturing - PCB, Silicon, and Solar",https://boards.greenhouse.io/spacex/jobs/8527038002?gh_jid=8527038002,6405722002,2026-04-29T12:05:44-04:00,2026-09-01T19:48:33-04:00,2026-09-04_16-24-07
8516594002,"Manufacturing Specialist, Components Test","Redmond, WA",SpaceX,"Manufacturing - PCB, Silicon, and Solar",https://boards.greenhouse.io/spacex/jobs/8516594002?gh_jid=8516594002,6401995002,2026-04-21T16:30:52-04:00,2026-09-01T19:48:33-04:00,2026-09-04_16-24-07
8583051002,Manufacturing Specialist (Optical Production) - 2nd Shift,"Redmond, WA",SpaceX,Manufacturing - Other Manufacturing,https://boards.greenhouse.io/spacex/jobs/8583051002?gh_jid=8583051002,6428307002,2026-06-09T16:59:06-04:00,2026-09-01T19:48:33-04:00,2026-09-04_16-24-07
8506522002,"Manufacturing Specialist, PCBA (Starlink)","Bastrop, TX",SpaceX,Manufacturing - Other Manufacturing,https://boards.greenhouse.io/spacex/jobs/8506522002?gh_jid=8506522002,6397825002,2026-04-16T11:10:17-04:00,2026-09-01T19:48:33-04:00,2026-09-04_16-24-07
8545886002,Manufacturing Specialist (Satellite Transceiver),"Redmond, WA",SpaceX,Manufacturing - Electronics,https://boards.greenhouse.io/spacex/jobs/8545886002?gh_jid=8545886002,6413445002,2026-05-12T18:02:13-04:00,2026-09-01T19:48:33-04:00,2026-09-04_16-24-07
8583058002,Manufacturing Specialist (Satellite Transceiver) - 2nd Shift,"Redmond, WA",SpaceX,Manufacturing - Other Manufacturing,https://boards.greenhouse.io/spacex/jobs/8583058002?gh_jid=8583058002,6428310002,2026-06-23T17:27:29-04:00,2026-09-01T19:48:33-04:00,2026-09-04_16-24-07
8524843002,"Manufacturing Specialist, Solar Cells (Starlink)","Bastrop, TX",SpaceX,"Manufacturing - PCB, Silicon, and Solar",https://boards.greenhouse.io/spacex/jobs/8524843002?gh_jid=8524843002,6404825002,2026-04-29T16:36:35-04:00,2026-09-01T19:48:33-04:00,2026-09-04_16-24-07
8536253002,"Manufacturing Specialist, Solar (Starlink)","Redmond, WA",SpaceX,Engineering - Aerospace & Mechanical,https://boards.greenhouse.io/spacex/jobs/8536253002?gh_jid=8536253002,6409206002,2026-05-05T17:16:20-04:00,2026-09-01T19:48:33-04:00,2026-09-04_16-24-07
8672252002,Manufacturing Specialist (Starlink),"Bastrop, TX",SpaceX,Manufacturing - Assembly & Integration,https://boards.greenhouse.io/spacex/jobs/8672252002?gh_jid=8672252002,6397958002,2026-08-03T11:16:13-04:00,2026-09-01T19:48:33-04:00,2026-09-04_16-24-07
8506759002,Manufacturing Specialist (Starlink) - 2nd Shift,"Bastrop, TX",SpaceX,Manufacturing - Assembly & Integration,https://boards.greenhouse.io/spacex/jobs/8506759002?gh_jid=8506759002,6397958002,2026-04-16T18:00:23-04:00,2026-09-01T19:48:33-04:00,2026-09-04_16-24-07
8600120002,Manufacturing Specialist (Starshield),"Hawthorne, CA",SpaceX,Manufacturing - Other Manufacturing,https://boards.greenhouse.io/spacex/jobs/8600120002?gh_jid=8600120002,6434819002,2026-06-19T12:29:25-04:00,2026-09-01T19:48:33-04:00,2026-09-04_16-24-07
8583930002,Manufacturing Supervisor - Night Shift (PCB Manufacturing),"Bastrop, TX",SpaceX,Manufacturing - Leadership,https://boards.greenhouse.io/spacex/jobs/8583930002?gh_jid=8583930002,6415576002,2026-06-09T10:56:32-04:00,2026-09-01T19:48:33-04:00,2026-09-04_16-24-07
8551470002,Manufacturing Supervisor (PCB Manufacturing),"Bastrop, TX",SpaceX,Manufacturing - Leadership,https://boards.greenhouse.io/spacex/jobs/8551470002?gh_jid=8551470002,6415576002,2026-05-15T08:32:27-04:00,2026-09-01T19:48:33-04:00,2026-09-04_16-24-07
8701771002,Manufacturing Technician,"Bastrop, TX",SpaceX,Manufacturing - Entry Level Manufacturing,https://boards.greenhouse.io/spacex/jobs/8701771002?gh_jid=8701771002,6473004002,2026-08-12T15:40:10-04:00,2026-09-01T19:48:33-04:00,2026-09-04_16-24-07
8694468002,Market Analysis Lead (Starlink),"Hawthorne, CA",SpaceX,Corporate - Sales & Business Operations,https://boards.greenhouse.io/spacex/jobs/8694468002?gh_jid=8694468002,6456927002,2026-08-10T16:05:49-04:00,2026-09-01T19:48:33-04:00,2026-09-04_16-24-07
8461337002,Material Flow Engineer,"Hawthorne, CA",SpaceX,Supply Chain & Logistics - Materials Management & Warehouse,https://boards.greenhouse.io/spacex/jobs/8461337002?gh_jid=8461337002,6379770002,2026-03-13T18:27:32-04:00,2026-09-01T19:48:33-04:00,2026-09-04_16-24-07
8506512002,"Material Handler, Heatshield (Starship)","Starbase, TX",SpaceX,Manufacturing - Assembly & Integration,https://boards.greenhouse.io/spacex/jobs/8506512002?gh_jid=8506512002,6397821002,2026-04-14T21:06:51-04:00,2026-09-01T19:48:33-04:00,2026-09-04_16-24-07
8645074002,"Materials Engineer, AI Satellites (Starmind)","Bastrop, TX",SpaceX,Engineering - Materials,https://boards.greenhouse.io/spacex/jobs/8645074002?gh_jid=8645074002,6452634002,2026-07-22T11:12:35-04:00,2026-09-01T19:48:33-04:00,2026-09-04_16-24-07
8574330002,"Materials Engineer, Materials Laboratory","Hawthorne, CA",SpaceX,Engineering - Materials,https://boards.greenhouse.io/spacex/jobs/8574330002?gh_jid=8574330002,6424747002,2026-06-02T01:02:17-04:00,2026-09-01T19:48:33-04:00,2026-09-04_16-24-07
8525798002,"Materials Engineer, Metals (Starship)","Hawthorne, CA",SpaceX,Engineering - Materials,https://boards.greenhouse.io/spacex/jobs/8525798002?gh_jid=8525798002,6405225002,2026-04-29T14:39:35-04:00,2026-09-01T19:48:33-04:00,2026-09-04_16-24-07
8572162002,"Materials Engineer, Metals (Starship)","Starbase, TX",SpaceX,Engineering - Materials,https://boards.greenhouse.io/spacex/jobs/8572162002?gh_jid=8572162002,6423904002,2026-06-02T01:01:48-04:00,2026-09-01T19:48:33-04:00,2026-09-04_16-24-07
8727431002,"Materials Engineer, Polymer Development","Hawthorne, CA",SpaceX,Engineering - Materials,https://boards.greenhouse.io/spacex/jobs/8727431002?gh_jid=8727431002,6489155002,2026-08-18T18:11:00-04:00,2026-09-01T19:48:33-04:00,2026-09-04_16-24-07
8532221002,"Materials Engineer, Polymers (Starlink)","Bastrop, TX",SpaceX,Engineering - Materials,https://boards.greenhouse.io/spacex/jobs/8532221002?gh_jid=8532221002,6407443002,2026-05-01T16:13:05-04:00,2026-09-01T19:48:33-04:00,2026-09-04_16-24-07
8753733002,"Materials Engineer, Solar Cell Characterization","Bastrop, TX",SpaceX,Engineering - Materials,https://boards.greenhouse.io/spacex/jobs/8753733002?gh_jid=8753733002,6501236002,2026-08-31T12:06:25-04:00,2026-09-01T19:48:33-04:00,2026-09-04_16-24-07
8675226002,Materials Engineer (Starlink),"Bastrop, TX",SpaceX,Engineering - Materials,https://boards.greenhouse.io/spacex/jobs/8675226002?gh_jid=8675226002,6465203002,2026-08-04T20:50:30-04:00,2026-09-01T19:48:33-04:00,2026-09-04_16-24-07
8653496002,"Materials Engineer, Thermal Protection (Starship)","Cape Canaveral, FL",SpaceX,Engineering - Materials,https://boards.greenhouse.io/spacex/jobs/8653496002?gh_jid=8653496002,6455871002,2026-07-28T10:14:47-04:00,2026-09-01T19:48:33-04:00,2026-09-04_16-24-07
8614967002,"Materials Engineer, Welding (Starship Components)","Hawthorne, CA",SpaceX,Engineering - Materials,https://boards.greenhouse.io/spacex/jobs/8614967002?gh_jid=8614967002,6440703002,2026-07-01T13:57:52-04:00,2026-09-01T19:48:33-04:00,2026-09-04_16-24-07
8482159002,Materials R&D Technician,"Hawthorne, CA",SpaceX,Manufacturing - Other Manufacturing,https://boards.greenhouse.io/spacex/jobs/8482159002?gh_jid=8482159002,6388073002,2026-04-01T17:44:27-04:00,2026-09-01T19:48:33-04:00,2026-09-04_16-24-07
8521859002,Materials R&D Technician - Level 4/5,"Hawthorne, CA",SpaceX,Manufacturing - Other Manufacturing,https://boards.greenhouse.io/spacex/jobs/8521859002?gh_jid=8521859002,6403835002,2026-04-23T19:54:22-04:00,2026-09-01T19:48:33-04:00,2026-09-04_16-24-07
8498815002,Materials R&D Technician - Level 4/5,"Bastrop, TX",SpaceX,Manufacturing - Assembly & Integration,https://boards.greenhouse.io/spacex/jobs/8498815002?gh_jid=8498815002,6394800002,2026-04-08T19:22:12-04:00,2026-09-01T19:48:33-04:00,2026-09-04_16-24-07
8637606002,"Materials R&D Technician, Silicon Crystal Growth","Bastrop, TX",SpaceX,"Manufacturing - PCB, Silicon, and Solar",https://boards.greenhouse.io/spacex/jobs/8637606002?gh_jid=8637606002,6449742002,2026-07-21T15:20:39-04:00,2026-09-01T19:48:33-04:00,2026-09-04_16-24-07
8753709002,"Materials R&D Technician, Solar Cell Characterization","Bastrop, TX",SpaceX,"Manufacturing - PCB, Silicon, and Solar",https://boards.greenhouse.io/spacex/jobs/8753709002?gh_jid=8753709002,6501227002,2026-09-01T13:28:36-04:00,2026-09-01T19:48:33-04:00,2026-09-04_16-24-07
8607174002,Material Transfer Driver - 2nd Shift,"Hawthorne, CA",SpaceX,Supply Chain & Logistics - Materials Management & Warehouse,https://boards.greenhouse.io/spacex/jobs/8607174002?gh_jid=8607174002,6437727002,2026-06-29T17:25:34-04:00,2026-09-01T19:48:33-04:00,2026-09-04_16-24-07
8542709002,"Mechanical Design Engineer, Consumer Hardware (Starlink)","Bastrop, TX",SpaceX,Engineering - Aerospace & Mechanical,https://boards.greenhouse.io/spacex/jobs/8542709002?gh_jid=8542709002,6412436002,2026-05-11T08:18:00-04:00,2026-09-01T19:48:33-04:00,2026-09-04_16-24-07
8681151002,Mechanical Design Engineer (Falcon),"Hawthorne, CA",SpaceX,Engineering - Aerospace & Mechanical,https://boards.greenhouse.io/spacex/jobs/8681151002?gh_jid=8681151002,6468074002,2026-08-04T21:22:31-04:00,2026-09-01T19:48:33-04:00,2026-09-04_16-24-07
8542789002,"Mechanical Design Engineer, Gateways (Starlink)","Bastrop, TX",SpaceX,Engineering - Aerospace & Mechanical,https://boards.greenhouse.io/spacex/jobs/8542789002?gh_jid=8542789002,6412469002,2026-05-11T08:48:54-04:00,2026-09-01T19:48:33-04:00,2026-09-04_16-24-07
8602985002,"Mechanical Design Engineer, PCB (STARLINK)","Bastrop, TX",SpaceX,"Manufacturing - PCB, Silicon, and Solar",https://boards.greenhouse.io/spacex/jobs/8602985002?gh_jid=8602985002,6436060002,2026-06-23T13:22:06-04:00,2026-09-01T19:48:33-04:00,2026-09-04_16-24-07
8652488002,"Mechanical Design Engineer, Production (Starlink)","Redmond, WA",SpaceX,Engineering - Aerospace & Mechanical,https://boards.greenhouse.io/spacex/jobs/8652488002?gh_jid=8652488002,6455405002,2026-07-28T14:04:02-04:00,2026-09-01T19:48:33-04:00,2026-09-04_16-24-07
8626590002,Mechanical Design Engineer (Starfall),"Hawthorne, CA",SpaceX,Engineering - Aerospace & Mechanical,https://boards.greenhouse.io/spacex/jobs/8626590002?gh_jid=8626590002,6445289002,2026-07-09T12:03:30-04:00,2026-09-01T19:48:33-04:00,2026-09-04_16-24-07
8604794002,Mechanical Design Engineer (Starship Components),"Hawthorne, CA",SpaceX,Engineering - Aerospace & Mechanical,https://boards.greenhouse.io/spacex/jobs/8604794002?gh_jid=8604794002,6436882002,2026-06-24T14:05:32-04:00,2026-09-01T19:48:33-04:00,2026-09-04_16-24-07
8767266002,"Mechanical Designer, Automation & Controls (Starship Launch Pad)","Starbase, TX",SpaceX,Engineering - Aerospace & Mechanical,https://boards.greenhouse.io/spacex/jobs/8767266002?gh_jid=8767266002,6507533002,2026-09-02T17:28:06-04:00,2026-09-02T17:28:06-04:00,2026-09-04_16-24-07
8727987002,Mechanical Designer (HVAC),"Hawthorne, CA",SpaceX,Engineering - Aerospace & Mechanical,https://boards.greenhouse.io/spacex/jobs/8727987002?gh_jid=8727987002,6391954002,2026-08-18T15:58:23-04:00,2026-09-01T19:48:33-04:00,2026-09-04_16-24-07
8697586002,"Mechanical Development Test Engineer, Satellites (Starlink)","Redmond, WA",SpaceX,Engineering - Aerospace & Mechanical,https://boards.greenhouse.io/spacex/jobs/8697586002?gh_jid=8697586002,6475368002,2026-08-13T16:38:30-04:00,2026-09-01T19:48:33-04:00,2026-09-04_16-24-07
8648969002,Mechanical Engineer,"McGregor, TX",SpaceX,Engineering - Aerospace & Mechanical,https://boards.greenhouse.io/spacex/jobs/8648969002?gh_jid=8648969002,6454110002,2026-07-27T13:18:13-04:00,2026-09-01T19:48:33-04:00,2026-09-04_16-24-07
8642529002,"Mechanical Engineer, AI Satellites (Starmind)","Bastrop, TX",SpaceX,Engineering - Aerospace & Mechanical,https://boards.greenhouse.io/spacex/jobs/8642529002?gh_jid=8642529002,6451595002,2026-07-21T08:53:10-04:00,2026-09-01T19:48:33-04:00,2026-09-04_16-24-07
8735363002,"Mechanical Engineer, Aviation Hardware (Starlink)","Woodinville, WA",SpaceX,Engineering - Aerospace & Mechanical,https://boards.greenhouse.io/spacex/jobs/8735363002?gh_jid=8735363002,6492678002,2026-08-21T13:15:17-04:00,2026-09-01T19:48:33-04:00,2026-09-04_16-24-07
8737666002,"Mechanical Engineer, Aviation Integration (Starlink)","Woodinville, WA",SpaceX,Engineering - Aerospace & Mechanical,https://boards.greenhouse.io/spacex/jobs/8737666002?gh_jid=8737666002,6493741002,2026-08-24T12:13:14-04:00,2026-09-01T19:48:33-04:00,2026-09-04_16-24-07
8716210002,"Mechanical Engineer - Battery Pack, Satellites (Starlink)","Redmond, WA",SpaceX,Engineering - Aerospace & Mechanical,https://boards.greenhouse.io/spacex/jobs/8716210002?gh_jid=8716210002,6483874002,2026-08-17T11:57:37-04:00,2026-09-01T19:48:33-04:00,2026-09-04_16-24-07
8716953002,"Mechanical Engineer, Cabin Structures (Crew Starship)","Starbase, TX",SpaceX,Engineering - Aerospace & Mechanical,https://boards.greenhouse.io/spacex/jobs/8716953002?gh_jid=8716953002,6484209002,2026-08-16T22:38:12-04:00,2026-09-01T19:48:33-04:00,2026-09-04_16-24-07
8623383002,Mechanical Engineer (Data Center MEP Systems),"Starbase, TX",SpaceX,Engineering - Civil,https://boards.greenhouse.io/spacex/jobs/8623383002?gh_jid=8623383002,6443840002,2026-07-14T16:51:08-04:00,2026-09-01T19:48:33-04:00,2026-09-04_16-24-07
8649465002,Mechanical Engineer (Dragon),"Hawthorne, CA",SpaceX,Engineering - Aerospace & Mechanical,https://boards.greenhouse.io/spacex/jobs/8649465002?gh_jid=8649465002,6454332002,2026-07-24T14:29:41-04:00,2026-09-01T19:48:33-04:00,2026-09-04_16-24-07
8628971002,"Mechanical Engineer, Electro-Mechanical (Starlink)","Redmond, WA",SpaceX,Engineering - Aerospace & Mechanical,https://boards.greenhouse.io/spacex/jobs/8628971002?gh_jid=8628971002,6446163002,2026-07-10T17:27:20-04:00,2026-09-01T19:48:33-04:00,2026-09-04_16-24-07
8599358002,Mechanical Engineer (Facilities),"Redmond, WA",SpaceX,Engineering - Aerospace & Mechanical,https://boards.greenhouse.io/spacex/jobs/8599358002?gh_jid=8599358002,6434488002,2026-06-26T13:45:23-04:00,2026-09-01T19:48:33-04:00,2026-09-04_16-24-07
8491883002,Mechanical Engineer (Facilities),"Hawthorne, CA",SpaceX,Engineering - Aerospace & Mechanical,https://boards.greenhouse.io/spacex/jobs/8491883002?gh_jid=8491883002,6391954002,2026-04-06T11:31:41-04:00,2026-09-01T19:48:33-04:00,2026-09-04_16-24-07
8604710002,"Mechanical Engineer, Flight Termination System (Starship)","Hawthorne, CA",SpaceX,Engineering - Aerospace & Mechanical,https://boards.greenhouse.io/spacex/jobs/8604710002?gh_jid=8604710002,6436841002,2026-06-23T16:35:19-04:00,2026-09-01T19:48:33-04:00,2026-09-04_16-24-07
8578082002,"Mechanical Engineer, Fluid Systems (Design & Build)","McGregor, TX",SpaceX,Engineering - Aerospace & Mechanical,https://boards.greenhouse.io/spacex/jobs/8578082002?gh_jid=8578082002,6426257002,2026-06-03T19:59:07-04:00,2026-09-01T19:48:33-04:00,2026-09-04_16-24-07
8623145002,Mechanical Engineer (Gas/Steam Turbines),"Starbase, TX",SpaceX,Engineering - Civil,https://boards.greenhouse.io/spacex/jobs/8623145002?gh_jid=8623145002,6443748002,2026-07-07T23:15:34-04:00,2026-09-01T19:48:33-04:00,2026-09-04_16-24-07
8521383002,"Mechanical Engineer, Hardware Reliability (Starlink)","Bastrop, TX",SpaceX,Engineering - Aerospace & Mechanical,https://boards.greenhouse.io/spacex/jobs/8521383002?gh_jid=8521383002,6403659002,2026-04-23T19:00:42-04:00,2026-09-01T19:48:33-04:00,2026-09-04_16-24-07
8603366002,"Mechanical Engineer, Heatshield (Starship)","Starbase, TX",SpaceX,Engineering - Aerospace & Mechanical,https://boards.greenhouse.io/spacex/jobs/8603366002?gh_jid=8603366002,6436235002,2026-06-22T19:57:05-04:00,2026-09-01T19:48:33-04:00,2026-09-04_16-24-07
8698666002,"Mechanical Engineer, HVAC (Facilities)","Cape Canaveral, FL",SpaceX,Operations - Facilities,https://boards.greenhouse.io/spacex/jobs/8698666002?gh_jid=8698666002,6439210002,2026-08-11T22:38:41-04:00,2026-09-02T22:15:22-04:00,2026-09-04_16-24-07
8735901002,"Mechanical Engineer, Infrastructure","Starbase, TX",SpaceX,Engineering - Aerospace & Mechanical,https://boards.greenhouse.io/spacex/jobs/8735901002?gh_jid=8735901002,6492939002,2026-08-24T13:29:06-04:00,2026-09-01T19:48:33-04:00,2026-09-04_16-24-07
8552671002,"Mechanical Engineer, Insource Manufacturing (Starlink)","Bastrop, TX",SpaceX,Engineering - Aerospace & Mechanical,https://boards.greenhouse.io/spacex/jobs/8552671002?gh_jid=8552671002,6416110002,2026-05-15T20:28:34-04:00,2026-09-01T19:48:33-04:00,2026-09-04_16-24-07
8559200002,"Mechanical Engineer, Machine Design (Starship)","Starbase, TX",SpaceX,Engineering - Aerospace & Mechanical,https://boards.greenhouse.io/spacex/jobs/8559200002?gh_jid=8559200002,6418933002,2026-05-20T22:02:26-04:00,2026-09-01T19:48:33-04:00,2026-09-04_16-24-07
8692371002,"Mechanical Engineer, Mechanisms (Crew Starship)","Starbase, TX",SpaceX,Engineering - Aerospace & Mechanical,https://boards.greenhouse.io/spacex/jobs/8692371002?gh_jid=8692371002,6472992002,2026-08-16T22:39:24-04:00,2026-09-01T19:48:33-04:00,2026-09-04_16-24-07
8747961002,"Mechanical Engineer - Optical, Satellites (Starlink)","Redmond, WA",SpaceX,Engineering - Aerospace & Mechanical,https://boards.greenhouse.io/spacex/jobs/8747961002?gh_jid=8747961002,6498624002,2026-08-25T16:22:44-04:00,2026-09-01T19:48:33-04:00,2026-09-04_16-24-07
8594150002,"Mechanical Engineer, Optical & Space Lasers Manufacturing (Starlink)","Redmond, WA",SpaceX,Engineering - Aerospace & Mechanical,https://boards.greenhouse.io/spacex/jobs/8594150002?gh_jid=8594150002,6432732002,2026-06-24T12:03:11-04:00,2026-09-01T19:48:33-04:00,2026-09-04_16-24-07
8559982002,"Mechanical Engineer, PCB (Starlink)","Bastrop, TX",SpaceX,"Manufacturing - PCB, Silicon, and Solar",https://boards.greenhouse.io/spacex/jobs/8559982002?gh_jid=8559982002,6419181002,2026-05-22T16:37:10-04:00,2026-09-01T19:48:33-04:00,2026-09-04_16-24-07
8552471002,"Mechanical Engineer, Precision Machining (Starlink)","Woodinville, WA",SpaceX,Engineering - Aerospace & Mechanical,https://boards.greenhouse.io/spacex/jobs/8552471002?gh_jid=8552471002,6416015002,2026-05-21T11:49:57-04:00,2026-09-01T19:48:33-04:00,2026-09-04_16-24-07
8607193002,"Mechanical Engineer, Printer Design & Manufacturing (Raptor)","Hawthorne, CA",SpaceX,Engineering - Aerospace & Mechanical,https://boards.greenhouse.io/spacex/jobs/8607193002?gh_jid=8607193002,6437738002,2026-06-25T15:40:26-04:00,2026-09-01T19:48:33-04:00,2026-09-04_16-24-07
8535169002,"Mechanical Engineer, Propellant Generation (Starship)","Cape Canaveral, FL",SpaceX,Engineering - Aerospace & Mechanical,https://boards.greenhouse.io/spacex/jobs/8535169002?gh_jid=8535169002,6408748002,2026-05-06T15:42:05-04:00,2026-09-01T19:48:33-04:00,2026-09-04_16-24-07
8612766002,"Mechanical Engineer, Satellite Harnessing (Starlink)","Redmond, WA",SpaceX,Engineering - Aerospace & Mechanical,https://boards.greenhouse.io/spacex/jobs/8612766002?gh_jid=8612766002,6439858002,2026-07-01T18:19:19-04:00,2026-09-01T19:48:33-04:00,2026-09-04_16-24-07
8612742002,Mechanical Engineer - Satellite Payload (Starlink),"Redmond, WA",SpaceX,Engineering - Aerospace & Mechanical,https://boards.greenhouse.io/spacex/jobs/8612742002?gh_jid=8612742002,6439848002,2026-07-01T18:19:40-04:00,2026-09-01T19:48:33-04:00,2026-09-04_16-24-07
8692296002,Mechanical Engineer - Satellite Solar Array (Starlink),"Redmond, WA",SpaceX,Engineering - Aerospace & Mechanical,https://boards.greenhouse.io/spacex/jobs/8692296002?gh_jid=8692296002,6472964002,2026-08-24T16:50:32-04:00,2026-09-01T19:48:33-04:00,2026-09-04_16-24-07
8612730002,"Mechanical Engineer, Satellites (Starlink)","Redmond, WA",SpaceX,Engineering - Aerospace & Mechanical,https://boards.greenhouse.io/spacex/jobs/8612730002?gh_jid=8612730002,6439844002,2026-07-01T18:18:13-04:00,2026-09-01T19:48:33-04:00,2026-09-04_16-24-07
8672706002,"Mechanical Engineer, Solar Cell Factory (Starlink)","Bastrop, TX",SpaceX,Engineering - Aerospace & Mechanical,https://boards.greenhouse.io/spacex/jobs/8672706002?gh_jid=8672706002,6464028002,2026-08-03T16:34:44-04:00,2026-09-01T19:48:33-04:00,2026-09-04_16-24-07
8537914002,Mechanical Engineer (Starlink Components),"Redmond, WA",SpaceX,Engineering - Aerospace & Mechanical,https://boards.greenhouse.io/spacex/jobs/8537914002?gh_jid=8537914002,6409859002,2026-05-20T16:12:17-04:00,2026-09-01T19:48:33-04:00,2026-09-04_16-24-07
8558427002,Mechanical Engineer (Starlink Mobile),"Redmond, WA",SpaceX,Engineering - Aerospace & Mechanical,https://boards.greenhouse.io/spacex/jobs/8558427002?gh_jid=8558427002,6418574002,2026-05-22T13:40:07-04:00,2026-09-01T19:48:33-04:00,2026-09-04_16-24-07
8540372002,Mechanical Engineer (Starshield),"Hawthorne, CA",SpaceX,Engineering - Aerospace & Mechanical,https://boards.greenhouse.io/spacex/jobs/8540372002?gh_jid=8540372002,6410858002,2026-05-19T13:18:53-04:00,2026-09-01T19:48:33-04:00,2026-09-04_16-24-07
8511462002,Mechanical Engineer (Starship),"Hawthorne, CA",SpaceX,Engineering - Aerospace & Mechanical,https://boards.greenhouse.io/spacex/jobs/8511462002?gh_jid=8511462002,6399913002,2026-04-17T11:36:06-04:00,2026-09-01T19:48:33-04:00,2026-09-04_16-24-07
8626648002,Mechanical Engineer (Starship),"Starbase, TX",SpaceX,Engineering - Aerospace & Mechanical,https://boards.greenhouse.io/spacex/jobs/8626648002?gh_jid=8626648002,6445311002,2026-07-09T12:41:52-04:00,2026-09-01T19:48:33-04:00,2026-09-04_16-24-07
8727087002,Mechanical Engineer (Starship Avionics),"Hawthorne, CA",SpaceX,Engineering - Aerospace & Mechanical,https://boards.greenhouse.io/spacex/jobs/8727087002?gh_jid=8727087002,6488988002,2026-08-18T13:42:23-04:00,2026-09-01T19:48:33-04:00,2026-09-04_16-24-07
8661010002,Mechanical Engineer (Starship Components Manufacturing),"Hawthorne, CA",SpaceX,Engineering - Aerospace & Mechanical,https://boards.greenhouse.io/spacex/jobs/8661010002?gh_jid=8661010002,6458346002,2026-07-31T17:12:40-04:00,2026-09-01T19:48:33-04:00,2026-09-04_16-24-07
8728634002,Mechanical Engineer (Starship Structures),"Starbase, TX",SpaceX,Engineering - Aerospace & Mechanical,https://boards.greenhouse.io/spacex/jobs/8728634002?gh_jid=8728634002,6489690002,2026-08-24T00:09:18-04:00,2026-09-01T19:48:33-04:00,2026-09-04_16-24-07
8617175002,"Mechanical Engineer (Structures), Starship Infrastructure","Starbase, TX",SpaceX,Engineering - Aerospace & Mechanical,https://boards.greenhouse.io/spacex/jobs/8617175002?gh_jid=8617175002,6441529002,2026-07-10T09:31:12-04:00,2026-09-01T19:48:33-04:00,2026-09-04_16-24-07
8558219002,Mechanical Engineer (Super Heavy Booster),"Starbase, TX",SpaceX,Engineering - Aerospace & Mechanical,https://boards.greenhouse.io/spacex/jobs/8558219002?gh_jid=8558219002,6418488002,2026-05-20T21:29:46-04:00,2026-09-01T19:48:33-04:00,2026-09-04_16-24-07
8732313002,"Mechanical Engineer - Tooling/Controls, Satellites (Starlink)","Redmond, WA",SpaceX,Engineering - Aerospace & Mechanical,https://boards.greenhouse.io/spacex/jobs/8732313002?gh_jid=8732313002,6491444002,2026-08-20T11:24:15-04:00,2026-09-01T19:48:33-04:00,2026-09-04_16-24-07
8504788002,"Mechanical Engineer, Tower/Launch and Test","Starbase, TX",SpaceX,Engineering - Aerospace & Mechanical,https://boards.greenhouse.io/spacex/jobs/8504788002?gh_jid=8504788002,6397051002,2026-04-13T16:22:20-04:00,2026-09-01T19:48:33-04:00,2026-09-04_16-24-07
8596339002,"Mechanical Engineer, Tower & Launch Mount (Starship)","Cape Canaveral, FL",SpaceX,Engineering - Aerospace & Mechanical,https://boards.greenhouse.io/spacex/jobs/8596339002?gh_jid=8596339002,6433459002,2026-06-22T07:48:38-04:00,2026-09-01T19:48:33-04:00,2026-09-04_16-24-07
8628799002,Mechanical Integration and Test Engineer (Starlink),"Woodinville, WA",SpaceX,Engineering - Aerospace & Mechanical,https://boards.greenhouse.io/spacex/jobs/8628799002?gh_jid=8628799002,6446091002,2026-07-14T17:29:20-04:00,2026-09-01T19:48:33-04:00,2026-09-04_16-24-07
8501168002,Mechanical Integration & Test Engineer (Starshield),"Hawthorne, CA",SpaceX,Engineering - Aerospace & Mechanical,https://boards.greenhouse.io/spacex/jobs/8501168002?gh_jid=8501168002,6395774002,2026-04-10T17:51:49-04:00,2026-09-01T19:48:33-04:00,2026-09-04_16-24-07
8652858002,"Mechanical Specialist, Construction","McGregor, TX",SpaceX,Engineering - Civil,https://boards.greenhouse.io/spacex/jobs/8652858002?gh_jid=8652858002,6455623002,2026-07-28T11:05:24-04:00,2026-09-01T19:48:33-04:00,2026-09-04_16-24-07
8560034002,"Mechanical Specialist, PCB (Starlink)","Bastrop, TX",SpaceX,"Manufacturing - PCB, Silicon, and Solar",https://boards.greenhouse.io/spacex/jobs/8560034002?gh_jid=8560034002,6419201002,2026-05-28T09:57:42-04:00,2026-09-01T19:48:33-04:00,2026-09-04_16-24-07
8579719002,Mechanical Superintendent (HVAC),"Hawthorne, CA",SpaceX,Operations - Construction,https://boards.greenhouse.io/spacex/jobs/8579719002?gh_jid=8579719002,6397297002,2026-06-04T19:37:19-04:00,2026-09-01T19:48:33-04:00,2026-09-04_16-24-07
8604948002,Mechanical Technician (Facilities),"Hawthorne, CA",SpaceX,Operations - Facilities,https://boards.greenhouse.io/spacex/jobs/8604948002?gh_jid=8604948002,6436943002,2026-06-23T17:24:49-04:00,2026-09-01T19:48:33-04:00,2026-09-04_16-24-07
8569011002,Mechanisms Engineer (Starship),"Hawthorne, CA",SpaceX,Engineering - Aerospace & Mechanical,https://boards.greenhouse.io/spacex/jobs/8569011002?gh_jid=8569011002,6422633002,2026-05-28T14:02:14-04:00,2026-09-01T19:48:33-04:00,2026-09-04_16-24-07
8720155002,MEP/Construction Engineer,"Bastrop, TX",SpaceX,Engineering - Aerospace & Mechanical,https://boards.greenhouse.io/spacex/jobs/8720155002?gh_jid=8720155002,6485810002,2026-08-17T10:08:29-04:00,2026-09-01T19:48:33-04:00,2026-09-04_16-24-07
8647904002,MEP Engineer,"McGregor, TX",SpaceX,Engineering - Aerospace & Mechanical,https://boards.greenhouse.io/spacex/jobs/8647904002?gh_jid=8647904002,6453628002,2026-07-23T17:34:47-04:00,2026-09-01T19:48:33-04:00,2026-09-04_16-24-07
8530759002,"Metrology Specialist, Solar Cells (Starlink) - Day Shift","Bastrop, TX",SpaceX,Manufacturing - NonDestructive Evaluation,https://boards.greenhouse.io/spacex/jobs/8530759002?gh_jid=8530759002,6406876002,2026-04-29T19:41:13-04:00,2026-09-01T19:48:33-04:00,2026-09-04_16-24-07
8769829002,Metrology Specialist (Starship),"Starbase, TX",SpaceX,Manufacturing - Quality,https://boards.greenhouse.io/spacex/jobs/8769829002?gh_jid=8769829002,6508720002,2026-09-02T23:37:00-04:00,2026-09-02T23:37:09-04:00,2026-09-04_16-24-07
8605067002,Microelectronics Process Engineer (Optical Products),"Redmond, WA",SpaceX,Manufacturing - Electronics,https://boards.greenhouse.io/spacex/jobs/8605067002?gh_jid=8605067002,6436998002,2026-06-25T14:15:39-04:00,2026-09-01T19:48:33-04:00,2026-09-04_16-24-07
8405092002,"Microelectronics Technician, Starlink","Redmond, WA",SpaceX,"Manufacturing - PCB, Silicon, and Solar",https://boards.greenhouse.io/spacex/jobs/8405092002?gh_jid=8405092002,6355495002,2026-03-17T20:41:15-04:00,2026-09-01T19:48:33-04:00,2026-09-04_16-24-07
8766973002,Millwright (Launch Hardware),"Cape Canaveral, FL",SpaceX,Manufacturing - Machining,https://boards.greenhouse.io/spacex/jobs/8766973002?gh_jid=8766973002,6507391002,2026-09-02T16:34:55-04:00,2026-09-02T16:34:55-04:00,2026-09-04_16-24-07
8569184002,"Mission Integration Engineer, AI (Starshield) - Top Secret Clearance","Hawthorne, CA",SpaceX,Engineering - Software & Analytics,https://boards.greenhouse.io/spacex/jobs/8569184002?gh_jid=8569184002,6422712002,2026-05-28T17:57:12-04:00,2026-09-01T19:48:33-04:00,2026-09-04_16-24-07
8468689002,"Mission Integration Engineer, C3 - Top Secret Clearance","Hawthorne, CA",SpaceX,Engineering - Aerospace & Mechanical,https://boards.greenhouse.io/spacex/jobs/8468689002?gh_jid=8468689002,6382727002,2026-03-23T18:20:32-04:00,2026-09-01T19:48:33-04:00,2026-09-04_16-24-07
8626679002,"Mission Integration Engineer, Mission Systems (Starshield)","Hawthorne, CA",SpaceX,Engineering - Software & Analytics,https://boards.greenhouse.io/spacex/jobs/8626679002?gh_jid=8626679002,6445320002,2026-07-09T14:33:24-04:00,2026-09-01T19:48:33-04:00,2026-09-04_16-24-07
8771734002,Mission Integration Engineer (Starshield),"Hawthorne, CA",SpaceX,Engineering - Aerospace & Mechanical,https://boards.greenhouse.io/spacex/jobs/8771734002?gh_jid=8771734002,6444365002,2026-09-01T23:13:51-04:00,2026-09-02T19:56:31-04:00,2026-09-04_16-24-07
8502375002,"Mission Integration Engineer, User Products (Starshield)","Hawthorne, CA",SpaceX,Engineering - Network,https://boards.greenhouse.io/spacex/jobs/8502375002?gh_jid=8502375002,6396094002,2026-04-10T16:15:42-04:00,2026-09-01T19:48:33-04:00,2026-09-04_16-24-07
8493040002,"Mission Manager, Launch","Vandenberg, CA",SpaceX,Engineering - Aerospace & Mechanical,https://boards.greenhouse.io/spacex/jobs/8493040002?gh_jid=8493040002,6392369002,2026-04-08T11:10:11-04:00,2026-09-02T17:07:28-04:00,2026-09-04_16-24-07
8449201002,"Mission Manager, Space Lasers (Starshield)","Hawthorne, CA",SpaceX,Engineering - Electrical,https://boards.greenhouse.io/spacex/jobs/8449201002?gh_jid=8449201002,6375071002,2026-03-05T16:30:27-05:00,2026-09-01T19:48:33-04:00,2026-09-04_16-24-07
8684276002,Mixologist,"Starbase, TX",SpaceX,Operations - Food Services,https://boards.greenhouse.io/spacex/jobs/8684276002?gh_jid=8684276002,6469445002,2026-08-05T18:56:14-04:00,2026-09-01T19:48:33-04:00,2026-09-04_16-24-07
8559035002,"ML Engineer, Surrogate Modeling (Vehicle Engineering)","Hawthorne, CA",SpaceX,Engineering - Software & Analytics,https://boards.greenhouse.io/spacex/jobs/8559035002?gh_jid=8559035002,6418855002,2026-05-20T20:30:40-04:00,2026-09-01T19:48:33-04:00,2026-09-04_16-24-07
8519758002,Motion Graphics Producer,"Hawthorne, CA",SpaceX,Corporate - Marketing & Communications,https://boards.greenhouse.io/spacex/jobs/8519758002?gh_jid=8519758002,6403017002,2026-04-24T14:15:56-04:00,2026-09-01T19:48:33-04:00,2026-09-04_16-24-07
8512827002,NDE Engineer,"Hawthorne, CA",SpaceX,Manufacturing - NonDestructive Evaluation,https://boards.greenhouse.io/spacex/jobs/8512827002?gh_jid=8512827002,6400458002,2026-04-20T16:03:07-04:00,2026-09-01T19:48:33-04:00,2026-09-04_16-24-07
8557560002,"NDE Inspector, Certified Welding Inspector (CWI)","Starbase, TX",SpaceX,Manufacturing - NonDestructive Evaluation,https://boards.greenhouse.io/spacex/jobs/8557560002?gh_jid=8557560002,6418201002,2026-06-05T14:24:00-04:00,2026-09-01T19:48:33-04:00,2026-09-04_16-24-07
8483539002,NDE Inspector (Starship),"Westminster, MD",SpaceX,Manufacturing - NonDestructive Evaluation,https://boards.greenhouse.io/spacex/jobs/8483539002?gh_jid=8483539002,6388523002,2026-03-30T16:00:30-04:00,2026-09-01T19:48:33-04:00,2026-09-04_16-24-07
8565363002,NDE Inspector (Starship),"Starbase, TX",SpaceX,Manufacturing - NonDestructive Evaluation,https://boards.greenhouse.io/spacex/jobs/8565363002?gh_jid=8565363002,6421303002,2026-07-10T13:45:40-04:00,2026-09-01T19:48:33-04:00,2026-09-04_16-24-07
8628661002,NDE Inspector (Starship) - Digital Radiography,"Starbase, TX",SpaceX,Manufacturing - NonDestructive Evaluation,https://boards.greenhouse.io/spacex/jobs/8628661002?gh_jid=8628661002,6421303002,2026-07-29T13:10:48-04:00,2026-09-01T19:48:33-04:00,2026-09-04_16-24-07
8628664002,NDE Inspector (Starship) - Phased Array,"Starbase, TX",SpaceX,Manufacturing - NonDestructive Evaluation,https://boards.greenhouse.io/spacex/jobs/8628664002?gh_jid=8628664002,6421303002,2026-07-29T13:10:50-04:00,2026-09-01T19:48:33-04:00,2026-09-04_16-24-07
8731136002,NDE Inspector Trainee (Starship) - Temporary,"Starbase, TX",SpaceX,Manufacturing - NonDestructive Evaluation,https://boards.greenhouse.io/spacex/jobs/8731136002?gh_jid=8731136002,6490857002,2026-08-19T20:06:12-04:00,2026-09-01T19:48:33-04:00,2026-09-04_16-24-07
8594822002,"NDE Level II Inspector, Certified Welding Inspector (Starship Mechanisms) - 1st Shift","Hawthorne, CA",SpaceX,Manufacturing - Quality,https://boards.greenhouse.io/spacex/jobs/8594822002?gh_jid=8594822002,6433014002,2026-06-16T16:29:03-04:00,2026-09-01T19:48:33-04:00,2026-09-04_16-24-07
8748892002,NDE Level II Inspector - Multiple Shifts,"Hawthorne, CA",SpaceX,Manufacturing - NonDestructive Evaluation,https://boards.greenhouse.io/spacex/jobs/8748892002?gh_jid=8748892002,6499070002,2026-08-25T22:25:43-04:00,2026-09-01T19:48:33-04:00,2026-09-04_16-24-07
8594811002,NDE Level II Inspector (Starship Mechanisms),"Hawthorne, CA",SpaceX,Manufacturing - Quality,https://boards.greenhouse.io/spacex/jobs/8594811002?gh_jid=8594811002,6433014002,2026-06-16T16:29:04-04:00,2026-09-01T19:48:33-04:00,2026-09-04_16-24-07
8594825002,NDE Level II Inspector (Starship Mechanisms) - Split Shift,"Hawthorne, CA",SpaceX,Manufacturing - Quality,https://boards.greenhouse.io/spacex/jobs/8594825002?gh_jid=8594825002,6433014002,2026-06-16T16:29:04-04:00,2026-09-01T19:48:33-04:00,2026-09-04_16-24-07
8578872002,Network Engineer (Starlink Community Gateway),"Redmond, WA",SpaceX,Engineering - Network,https://boards.greenhouse.io/spacex/jobs/8578872002?gh_jid=8578872002,6426589002,2026-06-05T14:13:40-04:00,2026-09-01T19:48:33-04:00,2026-09-04_16-24-07
8571363002,Network Operations Engineer (Starlink),"Redmond, WA",SpaceX,Engineering - Network,https://boards.greenhouse.io/spacex/jobs/8571363002?gh_jid=8571363002,6423572002,2026-06-01T16:50:52-04:00,2026-09-01T19:48:33-04:00,2026-09-04_16-24-07
8677956002,Network Operations Technician (Starlink),"Redmond, WA",SpaceX,Engineering - Network,https://boards.greenhouse.io/spacex/jobs/8677956002?gh_jid=8677956002,6466518002,2026-08-06T11:36:05-04:00,2026-09-01T19:48:33-04:00,2026-09-04_16-24-07
8599648002,Network Software Integration Engineer (Starlink),"Redmond, WA",SpaceX,Engineering - Software & Analytics,https://boards.greenhouse.io/spacex/jobs/8599648002?gh_jid=8599648002,6434632002,2026-06-23T17:12:17-04:00,2026-09-01T19:48:33-04:00,2026-09-04_16-24-07
8731991002,"New Graduate Engineer, Civil/Structural (Starship)","Starbase, TX",SpaceX,Engineering - Civil,https://boards.greenhouse.io/spacex/jobs/8731991002?gh_jid=8731991002,6491278002,2026-08-19T20:53:29-04:00,2026-09-01T19:48:33-04:00,2026-09-04_16-24-07
8696490002,"New Graduate Engineer, Electrical - '26/'27 (Starlink)","Redmond, WA",SpaceX,Engineering - Electrical,https://boards.greenhouse.io/spacex/jobs/8696490002?gh_jid=8696490002,6474877002,2026-08-14T12:18:55-04:00,2026-09-01T19:48:33-04:00,2026-09-04_16-24-07
8696469002,"New Graduate Engineer, Electrical - '26/'27 (Starlink)","Bastrop, TX",SpaceX,Engineering - Electrical,https://boards.greenhouse.io/spacex/jobs/8696469002?gh_jid=8696469002,6474868002,2026-08-14T12:18:01-04:00,2026-09-01T19:48:33-04:00,2026-09-04_16-24-07
8483305002,"New Graduate Engineer, Electrical (Starshield)","Hawthorne, CA",SpaceX,Engineering - Electrical,https://boards.greenhouse.io/spacex/jobs/8483305002?gh_jid=8483305002,6388450002,2026-04-01T12:43:19-04:00,2026-09-01T19:48:33-04:00,2026-09-04_16-24-07
8729124002,"New Graduate Engineer, Electrical (Starship)","Starbase, TX",SpaceX,Engineering - Electrical,https://boards.greenhouse.io/spacex/jobs/8729124002?gh_jid=8729124002,6489935002,2026-08-19T01:55:03-04:00,2026-09-01T19:48:33-04:00,2026-09-04_16-24-07
8696124002,"New Graduate Engineer, GNC- '26/'27 (Starlink)","Bastrop, TX",SpaceX,Engineering - Aerospace & Mechanical,https://boards.greenhouse.io/spacex/jobs/8696124002?gh_jid=8696124002,6474706002,2026-08-14T12:20:07-04:00,2026-09-01T19:48:33-04:00,2026-09-04_16-24-07
8696105002,"New Graduate Engineer, GNC- '26/'27 (Starlink)","Redmond, WA",SpaceX,Engineering - Aerospace & Mechanical,https://boards.greenhouse.io/spacex/jobs/8696105002?gh_jid=8696105002,6474694002,2026-08-14T12:19:32-04:00,2026-09-01T19:48:33-04:00,2026-09-04_16-24-07
8578087002,"New Graduate Engineer, Launch & Test (Starship)","Starbase, TX",SpaceX,Engineering - Aerospace & Mechanical,https://boards.greenhouse.io/spacex/jobs/8578087002?gh_jid=8578087002,6426260002,2026-06-09T10:51:41-04:00,2026-09-01T19:48:33-04:00,2026-09-04_16-24-07
8752547002,"New Graduate Engineer, Manufacturing (Starshield)","Hawthorne, CA",SpaceX,Engineering - Aerospace & Mechanical,https://boards.greenhouse.io/spacex/jobs/8752547002?gh_jid=8752547002,6500672002,2026-08-28T11:47:02-04:00,2026-09-01T19:48:33-04:00,2026-09-04_16-24-07
8729120002,"New Graduate Engineer, Manufacturing (Starship)","Starbase, TX",SpaceX,Engineering - Aerospace & Mechanical,https://boards.greenhouse.io/spacex/jobs/8729120002?gh_jid=8729120002,6489931002,2026-08-19T00:33:49-04:00,2026-09-01T19:48:33-04:00,2026-09-04_16-24-07
8497524002,"New Graduate Engineer, Mechanical","McGregor, TX",SpaceX,Engineering - Aerospace & Mechanical,https://boards.greenhouse.io/spacex/jobs/8497524002?gh_jid=8497524002,6394280002,2026-04-07T18:15:26-04:00,2026-09-01T19:48:33-04:00,2026-09-04_16-24-07
8696986002,"New Graduate Engineer, Mechanical - '26/'27 (Starlink)","Redmond, WA",SpaceX,Engineering - Aerospace & Mechanical,https://boards.greenhouse.io/spacex/jobs/8696986002?gh_jid=8696986002,6475094002,2026-08-14T12:21:00-04:00,2026-09-01T19:48:33-04:00,2026-09-04_16-24-07
8696952002,"New Graduate Engineer, Mechanical - '26/'27 (Starlink)","Bastrop, TX",SpaceX,Engineering - Aerospace & Mechanical,https://boards.greenhouse.io/spacex/jobs/8696952002?gh_jid=8696952002,6475075002,2026-08-14T12:20:39-04:00,2026-09-01T19:48:33-04:00,2026-09-04_16-24-07
8622574002,"New Graduate Engineer, Mechanical (Cape Canaveral)","Cape Canaveral, FL",SpaceX,Engineering - Aerospace & Mechanical,https://boards.greenhouse.io/spacex/jobs/8622574002?gh_jid=8622574002,6443526002,2026-07-07T11:51:04-04:00,2026-09-01T19:48:33-04:00,2026-09-04_16-24-07
8493166002,"New Graduate Engineer, Mechanical (Starshield)","Hawthorne, CA",SpaceX,Engineering - Aerospace & Mechanical,https://boards.greenhouse.io/spacex/jobs/8493166002?gh_jid=8493166002,6392449002,2026-04-03T10:49:45-04:00,2026-09-01T19:48:33-04:00,2026-09-04_16-24-07
8729117002,"New Graduate Engineer, Mechanical (Starship)","Starbase, TX",SpaceX,Engineering - Aerospace & Mechanical,https://boards.greenhouse.io/spacex/jobs/8729117002?gh_jid=8729117002,6489931002,2026-08-19T00:33:50-04:00,2026-09-01T19:48:33-04:00,2026-09-04_16-24-07
8517361002,"New Graduate Engineer, Propulsion (Raptor)","Hawthorne, CA",SpaceX,Engineering - Aerospace & Mechanical,https://boards.greenhouse.io/spacex/jobs/8517361002?gh_jid=8517361002,6402296002,2026-04-28T20:29:08-04:00,2026-09-01T19:48:33-04:00,2026-09-04_16-24-07
8729085002,"New Graduate Engineer, Propulsion (Starship)","Starbase, TX",SpaceX,Engineering - Aerospace & Mechanical,https://boards.greenhouse.io/spacex/jobs/8729085002?gh_jid=8729085002,6489902002,2026-08-19T00:06:50-04:00,2026-09-01T19:48:33-04:00,2026-09-04_16-24-07
8706885002,"New Graduate Engineer, Silicon Engineering","Redmond, WA",SpaceX,Engineering - Silicon,https://boards.greenhouse.io/spacex/jobs/8706885002?gh_jid=8706885002,6478060002,2026-08-14T12:18:56-04:00,2026-09-01T19:48:33-04:00,2026-09-04_16-24-07
8703552002,"New Graduate Engineer, Silicon Engineering","Palo Alto, CA",SpaceX,Engineering - Silicon,https://boards.greenhouse.io/spacex/jobs/8703552002?gh_jid=8703552002,6478060002,2026-08-14T12:18:54-04:00,2026-09-01T19:48:33-04:00,2026-09-04_16-24-07
8706884002,"New Graduate Engineer, Silicon Engineering","Irvine, CA",SpaceX,Engineering - Silicon,https://boards.greenhouse.io/spacex/jobs/8706884002?gh_jid=8706884002,6478060002,2026-08-14T12:18:55-04:00,2026-09-01T19:48:33-04:00,2026-09-04_16-24-07
8493079002,"New Graduate Engineer, Software","Hawthorne, CA",SpaceX,Engineering - Software & Analytics,https://boards.greenhouse.io/spacex/jobs/8493079002?gh_jid=8493079002,6392387002,2026-04-03T10:07:16-04:00,2026-09-01T19:48:33-04:00,2026-09-04_16-24-07
8696097002,"New Graduate Engineer, Software  - '26/'27  (Starlink)","Bastrop, TX",SpaceX,Engineering - Software & Analytics,https://boards.greenhouse.io/spacex/jobs/8696097002?gh_jid=8696097002,6474690002,2026-08-14T12:22:47-04:00,2026-09-01T19:48:33-04:00,2026-09-04_16-24-07
8696080002,"New Graduate Engineer, Software - '26/'27 (Starlink)","Palo Alto, CA",SpaceX,Engineering - Software & Analytics,https://boards.greenhouse.io/spacex/jobs/8696080002?gh_jid=8696080002,6474682002,2026-08-14T12:22:28-04:00,2026-09-01T19:48:33-04:00,2026-09-04_16-24-07
8696058002,"New Graduate Engineer, Software - '26/'27 (Starlink)","Redmond, WA",SpaceX,Engineering - Software & Analytics,https://boards.greenhouse.io/spacex/jobs/8696058002?gh_jid=8696058002,6474671002,2026-08-14T12:22:04-04:00,2026-09-01T19:48:33-04:00,2026-09-04_16-24-07
8730567002,"New Graduate Engineer, Software (Application Software)","Hawthorne, CA",SpaceX,Engineering - Software & Analytics,https://boards.greenhouse.io/spacex/jobs/8730567002?gh_jid=8730567002,6490588002,2026-08-19T15:20:00-04:00,2026-09-01T19:48:33-04:00,2026-09-04_16-24-07
8696156002,"New Graduate Engineer, Software Security - '26/'27 (Starlink)","Bastrop, TX",SpaceX,Engineering - Software & Analytics,https://boards.greenhouse.io/spacex/jobs/8696156002?gh_jid=8696156002,6474716002,2026-08-14T12:21:32-04:00,2026-09-01T19:48:33-04:00,2026-09-04_16-24-07
8696158002,"New Graduate Engineer, Software Security - '26/'27 (Starlink)","Palo Alto, CA",SpaceX,Engineering - Software & Analytics,https://boards.greenhouse.io/spacex/jobs/8696158002?gh_jid=8696158002,6474716002,2026-08-14T12:21:38-04:00,2026-09-01T19:48:33-04:00,2026-09-04_16-24-07
8724316002,"New Graduate Engineer, Software Security - '26/'27 (Starlink)","Hawthorne, CA",SpaceX,Engineering - Software & Analytics,https://boards.greenhouse.io/spacex/jobs/8724316002?gh_jid=8724316002,6474716002,2026-08-19T11:08:34-04:00,2026-09-01T19:48:33-04:00,2026-09-04_16-24-07
8696143002,"New Graduate Engineer, Software Security - '26/'27 (Starlink)","Redmond, WA",SpaceX,Engineering - Software & Analytics,https://boards.greenhouse.io/spacex/jobs/8696143002?gh_jid=8696143002,6474716002,2026-08-14T12:21:23-04:00,2026-09-01T19:48:33-04:00,2026-09-04_16-24-07
8729121002,"New Graduate Engineer, Software (Starship)","Starbase, TX",SpaceX,Engineering - Software & Analytics,https://boards.greenhouse.io/spacex/jobs/8729121002?gh_jid=8729121002,6489933002,2026-08-19T00:48:14-04:00,2026-09-01T19:48:33-04:00,2026-09-04_16-24-07
8783046002,"New Graduate Engineer, Starship Components","Hawthorne, CA",SpaceX,Engineering - Aerospace & Mechanical,https://boards.greenhouse.io/spacex/jobs/8783046002?gh_jid=8783046002,6513714002,2026-09-03T18:50:09-04:00,2026-09-03T18:50:09-04:00,2026-09-04_16-24-07
8481598002,Offline Paid Media Lead,"Hawthorne, CA",SpaceX,Corporate - Marketing & Communications,https://boards.greenhouse.io/spacex/jobs/8481598002?gh_jid=8481598002,6387836002,2026-04-01T15:50:41-04:00,2026-09-01T19:48:33-04:00,2026-09-04_16-24-07
8731082002,Omnichannel Marketing Manager - Retail (Starlink),"Hawthorne, CA",SpaceX,Corporate - Marketing & Communications,https://boards.greenhouse.io/spacex/jobs/8731082002?gh_jid=8731082002,6490829002,2026-08-19T20:51:41-04:00,2026-09-01T19:48:33-04:00,2026-09-04_16-24-07
8722350002,Onboarding Specialist,"Palo Alto, CA",SpaceX,Corporate - Human Resources,https://boards.greenhouse.io/spacex/jobs/8722350002?gh_jid=8722350002,6486755002,2026-08-17T17:25:47-04:00,2026-09-01T19:48:33-04:00,2026-09-04_16-24-07
8463192002,"Operations Analyst, Reliability (Starship)","Starbase, TX",SpaceX,Engineering - Industrial & Operations,https://boards.greenhouse.io/spacex/jobs/8463192002?gh_jid=8463192002,6380525002,2026-03-16T12:14:32-04:00,2026-09-01T19:48:33-04:00,2026-09-04_16-24-07
8406964002,Operations Development Engineer (Starlink),"Redmond, WA",SpaceX,Engineering - Software & Analytics,https://boards.greenhouse.io/spacex/jobs/8406964002?gh_jid=8406964002,6356131002,2026-02-26T19:43:43-05:00,2026-09-01T19:48:33-04:00,2026-09-04_16-24-07
8766462002,Operations Engineer,"Bastrop, TX",SpaceX,Engineering - Industrial & Operations,https://boards.greenhouse.io/spacex/jobs/8766462002?gh_jid=8766462002,6390589002,2026-08-31T15:34:02-04:00,2026-09-01T19:48:33-04:00,2026-09-04_16-24-07
8652296002,"Operations Engineer, Applied AI (Application Software)","McGregor, TX",SpaceX,Engineering - Industrial & Operations,https://boards.greenhouse.io/spacex/jobs/8652296002?gh_jid=8652296002,6455306002,2026-07-28T19:21:48-04:00,2026-09-01T19:48:33-04:00,2026-09-04_16-24-07
8652304002,"Operations Engineer, Applied AI (Application Software)","Vandenberg, CA",SpaceX,Engineering - Industrial & Operations,https://boards.greenhouse.io/spacex/jobs/8652304002?gh_jid=8652304002,6455306002,2026-07-28T19:21:51-04:00,2026-09-01T19:48:33-04:00,2026-09-04_16-24-07
8652229002,"Operations Engineer, Applied AI (Application Software)","Hawthorne, CA",SpaceX,Engineering - Industrial & Operations,https://boards.greenhouse.io/spacex/jobs/8652229002?gh_jid=8652229002,6455306002,2026-07-28T19:21:45-04:00,2026-09-01T19:48:33-04:00,2026-09-04_16-24-07
8652236002,"Operations Engineer, Applied AI (Application Software)","Starbase, TX",SpaceX,Engineering - Industrial & Operations,https://boards.greenhouse.io/spacex/jobs/8652236002?gh_jid=8652236002,6455306002,2026-07-28T19:21:47-04:00,2026-09-01T19:48:33-04:00,2026-09-04_16-24-07
8652235002,"Operations Engineer, Applied AI (Application Software)","Bastrop, TX",SpaceX,Engineering - Industrial & Operations,https://boards.greenhouse.io/spacex/jobs/8652235002?gh_jid=8652235002,6455306002,2026-07-28T19:21:46-04:00,2026-09-01T19:48:33-04:00,2026-09-04_16-24-07
8652299002,"Operations Engineer, Applied AI (Application Software)","Cape Canaveral, FL",SpaceX,Engineering - Industrial & Operations,https://boards.greenhouse.io/spacex/jobs/8652299002?gh_jid=8652299002,6455306002,2026-07-28T19:21:49-04:00,2026-09-01T19:48:33-04:00,2026-09-04_16-24-07
8652301002,"Operations Engineer, Applied AI (Application Software)","Redmond, WA",SpaceX,Engineering - Industrial & Operations,https://boards.greenhouse.io/spacex/jobs/8652301002?gh_jid=8652301002,6455306002,2026-07-28T19:21:50-04:00,2026-09-01T19:48:33-04:00,2026-09-04_16-24-07
8645119002,Operations Engineer (Construction),"Hawthorne, CA",SpaceX,Engineering - Industrial & Operations,https://boards.greenhouse.io/spacex/jobs/8645119002?gh_jid=8645119002,6415652002,2026-08-06T10:11:46-04:00,2026-09-01T19:48:33-04:00,2026-09-04_16-24-07
8551671002,Operations Engineer (Facilities),"Hawthorne, CA",SpaceX,Engineering - Industrial & Operations,https://boards.greenhouse.io/spacex/jobs/8551671002?gh_jid=8551671002,6415652002,2026-05-15T17:36:06-04:00,2026-09-01T19:48:33-04:00,2026-09-04_16-24-07
8634955002,"Operations Engineer, Facilities (Starlink)","Redmond, WA",SpaceX,Engineering - Industrial & Operations,https://boards.greenhouse.io/spacex/jobs/8634955002?gh_jid=8634955002,6448636002,2026-07-15T12:33:50-04:00,2026-09-01T19:48:33-04:00,2026-09-04_16-24-07
8641455002,Operations Engineer (Material Flow),"Hawthorne, CA",SpaceX,Supply Chain & Logistics - Materials Management & Warehouse,https://boards.greenhouse.io/spacex/jobs/8641455002?gh_jid=8641455002,6379770002,2026-07-20T13:52:54-04:00,2026-09-01T19:48:33-04:00,2026-09-04_16-24-07
8629084002,Operations Engineer (Production),"Hawthorne, CA",SpaceX,Engineering - Industrial & Operations,https://boards.greenhouse.io/spacex/jobs/8629084002?gh_jid=8629084002,6446213002,2026-07-10T19:13:22-04:00,2026-09-01T19:48:33-04:00,2026-09-04_16-24-07
8687584002,Operations Engineer (Raptor),"Hawthorne, CA",SpaceX,Engineering - Industrial & Operations,https://boards.greenhouse.io/spacex/jobs/8687584002?gh_jid=8687584002,6470908002,2026-08-06T15:08:14-04:00,2026-09-01T19:48:33-04:00,2026-09-04_16-24-07
8780717002,"Operations Engineer, Starbase Infrastructure","Starbase, TX",SpaceX,Engineering - Civil,https://boards.greenhouse.io/spacex/jobs/8780717002?gh_jid=8780717002,6512665002,2026-09-02T22:47:10-04:00,2026-09-02T22:47:10-04:00,2026-09-04_16-24-07
8697065002,Operations Engineer (Starlink Aviation),"Woodinville, WA",SpaceX,Engineering - Software & Analytics,https://boards.greenhouse.io/spacex/jobs/8697065002?gh_jid=8697065002,6475130002,2026-08-12T13:47:45-04:00,2026-09-01T19:48:33-04:00,2026-09-04_16-24-07
8496306002,Operations Engineer (Starlink Growth),"Bastrop, TX",SpaceX,Corporate - Sales & Business Operations,https://boards.greenhouse.io/spacex/jobs/8496306002?gh_jid=8496306002,6393746002,2026-04-08T08:09:11-04:00,2026-09-01T19:48:33-04:00,2026-09-04_16-24-07
8587084002,Operations Engineer (Starlink Production),"Bastrop, TX",SpaceX,Engineering - Industrial & Operations,https://boards.greenhouse.io/spacex/jobs/8587084002?gh_jid=8587084002,6429793002,2026-06-11T10:32:57-04:00,2026-09-01T19:48:33-04:00,2026-09-04_16-24-07
8757865002,Operations Engineer (Starship),"Starbase, TX",SpaceX,Engineering - Aerospace & Mechanical,https://boards.greenhouse.io/spacex/jobs/8757865002?gh_jid=8757865002,6503131002,2026-09-02T16:11:04-04:00,2026-09-02T16:11:04-04:00,2026-09-04_16-24-07
8597967002,Operations Engineer (Starship),"Hawthorne, CA",SpaceX,Engineering - Industrial & Operations,https://boards.greenhouse.io/spacex/jobs/8597967002?gh_jid=8597967002,6433982002,2026-06-17T20:51:52-04:00,2026-09-01T19:48:33-04:00,2026-09-04_16-24-07
8571958002,"Operations Engineer, Supply Chain (Starlink)","Bastrop, TX",SpaceX,Engineering - Industrial & Operations,https://boards.greenhouse.io/spacex/jobs/8571958002?gh_jid=8571958002,6423807002,2026-06-12T10:46:28-04:00,2026-09-01T19:48:33-04:00,2026-09-04_16-24-07
8646650002,"Operations Engineer, Supply Chain (Starlink)","Redmond, WA",SpaceX,Supply Chain & Logistics - Sourcing & Planning,https://boards.greenhouse.io/spacex/jobs/8646650002?gh_jid=8646650002,6453175002,2026-07-24T09:57:58-04:00,2026-09-01T19:48:33-04:00,2026-09-04_16-24-07
8642283002,Operations Specialist (Starship),"Hawthorne, CA",SpaceX,Engineering - Industrial & Operations,https://boards.greenhouse.io/spacex/jobs/8642283002?gh_jid=8642283002,6451469002,2026-07-20T23:34:32-04:00,2026-09-01T19:48:33-04:00,2026-09-04_16-24-07
8656990002,"Optical Engineer, Satellites (Starlink)","Redmond, WA",SpaceX,Engineering - Electrical,https://boards.greenhouse.io/spacex/jobs/8656990002?gh_jid=8656990002,6456894002,2026-07-29T14:49:52-04:00,2026-09-01T19:48:33-04:00,2026-09-04_16-24-07
8748856002,Optical Engineer (Starfall),"Hawthorne, CA",SpaceX,Engineering - Electrical,https://boards.greenhouse.io/spacex/jobs/8748856002?gh_jid=8748856002,6499054002,2026-08-25T21:58:06-04:00,2026-09-01T19:48:33-04:00,2026-09-04_16-24-07
8696622002,Optical Engineer (Starshield),"Hawthorne, CA",SpaceX,Engineering - Aerospace & Mechanical,https://boards.greenhouse.io/spacex/jobs/8696622002?gh_jid=8696622002,6474936002,2026-08-17T14:52:21-04:00,2026-09-01T19:48:33-04:00,2026-09-04_16-24-07
8706543002,"Optical Test Engineer, AI Satellites (Starmind)","Bastrop, TX",SpaceX,Engineering - Electrical,https://boards.greenhouse.io/spacex/jobs/8706543002?gh_jid=8706543002,6479346002,2026-08-13T12:21:11-04:00,2026-09-01T19:48:33-04:00,2026-09-04_16-24-07
8605055002,Optical Test Engineer (Integration & Test),"Redmond, WA",SpaceX,Manufacturing - Assembly & Integration,https://boards.greenhouse.io/spacex/jobs/8605055002?gh_jid=8605055002,6436992002,2026-06-25T14:15:12-04:00,2026-09-01T19:48:33-04:00,2026-09-04_16-24-07
8677827002,"Optical Transceiver Engineer - High Speed Links, Satellites (Starlink)","Redmond, WA",SpaceX,Engineering - Electrical,https://boards.greenhouse.io/spacex/jobs/8677827002?gh_jid=8677827002,6466453002,2026-08-04T15:56:04-04:00,2026-09-01T19:48:33-04:00,2026-09-04_16-24-07
8516852002,Orbital Tube Welder (Falcon),"Hawthorne, CA",SpaceX,Manufacturing - Welding,https://boards.greenhouse.io/spacex/jobs/8516852002?gh_jid=8516852002,6402110002,2026-04-21T12:45:55-04:00,2026-09-01T19:48:33-04:00,2026-09-04_16-24-07
8752620002,OS/Platform Software Engineer (Starlink),"Redmond, WA",SpaceX,Engineering - Software & Analytics,https://boards.greenhouse.io/spacex/jobs/8752620002?gh_jid=8752620002,6500702002,2026-08-27T11:14:22-04:00,2026-09-01T19:48:33-04:00,2026-09-04_16-24-07
8679947002,"OT Systems Engineer, Mission Systems","Cape Canaveral, FL",SpaceX,Engineering - Information Technology,https://boards.greenhouse.io/spacex/jobs/8679947002?gh_jid=8679947002,6467493002,2026-08-12T19:23:33-04:00,2026-09-01T19:48:33-04:00,2026-09-04_16-24-07
8651570002,Paint & Coatings Technician,"McGregor, TX",SpaceX,Operations - Facilities,https://boards.greenhouse.io/spacex/jobs/8651570002?gh_jid=8651570002,6455204002,2026-07-27T12:05:52-04:00,2026-09-01T19:48:33-04:00,2026-09-04_16-24-07
8449038002,Paint Technician (Starship),"Starbase, TX",SpaceX,Manufacturing - Other Manufacturing,https://boards.greenhouse.io/spacex/jobs/8449038002?gh_jid=8449038002,6375002002,2026-03-06T09:33:30-05:00,2026-09-01T19:48:33-04:00,2026-09-04_16-24-07
8669683002,Pastry Chef,"Bastrop, TX",SpaceX,Operations - Food Services,https://boards.greenhouse.io/spacex/jobs/8669683002?gh_jid=8669683002,6462627002,2026-08-04T10:33:42-04:00,2026-09-01T19:48:33-04:00,2026-09-04_16-24-07
8555580002,Pastry Chef,"Starbase, TX",SpaceX,Operations - Food Services,https://boards.greenhouse.io/spacex/jobs/8555580002?gh_jid=8555580002,6417371002,2026-05-19T16:43:59-04:00,2026-09-01T19:48:33-04:00,2026-09-04_16-24-07
8549216002,"PCB Designer, Avionics (Falcon & Dragon)","Hawthorne, CA",SpaceX,Engineering - Electrical,https://boards.greenhouse.io/spacex/jobs/8549216002?gh_jid=8549216002,6414746002,2026-05-13T23:28:12-04:00,2026-09-01T19:48:33-04:00,2026-09-04_16-24-07
8565171002,PCB Designer (Starlink),"Redmond, WA",SpaceX,Engineering - Electrical,https://boards.greenhouse.io/spacex/jobs/8565171002?gh_jid=8565171002,6421236002,2026-05-27T15:03:39-04:00,2026-09-01T19:48:33-04:00,2026-09-04_16-24-07
8584326002,PCB Designer (Starlink),"Bastrop, TX",SpaceX,Engineering - Electrical,https://boards.greenhouse.io/spacex/jobs/8584326002?gh_jid=8584326002,6428783002,2026-06-10T19:05:00-04:00,2026-09-01T19:48:33-04:00,2026-09-04_16-24-07
8676063002,PCB Designer (Starshield),"Hawthorne, CA",SpaceX,Engineering - Electrical,https://boards.greenhouse.io/spacex/jobs/8676063002?gh_jid=8676063002,6465601002,2026-08-10T18:43:47-04:00,2026-09-01T19:48:33-04:00,2026-09-04_16-24-07
8726924002,PCB Designer (Starship),"Hawthorne, CA",SpaceX,Engineering - Electrical,https://boards.greenhouse.io/spacex/jobs/8726924002?gh_jid=8726924002,6488911002,2026-08-18T13:10:09-04:00,2026-09-01T19:48:33-04:00,2026-09-04_16-24-07
8505212002,PCB Materials Lab Technician (Starlink),"Bastrop, TX",SpaceX,"Manufacturing - PCB, Silicon, and Solar",https://boards.greenhouse.io/spacex/jobs/8505212002?gh_jid=8505212002,6397240002,2026-04-14T18:42:42-04:00,2026-09-01T19:48:33-04:00,2026-09-04_16-24-07
8671126002,PCB Process Technician (Starlink),"Bastrop, TX",SpaceX,"Manufacturing - PCB, Silicon, and Solar",https://boards.greenhouse.io/spacex/jobs/8671126002?gh_jid=8671126002,6463286002,2026-08-03T09:51:14-04:00,2026-09-01T19:48:33-04:00,2026-09-04_16-24-07
8569054002,PCB Reliability Engineer (Starshield),"Hawthorne, CA",SpaceX,Engineering - Electrical,https://boards.greenhouse.io/spacex/jobs/8569054002?gh_jid=8569054002,6422660002,2026-05-28T16:25:59-04:00,2026-09-01T19:48:33-04:00,2026-09-04_16-24-07
8615802002,PCB Technician (Starlink),"Bastrop, TX",SpaceX,"Manufacturing - PCB, Silicon, and Solar",https://boards.greenhouse.io/spacex/jobs/8615802002?gh_jid=8615802002,6441044002,2026-07-01T13:11:18-04:00,2026-09-01T19:48:33-04:00,2026-09-04_16-24-07
8533679002,Physical Design Engineer II (Silicon Engineering),"Palo Alto, CA",SpaceX,Engineering - Silicon,https://boards.greenhouse.io/spacex/jobs/8533679002?gh_jid=8533679002,6397819002,2026-05-01T17:49:29-04:00,2026-09-01T19:48:33-04:00,2026-09-04_16-24-07
8533749002,Physical Design Engineer II (Silicon Engineering),"Austin, TX",SpaceX,Engineering - Silicon,https://boards.greenhouse.io/spacex/jobs/8533749002?gh_jid=8533749002,6397819002,2026-05-01T18:21:07-04:00,2026-09-01T19:48:33-04:00,2026-09-04_16-24-07
8506508002,Physical Design Engineer II (Silicon Engineering),"Irvine, CA",SpaceX,Engineering - Silicon,https://boards.greenhouse.io/spacex/jobs/8506508002?gh_jid=8506508002,6397819002,2026-04-14T20:18:47-04:00,2026-09-01T19:48:33-04:00,2026-09-04_16-24-07
8691749002,Physical Security Hardware Specialist,"Hawthorne, CA",SpaceX,Operations - Physical Security,https://boards.greenhouse.io/spacex/jobs/8691749002?gh_jid=8691749002,6472751002,2026-08-10T00:32:48-04:00,2026-09-01T19:48:33-04:00,2026-09-04_16-24-07
8743978002,Physical Security Hardware Specialist,"Memphis, TN",SpaceX,Operations - Physical Security,https://boards.greenhouse.io/spacex/jobs/8743978002?gh_jid=8743978002,6496723002,2026-08-25T16:40:08-04:00,2026-09-01T19:48:33-04:00,2026-09-04_16-24-07
8643901002,Physical Security Hardware Specialist,"Vandenberg, CA",SpaceX,Operations - Physical Security,https://boards.greenhouse.io/spacex/jobs/8643901002?gh_jid=8643901002,6452122002,2026-07-23T14:22:09-04:00,2026-09-01T19:48:33-04:00,2026-09-04_16-24-07
8782684002,Physical Security Specialist,"Starbase, TX",SpaceX,Operations - Physical Security,https://boards.greenhouse.io/spacex/jobs/8782684002?gh_jid=8782684002,6513550002,2026-09-03T16:17:00-04:00,2026-09-03T16:17:00-04:00,2026-09-04_16-24-07
8621439002,Physical Security Specialist,"Washington, DC",SpaceX,Operations - Physical Security,https://boards.greenhouse.io/spacex/jobs/8621439002?gh_jid=8621439002,6443027002,2026-07-06T16:27:38-04:00,2026-09-01T19:48:33-04:00,2026-09-04_16-24-07
8758575002,Pilot in Command (PIC),"Hawthorne, CA",SpaceX,Other - Other,https://boards.greenhouse.io/spacex/jobs/8758575002?gh_jid=8758575002,6503481002,2026-08-28T11:28:38-04:00,2026-09-01T19:48:33-04:00,2026-09-04_16-24-07
8612413002,Pipe Welder (Night Shift),"Starbase, TX",SpaceX,Manufacturing - Welding,https://boards.greenhouse.io/spacex/jobs/8612413002?gh_jid=8612413002,6439732002,2026-07-07T11:40:14-04:00,2026-09-01T19:48:33-04:00,2026-09-04_16-24-07
8770430002,Pipe Welder (Starship),"Starbase, TX",SpaceX,Manufacturing - Welding,https://boards.greenhouse.io/spacex/jobs/8770430002?gh_jid=8770430002,6508991002,2026-09-02T23:50:21-04:00,2026-09-02T23:50:21-04:00,2026-09-04_16-24-07
8672255002,Piping Technician (Starlink),"Bastrop, TX",SpaceX,"Manufacturing - PCB, Silicon, and Solar",https://boards.greenhouse.io/spacex/jobs/8672255002?gh_jid=8672255002,6463838002,2026-08-03T16:52:58-04:00,2026-09-01T19:48:33-04:00,2026-09-04_16-24-07
8692268002,"Platform Engineer, Flight Software (Starlink)","Redmond, WA",SpaceX,Engineering - Software & Analytics,https://boards.greenhouse.io/spacex/jobs/8692268002?gh_jid=8692268002,6472946002,2026-08-11T17:49:08-04:00,2026-09-01T19:48:33-04:00,2026-09-04_16-24-07
8622988002,Platform Integrity Manager (Starlink),"Bastrop, TX",SpaceX,Corporate - Sales & Business Operations,https://boards.greenhouse.io/spacex/jobs/8622988002?gh_jid=8622988002,6443673002,2026-07-07T14:27:38-04:00,2026-09-01T19:48:33-04:00,2026-09-04_16-24-07
8656713002,Platform Integrity Manager (Starlink),"Redmond, WA",SpaceX,Corporate - Sales & Business Operations,https://boards.greenhouse.io/spacex/jobs/8656713002?gh_jid=8656713002,6443673002,2026-07-29T13:24:21-04:00,2026-09-01T19:48:33-04:00,2026-09-04_16-24-07
8656715002,Platform Integrity Manager (Starlink),"Hawthorne, CA",SpaceX,Corporate - Sales & Business Operations,https://boards.greenhouse.io/spacex/jobs/8656715002?gh_jid=8656715002,6443673002,2026-07-29T13:24:23-04:00,2026-09-01T19:48:33-04:00,2026-09-04_16-24-07
8614601002,PLP/SiP Maintenance Technician (Starlink),"Bastrop, TX",SpaceX,Manufacturing - Automation & Controls and Maintenance,https://boards.greenhouse.io/spacex/jobs/8614601002?gh_jid=8614601002,6440536002,2026-07-01T11:04:22-04:00,2026-09-01T19:48:33-04:00,2026-09-04_16-24-07
8654480002,Plumber - Level 4/5,"Starbase, TX",SpaceX,Operations - Facilities,https://boards.greenhouse.io/spacex/jobs/8654480002?gh_jid=8654480002,6456285002,2026-07-28T20:07:13-04:00,2026-09-01T19:48:33-04:00,2026-09-04_16-24-07
8605109002,Plumbing Technician - 2nd Shift (Facilities),"Hawthorne, CA",SpaceX,Operations - Facilities,https://boards.greenhouse.io/spacex/jobs/8605109002?gh_jid=8605109002,6436943002,2026-06-23T19:02:43-04:00,2026-09-01T19:48:33-04:00,2026-09-04_16-24-07
8627255002,Porter,"Redmond, WA",SpaceX,Operations - Food Services,https://boards.greenhouse.io/spacex/jobs/8627255002?gh_jid=8627255002,6445502002,2026-07-10T11:33:41-04:00,2026-09-01T19:48:33-04:00,2026-09-04_16-24-07
8573577002,Porter,"Hawthorne, CA",SpaceX,Operations - Food Services,https://boards.greenhouse.io/spacex/jobs/8573577002?gh_jid=8573577002,6424424002,2026-06-01T17:34:33-04:00,2026-09-01T19:48:33-04:00,2026-09-04_16-24-07
8695469002,Porter - Temporary,"Bastrop, TX",SpaceX,Operations - Food Services,https://boards.greenhouse.io/spacex/jobs/8695469002?gh_jid=8695469002,6474393002,2026-08-12T16:36:23-04:00,2026-09-01T19:48:33-04:00,2026-09-04_16-24-07
8511194002,Porter - Temporary,"Starbase, TX",SpaceX,Operations - Food Services,https://boards.greenhouse.io/spacex/jobs/8511194002?gh_jid=8511194002,6399834002,2026-04-20T12:27:07-04:00,2026-09-01T19:48:33-04:00,2026-09-04_16-24-07
8763462002,Porter - Temporary,"Anderson, TX",SpaceX,Operations - Food Services,https://boards.greenhouse.io/spacex/jobs/8763462002?gh_jid=8763462002,6505792002,2026-09-02T17:39:23-04:00,2026-09-03T20:09:27-04:00,2026-09-04_16-24-07
8738298002,Porter - Temporary,"McGregor, TX",SpaceX,Operations - Food Services,https://boards.greenhouse.io/spacex/jobs/8738298002?gh_jid=8738298002,6494058002,2026-08-24T11:59:17-04:00,2026-09-01T19:48:33-04:00,2026-09-04_16-24-07
8762670002,Porter - Temporary,"Cape Canaveral, FL",SpaceX,Operations - Food Services,https://boards.greenhouse.io/spacex/jobs/8762670002?gh_jid=8762670002,6505442002,2026-08-31T17:51:31-04:00,2026-09-01T19:48:33-04:00,2026-09-04_16-24-07
8639268002,"Power Electronics Engineer, AI Satellites (Starmind)","Bastrop, TX",SpaceX,Engineering - Electrical,https://boards.greenhouse.io/spacex/jobs/8639268002?gh_jid=8639268002,6450382002,2026-07-17T16:41:52-04:00,2026-09-01T19:48:33-04:00,2026-09-04_16-24-07
8635943002,Power Electronics Engineer - High Voltage (Starlink),"Redmond, WA",SpaceX,Engineering - Electrical,https://boards.greenhouse.io/spacex/jobs/8635943002?gh_jid=8635943002,6448981002,2026-07-30T12:40:12-04:00,2026-09-01T19:48:33-04:00,2026-09-04_16-24-07
8534757002,"Power Electronics Engineer, Satellites (Starlink)","Redmond, WA",SpaceX,Engineering - Electrical,https://boards.greenhouse.io/spacex/jobs/8534757002?gh_jid=8534757002,6408564002,2026-05-07T11:09:37-04:00,2026-09-01T19:48:33-04:00,2026-09-04_16-24-07
8692894002,Power Electronics Engineer (Starship),"Hawthorne, CA",SpaceX,Engineering - Electrical,https://boards.greenhouse.io/spacex/jobs/8692894002?gh_jid=8692894002,6473242002,2026-08-09T14:42:26-04:00,2026-09-01T19:48:33-04:00,2026-09-04_16-24-07
8592867002,Power Generation Engineer (Starship),"Starbase, TX",SpaceX,Engineering - Electrical,https://boards.greenhouse.io/spacex/jobs/8592867002?gh_jid=8592867002,6375405002,2026-06-15T14:17:48-04:00,2026-09-01T19:48:33-04:00,2026-09-04_16-24-07
8623199002,Power Plant Engineer,"Starbase, TX",SpaceX,Engineering - Aerospace & Mechanical,https://boards.greenhouse.io/spacex/jobs/8623199002?gh_jid=8623199002,6443764002,2026-07-14T16:51:53-04:00,2026-09-01T19:48:33-04:00,2026-09-04_16-24-07
8731134002,Power Systems Engineer,"Bastrop, TX",SpaceX,Engineering - Electrical,https://boards.greenhouse.io/spacex/jobs/8731134002?gh_jid=8731134002,6490856002,2026-08-19T16:14:13-04:00,2026-09-01T19:48:33-04:00,2026-09-04_16-24-07
8450056002,Power Systems Engineer (Starship),"Starbase, TX",SpaceX,Engineering - Electrical,https://boards.greenhouse.io/spacex/jobs/8450056002?gh_jid=8450056002,6375405002,2026-03-05T11:18:50-05:00,2026-09-01T19:48:33-04:00,2026-09-04_16-24-07
8627410002,Power Systems Engineer (Starship Avionics),"Hawthorne, CA",SpaceX,Engineering - Electrical,https://boards.greenhouse.io/spacex/jobs/8627410002?gh_jid=8627410002,6445495002,2026-07-09T17:14:36-04:00,2026-09-01T19:48:33-04:00,2026-09-04_16-24-07
8627222002,Power Systems Engineer (Starship Avionics),"Starbase, TX",SpaceX,Engineering - Electrical,https://boards.greenhouse.io/spacex/jobs/8627222002?gh_jid=8627222002,6445495002,2026-07-09T17:14:35-04:00,2026-09-01T19:48:33-04:00,2026-09-04_16-24-07
8771989002,Precision Inspector (Machining),"Hawthorne, CA",SpaceX,Manufacturing - Machining,https://boards.greenhouse.io/spacex/jobs/8771989002?gh_jid=8771989002,6509713002,2026-09-01T23:56:36-04:00,2026-09-01T23:56:36-04:00,2026-09-04_16-24-07
8767752002,Precision Inspector (Rocket Valves) - 2nd Shift,"Hawthorne, CA",SpaceX,Manufacturing - Quality,https://boards.greenhouse.io/spacex/jobs/8767752002?gh_jid=8767752002,6507763002,2026-08-31T21:04:26-04:00,2026-09-01T19:48:33-04:00,2026-09-04_16-24-07
8769646002,Precision Inspector (Starlink),"Bastrop, TX",SpaceX,Supply Chain & Logistics - Supply Chain Engineering,https://boards.greenhouse.io/spacex/jobs/8769646002?gh_jid=8769646002,6508644002,2026-09-01T15:01:23-04:00,2026-09-01T19:48:33-04:00,2026-09-04_16-24-07
8572114002,"Principal AI Engineer, Special Programs","Washington, DC",SpaceX,Engineering - Software & Analytics,https://boards.greenhouse.io/spacex/jobs/8572114002?gh_jid=8572114002,6423882002,2026-07-06T14:38:41-04:00,2026-09-01T19:48:33-04:00,2026-09-04_16-24-07
8572113002,"Principal AI Engineer, Special Programs","Palo Alto, CA",SpaceX,Engineering - Software & Analytics,https://boards.greenhouse.io/spacex/jobs/8572113002?gh_jid=8572113002,6423882002,2026-05-29T19:50:00-04:00,2026-09-01T19:48:33-04:00,2026-09-04_16-24-07
8493125002,Principal ASIC Design Engineer (Starshield),"Hawthorne, CA",SpaceX,Engineering - Silicon,https://boards.greenhouse.io/spacex/jobs/8493125002?gh_jid=8493125002,6392431002,2026-04-03T13:09:13-04:00,2026-09-01T19:48:33-04:00,2026-09-04_16-24-07
8559219002,Principal Design Verification Engineer (Silicon Engineering),"Austin, TX",SpaceX,Engineering - Silicon,https://boards.greenhouse.io/spacex/jobs/8559219002?gh_jid=8559219002,6418937002,2026-05-21T14:09:31-04:00,2026-09-01T19:48:33-04:00,2026-09-04_16-24-07
8559217002,Principal Design Verification Engineer (Silicon Engineering),"Irvine, CA",SpaceX,Engineering - Silicon,https://boards.greenhouse.io/spacex/jobs/8559217002?gh_jid=8559217002,6418937002,2026-05-21T14:09:29-04:00,2026-09-01T19:48:33-04:00,2026-09-04_16-24-07
8559218002,Principal Design Verification Engineer (Silicon Engineering),"Redmond, WA",SpaceX,Engineering - Silicon,https://boards.greenhouse.io/spacex/jobs/8559218002?gh_jid=8559218002,6418937002,2026-05-21T14:09:30-04:00,2026-09-01T19:48:33-04:00,2026-09-04_16-24-07
8559220002,Principal Design Verification Engineer (Silicon Engineering),"Palo Alto, CA",SpaceX,Engineering - Silicon,https://boards.greenhouse.io/spacex/jobs/8559220002?gh_jid=8559220002,6418937002,2026-05-21T14:09:33-04:00,2026-09-01T19:48:33-04:00,2026-09-04_16-24-07
8654614002,Principal DFT Engineer (Silicon Engineering),"Austin, TX",SpaceX,Engineering - Silicon,https://boards.greenhouse.io/spacex/jobs/8654614002?gh_jid=8654614002,6456349002,2026-07-30T13:28:00-04:00,2026-09-01T19:48:33-04:00,2026-09-04_16-24-07
8654609002,Principal DFT Engineer (Silicon Engineering),"Irvine, CA",SpaceX,Engineering - Silicon,https://boards.greenhouse.io/spacex/jobs/8654609002?gh_jid=8654609002,6456349002,2026-07-30T13:27:58-04:00,2026-09-01T19:48:33-04:00,2026-09-04_16-24-07
8654612002,Principal DFT Engineer (Silicon Engineering),"Palo Alto, CA",SpaceX,Engineering - Silicon,https://boards.greenhouse.io/spacex/jobs/8654612002?gh_jid=8654612002,6456349002,2026-07-30T13:27:59-04:00,2026-09-01T19:48:33-04:00,2026-09-04_16-24-07
8700422002,"Principal Electrical Design Engineer, Gateways & Customer Hardware (Starlink)","Bastrop, TX",SpaceX,Engineering - Electrical,https://boards.greenhouse.io/spacex/jobs/8700422002?gh_jid=8700422002,6476639002,2026-08-13T11:08:30-04:00,2026-09-01T19:48:33-04:00,2026-09-04_16-24-07
8775006002,Principal Electrical Engineer,"Cape Canaveral, FL",SpaceX,Engineering - Electrical,https://boards.greenhouse.io/spacex/jobs/8775006002?gh_jid=8775006002,6510670002,2026-09-02T10:46:18-04:00,2026-09-02T10:47:13-04:00,2026-09-04_16-24-07
8703623002,"Principal Electrical Engineer, Satellites (Starlink)","Redmond, WA",SpaceX,Engineering - Electrical,https://boards.greenhouse.io/spacex/jobs/8703623002?gh_jid=8703623002,6478101002,2026-08-14T12:36:06-04:00,2026-09-01T19:48:33-04:00,2026-09-04_16-24-07
8690980002,"Principal Engineer, AI Satellites (Starmind)","Bastrop, TX",SpaceX,Engineering - Silicon,https://boards.greenhouse.io/spacex/jobs/8690980002?gh_jid=8690980002,6472490002,2026-08-07T09:23:35-04:00,2026-09-01T19:48:33-04:00,2026-09-04_16-24-07
8632314002,Principal Environmental Engineer,"Bastrop, TX",SpaceX,Corporate - Environmental Health & Safety,https://boards.greenhouse.io/spacex/jobs/8632314002?gh_jid=8632314002,6447569002,2026-07-14T14:49:19-04:00,2026-09-01T19:48:33-04:00,2026-09-04_16-24-07
8632316002,Principal Environmental Engineer,"Starbase, TX",SpaceX,Corporate - Environmental Health & Safety,https://boards.greenhouse.io/spacex/jobs/8632316002?gh_jid=8632316002,6447569002,2026-07-14T14:49:19-04:00,2026-09-01T19:48:33-04:00,2026-09-04_16-24-07
8632228002,Principal Environmental Engineer,"McGregor, TX",SpaceX,Corporate - Environmental Health & Safety,https://boards.greenhouse.io/spacex/jobs/8632228002?gh_jid=8632228002,6447569002,2026-07-14T14:49:18-04:00,2026-09-01T19:48:33-04:00,2026-09-04_16-24-07
8700449002,"Principal Hardware Engineer, Gateways & Customer Hardware (Starlink)","Bastrop, TX",SpaceX,Engineering - Electrical,https://boards.greenhouse.io/spacex/jobs/8700449002?gh_jid=8700449002,6476639002,2026-08-13T11:08:31-04:00,2026-09-01T19:48:33-04:00,2026-09-04_16-24-07
8748880002,Principal Optical Engineer (Starfall),"Hawthorne, CA",SpaceX,Engineering - Electrical,https://boards.greenhouse.io/spacex/jobs/8748880002?gh_jid=8748880002,6499065002,2026-08-25T22:40:48-04:00,2026-09-01T19:48:33-04:00,2026-09-04_16-24-07
8534797002,Principal Optical Network Engineer (Starlink Ground Network),"Redmond, WA",SpaceX,Engineering - Network,https://boards.greenhouse.io/spacex/jobs/8534797002?gh_jid=8534797002,6408583002,2026-05-04T16:44:30-04:00,2026-09-01T19:48:33-04:00,2026-09-04_16-24-07
8558471002,Principal RF Engineer (Starshield),"Hawthorne, CA",SpaceX,Engineering - Electrical,https://boards.greenhouse.io/spacex/jobs/8558471002?gh_jid=8558471002,6418591002,2026-05-20T19:13:40-04:00,2026-09-01T19:48:33-04:00,2026-09-04_16-24-07
8717631002,Principal RFIC Engineer (Starshield Silicon),"Hawthorne, CA",SpaceX,Engineering - Silicon,https://boards.greenhouse.io/spacex/jobs/8717631002?gh_jid=8717631002,6484539002,2026-08-28T17:26:49-04:00,2026-09-01T19:48:33-04:00,2026-09-04_16-24-07
8650021002,Principal RF Software Engineer (Starshield),"Hawthorne, CA",SpaceX,Engineering - Software & Analytics,https://boards.greenhouse.io/spacex/jobs/8650021002?gh_jid=8650021002,6454514002,2026-08-06T12:08:45-04:00,2026-09-01T19:48:33-04:00,2026-09-04_16-24-07
8573214002,Principal Security Software Engineer (Starlink),"Redmond, WA",SpaceX,Engineering - Security,https://boards.greenhouse.io/spacex/jobs/8573214002?gh_jid=8573214002,6424279002,2026-06-15T12:01:28-04:00,2026-09-02T12:59:57-04:00,2026-09-04_16-24-07
8777042002,Principal Security Software Engineer (Starlink),"Palo Alto, CA",SpaceX,Engineering - Security,https://boards.greenhouse.io/spacex/jobs/8777042002?gh_jid=8777042002,6424279002,2026-09-02T13:00:10-04:00,2026-09-02T13:00:10-04:00,2026-09-04_16-24-07
8777043002,Principal Security Software Engineer (Starlink),"Bastrop, TX",SpaceX,Engineering - Security,https://boards.greenhouse.io/spacex/jobs/8777043002?gh_jid=8777043002,6424279002,2026-09-02T13:00:21-04:00,2026-09-02T13:00:21-04:00,2026-09-04_16-24-07
8777584002,Principal Security Software Engineer (Starlink),"Austin, TX",SpaceX,Engineering - Security,https://boards.greenhouse.io/spacex/jobs/8777584002?gh_jid=8777584002,6424279002,2026-09-02T13:00:38-04:00,2026-09-02T13:00:38-04:00,2026-09-04_16-24-07
8562265002,"Principal Software Engineer, CDN  (Starlink)","Palo Alto, CA",SpaceX,Engineering - Software & Analytics,https://boards.greenhouse.io/spacex/jobs/8562265002?gh_jid=8562265002,6419937002,2026-05-22T11:33:00-04:00,2026-09-01T19:48:33-04:00,2026-09-04_16-24-07
8756079002,"Principal Software Engineer, CDN  (Starlink)","Hawthorne, CA",SpaceX,Engineering - Software & Analytics,https://boards.greenhouse.io/spacex/jobs/8756079002?gh_jid=8756079002,6419937002,2026-08-27T12:23:31-04:00,2026-09-01T19:48:33-04:00,2026-09-04_16-24-07
8756080002,"Principal Software Engineer, CDN  (Starlink)","Redmond, WA",SpaceX,Engineering - Software & Analytics,https://boards.greenhouse.io/spacex/jobs/8756080002?gh_jid=8756080002,6419937002,2026-08-27T12:23:35-04:00,2026-09-01T19:48:33-04:00,2026-09-04_16-24-07
8533847002,"Principal Software Engineer, Continuous Integration (Starship)","Starbase, TX",SpaceX,Engineering - Software & Analytics,https://boards.greenhouse.io/spacex/jobs/8533847002?gh_jid=8533847002,6408159002,2026-05-01T22:23:33-04:00,2026-09-01T19:48:33-04:00,2026-09-04_16-24-07
8533843002,"Principal Software Engineer, Continuous Integration (Starship)","Hawthorne, CA",SpaceX,Engineering - Software & Analytics,https://boards.greenhouse.io/spacex/jobs/8533843002?gh_jid=8533843002,6408159002,2026-05-01T22:23:32-04:00,2026-09-01T19:48:33-04:00,2026-09-04_16-24-07
8560575002,Principal Software Engineer (Platform Team),"Starbase, TX",SpaceX,Engineering - Software & Analytics,https://boards.greenhouse.io/spacex/jobs/8560575002?gh_jid=8560575002,6393222002,2026-05-21T13:19:23-04:00,2026-09-01T19:48:33-04:00,2026-09-04_16-24-07
8558817002,Principal Software Engineer (Platform Team),"Redmond, WA",SpaceX,Engineering - Software & Analytics,https://boards.greenhouse.io/spacex/jobs/8558817002?gh_jid=8558817002,6393222002,2026-05-20T17:06:43-04:00,2026-09-01T19:48:33-04:00,2026-09-04_16-24-07
8494978002,Principal Software Engineer (Platform Team),"Hawthorne, CA",SpaceX,Engineering - Software & Analytics,https://boards.greenhouse.io/spacex/jobs/8494978002?gh_jid=8494978002,6393222002,2026-04-07T10:26:12-04:00,2026-09-01T19:48:33-04:00,2026-09-04_16-24-07
8558835002,Principal Software Engineer (Platform Team),"Sunnyvale, CA",SpaceX,Engineering - Software & Analytics,https://boards.greenhouse.io/spacex/jobs/8558835002?gh_jid=8558835002,6393222002,2026-05-20T17:11:10-04:00,2026-09-01T19:48:33-04:00,2026-09-04_16-24-07
8558839002,Principal Software Engineer (Platform Team),"Palo Alto, CA",SpaceX,Engineering - Software & Analytics,https://boards.greenhouse.io/spacex/jobs/8558839002?gh_jid=8558839002,6393222002,2026-05-20T17:11:11-04:00,2026-09-01T19:48:33-04:00,2026-09-04_16-24-07
8560572002,Principal Software Engineer (Platform Team),"Bastrop, TX",SpaceX,Engineering - Software & Analytics,https://boards.greenhouse.io/spacex/jobs/8560572002?gh_jid=8560572002,6393222002,2026-05-21T13:19:22-04:00,2026-09-01T19:48:33-04:00,2026-09-04_16-24-07
8557138002,"Principal Water Treatment Engineer, Solar Cell Factory","Bastrop, TX",SpaceX,Engineering - Materials,https://boards.greenhouse.io/spacex/jobs/8557138002?gh_jid=8557138002,6418046002,2026-06-01T10:51:33-04:00,2026-09-01T19:48:33-04:00,2026-09-04_16-24-07
8564810002,Principal Wi-Fi Software Engineer (Starlink),"Palo Alto, CA",SpaceX,Engineering - Software & Analytics,https://boards.greenhouse.io/spacex/jobs/8564810002?gh_jid=8564810002,6421079002,2026-05-26T12:44:22-04:00,2026-09-01T19:48:33-04:00,2026-09-04_16-24-07
8672728002,"Process Controls Engineer, Solar Cell Factory (Starlink)","Bastrop, TX",SpaceX,Engineering - Automation & Controls,https://boards.greenhouse.io/spacex/jobs/8672728002?gh_jid=8672728002,6464039002,2026-08-03T16:36:37-04:00,2026-09-01T19:48:33-04:00,2026-09-04_16-24-07
8555804002,Process Development Engineer,"Hawthorne, CA",SpaceX,Engineering - Industrial & Operations,https://boards.greenhouse.io/spacex/jobs/8555804002?gh_jid=8555804002,6417469002,2026-05-19T16:27:31-04:00,2026-09-01T19:48:33-04:00,2026-09-04_16-24-07
8586083002,"Process Engineer, Industrial Water Treatment (Starlink)","Bastrop, TX",SpaceX,Engineering - Materials,https://boards.greenhouse.io/spacex/jobs/8586083002?gh_jid=8586083002,6415167002,2026-06-10T12:40:02-04:00,2026-09-01T19:48:33-04:00,2026-09-04_16-24-07
8659946002,"Process Engineer, Machinery & Automation","Hawthorne, CA",SpaceX,Engineering - Aerospace & Mechanical,https://boards.greenhouse.io/spacex/jobs/8659946002?gh_jid=8659946002,6457907002,2026-07-31T13:04:27-04:00,2026-09-01T19:48:33-04:00,2026-09-04_16-24-07
8473718002,Process Engineer (Starlink/Akoustis),"Canandaigua, NY",SpaceX,Engineering - Silicon,https://boards.greenhouse.io/spacex/jobs/8473718002?gh_jid=8473718002,6384686002,2026-03-22T21:12:22-04:00,2026-09-01T19:48:33-04:00,2026-09-04_16-24-07
8657637002,Process Engineer (Starshield),"Hawthorne, CA",SpaceX,Engineering - Aerospace & Mechanical,https://boards.greenhouse.io/spacex/jobs/8657637002?gh_jid=8657637002,6457116002,2026-07-30T17:38:39-04:00,2026-09-01T19:48:33-04:00,2026-09-04_16-24-07
8737683002,Process Engineer (Starship),"Starbase, TX",SpaceX,Engineering - Aerospace & Mechanical,https://boards.greenhouse.io/spacex/jobs/8737683002?gh_jid=8737683002,6493745002,2026-08-21T21:26:02-04:00,2026-09-01T19:48:33-04:00,2026-09-04_16-24-07
8771732002,Process Operator Specialist,"Starbase, TX",SpaceX,Operations - Facilities,https://boards.greenhouse.io/spacex/jobs/8771732002?gh_jid=8771732002,6509585002,2026-09-02T23:57:49-04:00,2026-09-02T23:58:15-04:00,2026-09-04_16-24-07
8770428002,"Process Operator Specialist, Air Separation Unit (Starship)","Starbase, TX",SpaceX,Engineering - Industrial & Operations,https://boards.greenhouse.io/spacex/jobs/8770428002?gh_jid=8770428002,6508990002,2026-09-02T13:45:44-04:00,2026-09-02T13:45:44-04:00,2026-09-04_16-24-07
8770402002,"Process Operator Specialist, Air Separation Unit (Starship) - Level 4/5","Starbase, TX",SpaceX,Engineering - Industrial & Operations,https://boards.greenhouse.io/spacex/jobs/8770402002?gh_jid=8770402002,6508978002,2026-09-02T16:51:09-04:00,2026-09-02T16:51:11-04:00,2026-09-04_16-24-07
8770365002,"Process Operator Specialist, Air Separation Unit (Starship) - Level 4/5 - Night Shift","Starbase, TX",SpaceX,Engineering - Industrial & Operations,https://boards.greenhouse.io/spacex/jobs/8770365002?gh_jid=8770365002,6508959002,2026-09-02T16:51:49-04:00,2026-09-02T16:51:49-04:00,2026-09-04_16-24-07
8770449002,"Process Operator Specialist, Air Separation Unit (Starship) - Night Shift","Starbase, TX",SpaceX,Engineering - Industrial & Operations,https://boards.greenhouse.io/spacex/jobs/8770449002?gh_jid=8770449002,6508996002,2026-09-02T16:52:20-04:00,2026-09-02T16:52:20-04:00,2026-09-04_16-24-07
8735909002,Process Operator Specialist - Level 4/5,"Starbase, TX",SpaceX,Operations - Facilities,https://boards.greenhouse.io/spacex/jobs/8735909002?gh_jid=8735909002,6492942002,2026-08-24T13:25:26-04:00,2026-09-01T19:48:33-04:00,2026-09-04_16-24-07
8700050002,Process Safety Engineer (Mechanical),"Hawthorne, CA",SpaceX,Corporate - Environmental Health & Safety,https://boards.greenhouse.io/spacex/jobs/8700050002?gh_jid=8700050002,6476533002,2026-08-18T19:50:11-04:00,2026-09-01T19:48:33-04:00,2026-09-04_16-24-07
8601643002,"Process Technician, Injection Molding (Starlink) - 2nd shift","Bastrop, TX",SpaceX,Manufacturing - Other Manufacturing,https://boards.greenhouse.io/spacex/jobs/8601643002?gh_jid=8601643002,6435473002,2026-06-19T18:12:01-04:00,2026-09-01T19:48:33-04:00,2026-09-04_16-24-07
8484568002,Product Compliance Engineer (Starlink),"Bastrop, TX",SpaceX,Engineering - Aerospace & Mechanical,https://boards.greenhouse.io/spacex/jobs/8484568002?gh_jid=8484568002,6389056002,2026-03-29T13:11:14-04:00,2026-09-01T19:48:33-04:00,2026-09-04_16-24-07
8545873002,Product Development Engineer (Starlink),"Bastrop, TX",SpaceX,Engineering - Aerospace & Mechanical,https://boards.greenhouse.io/spacex/jobs/8545873002?gh_jid=8545873002,6413437002,2026-06-01T11:29:16-04:00,2026-09-01T19:48:33-04:00,2026-09-04_16-24-07
8522688002,Product Development Engineer (Starlink),"Bastrop, TX",SpaceX,Supply Chain & Logistics - Supply Chain Engineering,https://boards.greenhouse.io/spacex/jobs/8522688002?gh_jid=8522688002,6404064002,2026-04-24T15:35:44-04:00,2026-09-01T19:48:33-04:00,2026-09-04_16-24-07
8675180002,Product Growth Strategy & Analytics Lead (Starlink),"Hawthorne, CA",SpaceX,Corporate - Sales & Business Operations,https://boards.greenhouse.io/spacex/jobs/8675180002?gh_jid=8675180002,6465175002,2026-08-03T18:55:57-04:00,2026-09-01T19:48:33-04:00,2026-09-04_16-24-07
8675144002,Product Growth Strategy & Analytics Lead (Starlink),"Redmond, WA",SpaceX,Corporate - Sales & Business Operations,https://boards.greenhouse.io/spacex/jobs/8675144002?gh_jid=8675144002,6465175002,2026-08-03T18:55:56-04:00,2026-09-01T19:48:33-04:00,2026-09-04_16-24-07
8675183002,Product Growth Strategy & Analytics Lead (Starlink),"Bastrop, TX",SpaceX,Corporate - Sales & Business Operations,https://boards.greenhouse.io/spacex/jobs/8675183002?gh_jid=8675183002,6465175002,2026-08-03T18:55:59-04:00,2026-09-01T19:48:33-04:00,2026-09-04_16-24-07
8626973002,Production Associate (Starlink/Akoustis),"Canandaigua, NY",SpaceX,Manufacturing - Entry Level Manufacturing,https://boards.greenhouse.io/spacex/jobs/8626973002?gh_jid=8626973002,6445403002,2026-07-09T14:28:22-04:00,2026-09-01T19:48:33-04:00,2026-09-04_16-24-07
8717607002,Production Control Scheduler (Falcon),"Hawthorne, CA",SpaceX,Manufacturing - Other Manufacturing,https://boards.greenhouse.io/spacex/jobs/8717607002?gh_jid=8717607002,6484526002,2026-08-14T21:13:26-04:00,2026-09-01T19:48:33-04:00,2026-09-04_16-24-07
8633901002,Production Coordinator,"Cape Canaveral, FL",SpaceX,Supply Chain & Logistics - Materials Management & Warehouse,https://boards.greenhouse.io/spacex/jobs/8633901002?gh_jid=8633901002,6421400002,2026-07-14T19:21:32-04:00,2026-09-01T19:48:33-04:00,2026-09-04_16-24-07
8735022002,Production Coordinator (Avionics),"Hawthorne, CA",SpaceX,Manufacturing - Entry Level Manufacturing,https://boards.greenhouse.io/spacex/jobs/8735022002?gh_jid=8735022002,6492513002,2026-09-01T16:33:16-04:00,2026-09-01T19:48:33-04:00,2026-09-04_16-24-07
8660102002,Production Coordinator (Booster Structures),"Hawthorne, CA",SpaceX,Manufacturing - Other Manufacturing,https://boards.greenhouse.io/spacex/jobs/8660102002?gh_jid=8660102002,6457962002,2026-08-05T13:59:09-04:00,2026-09-01T19:48:33-04:00,2026-09-04_16-24-07
8568855002,"Production Coordinator, Heatshield (Starship) - Night Shift","Starbase, TX",SpaceX,Manufacturing - Other Manufacturing,https://boards.greenhouse.io/spacex/jobs/8568855002?gh_jid=8568855002,6422579002,2026-05-28T14:07:05-04:00,2026-09-01T19:48:33-04:00,2026-09-04_16-24-07
8758622002,Production Coordinator - Night Shift,"Vandenberg, CA",SpaceX,Supply Chain & Logistics - Materials Management & Warehouse,https://boards.greenhouse.io/spacex/jobs/8758622002?gh_jid=8758622002,6503500002,2026-09-02T17:38:52-04:00,2026-09-02T17:38:52-04:00,2026-09-04_16-24-07
8688028002,Production Coordinator (Starlink) - 2nd Shift,"Redmond, WA",SpaceX,Operations - Facilities,https://boards.greenhouse.io/spacex/jobs/8688028002?gh_jid=8688028002,6471089002,2026-08-10T14:02:42-04:00,2026-09-01T19:48:33-04:00,2026-09-04_16-24-07
8710045002,"Production Coordinator, Tool and Die","Bastrop, TX",SpaceX,Manufacturing - Machining,https://boards.greenhouse.io/spacex/jobs/8710045002?gh_jid=8710045002,6480895002,2026-08-18T13:36:31-04:00,2026-09-01T19:48:33-04:00,2026-09-04_16-24-07
8639961002,Production Director (Starship),"Starbase, TX",SpaceX,Manufacturing - Leadership,https://boards.greenhouse.io/spacex/jobs/8639961002?gh_jid=8639961002,6450695002,2026-07-20T12:19:47-04:00,2026-09-01T19:48:33-04:00,2026-09-04_16-24-07
8649729002,"Production Engineer, Site Reliability (Application Software)","Hawthorne, CA",SpaceX,Engineering - Software & Analytics,https://boards.greenhouse.io/spacex/jobs/8649729002?gh_jid=8649729002,6452962002,2026-07-24T16:11:09-04:00,2026-09-01T19:48:33-04:00,2026-09-04_16-24-07
8703535002,Production Engineer (Starship Electronics),"Hawthorne, CA",SpaceX,Engineering - Aerospace & Mechanical,https://boards.greenhouse.io/spacex/jobs/8703535002?gh_jid=8703535002,6478051002,2026-08-13T12:05:24-04:00,2026-09-01T19:48:33-04:00,2026-09-04_16-24-07
8629250002,Production Machinist (Starlink) - 1st Shift,"Woodinville, WA",SpaceX,Manufacturing - Machining,https://boards.greenhouse.io/spacex/jobs/8629250002?gh_jid=8629250002,6446288002,2026-07-14T16:25:08-04:00,2026-09-01T19:48:33-04:00,2026-09-04_16-24-07
8552292002,Production Machinist (Starlink) - 1st Shift - Level 4/5,"Woodinville, WA",SpaceX,Manufacturing - Machining,https://boards.greenhouse.io/spacex/jobs/8552292002?gh_jid=8552292002,6415933002,2026-05-26T12:38:54-04:00,2026-09-01T19:48:33-04:00,2026-09-04_16-24-07
8629252002,Production Machinist (Starlink) - 2nd Shift,"Woodinville, WA",SpaceX,Manufacturing - Machining,https://boards.greenhouse.io/spacex/jobs/8629252002?gh_jid=8629252002,6446289002,2026-07-14T16:25:54-04:00,2026-09-01T19:48:33-04:00,2026-09-04_16-24-07
8552304002,Production Machinist (Starlink) - 2nd Shift - Level 4/5,"Woodinville, WA",SpaceX,Manufacturing - Machining,https://boards.greenhouse.io/spacex/jobs/8552304002?gh_jid=8552304002,6415937002,2026-05-26T12:35:21-04:00,2026-09-01T19:48:33-04:00,2026-09-04_16-24-07
8546250002,"Production Manager, Starlink Silicon Assembly","Bastrop, TX",SpaceX,Manufacturing - Leadership,https://boards.greenhouse.io/spacex/jobs/8546250002?gh_jid=8546250002,6413617002,2026-05-12T16:57:15-04:00,2026-09-01T19:48:33-04:00,2026-09-04_16-24-07
8627635002,Production Operations Engineer (Starship),"Starbase, TX",SpaceX,Engineering - Aerospace & Mechanical,https://boards.greenhouse.io/spacex/jobs/8627635002?gh_jid=8627635002,6445646002,2026-07-09T23:13:39-04:00,2026-09-01T19:48:33-04:00,2026-09-04_16-24-07
8592321002,Production Project Engineer (Starlink),"Bastrop, TX",SpaceX,Operations - Construction,https://boards.greenhouse.io/spacex/jobs/8592321002?gh_jid=8592321002,6431861002,2026-06-15T10:41:07-04:00,2026-09-01T19:48:33-04:00,2026-09-04_16-24-07
8611123002,Production Reliability Engineer (Starship Electronics),"Hawthorne, CA",SpaceX,Engineering - Aerospace & Mechanical,https://boards.greenhouse.io/spacex/jobs/8611123002?gh_jid=8611123002,6439220002,2026-06-29T17:23:49-04:00,2026-09-01T19:48:33-04:00,2026-09-04_16-24-07
8604712002,"Production Scheduler, Precision Machining (Starlink)","Woodinville, WA",SpaceX,Manufacturing - Machining,https://boards.greenhouse.io/spacex/jobs/8604712002?gh_jid=8604712002,6436842002,2026-06-25T14:33:35-04:00,2026-09-01T19:48:33-04:00,2026-09-04_16-24-07
8597840002,"Production Scheduler, Starlink Machining Operations","Bastrop, TX",SpaceX,Manufacturing - Assembly & Integration,https://boards.greenhouse.io/spacex/jobs/8597840002?gh_jid=8597840002,6433924002,2026-06-18T13:47:54-04:00,2026-09-01T19:48:33-04:00,2026-09-04_16-24-07
8694690002,Production Scheduler (Starship),"Starbase, TX",SpaceX,Manufacturing - Other Manufacturing,https://boards.greenhouse.io/spacex/jobs/8694690002?gh_jid=8694690002,6474019002,2026-08-13T15:57:13-04:00,2026-09-01T19:48:33-04:00,2026-09-04_16-24-07
8581270002,"Production Scheduler, Starship","Hawthorne, CA",SpaceX,Manufacturing - Other Manufacturing,https://boards.greenhouse.io/spacex/jobs/8581270002?gh_jid=8581270002,6427526002,2026-06-05T20:14:49-04:00,2026-09-01T19:48:33-04:00,2026-09-04_16-24-07
8601631002,"Production Scheduler, Starship Components","Hawthorne, CA",SpaceX,Manufacturing - Other Manufacturing,https://boards.greenhouse.io/spacex/jobs/8601631002?gh_jid=8601631002,6435467002,2026-06-19T20:43:18-04:00,2026-09-01T19:48:33-04:00,2026-09-04_16-24-07
8646129002,Production Scheduler (Starship Mechanisms),"Hawthorne, CA",SpaceX,Engineering - Industrial & Operations,https://boards.greenhouse.io/spacex/jobs/8646129002?gh_jid=8646129002,6452957002,2026-07-31T19:35:53-04:00,2026-09-01T19:48:33-04:00,2026-09-04_16-24-07
8574247002,Production Shift Supervisor (Starlink/Akoustis),"Canandaigua, NY",SpaceX,Manufacturing - Assembly & Integration,https://boards.greenhouse.io/spacex/jobs/8574247002?gh_jid=8574247002,6424703002,2026-06-02T19:32:35-04:00,2026-09-01T19:48:33-04:00,2026-09-04_16-24-07
8672275002,Production Supervisor - Assembly & SMT (Starlink),"Bastrop, TX",SpaceX,Manufacturing - Leadership,https://boards.greenhouse.io/spacex/jobs/8672275002?gh_jid=8672275002,6463846002,2026-08-03T11:30:44-04:00,2026-09-01T19:48:33-04:00,2026-09-04_16-24-07
8564989002,Production Supervisor (Cleanroom) - 2nd Shift,"Redmond, WA",SpaceX,Manufacturing - Leadership,https://boards.greenhouse.io/spacex/jobs/8564989002?gh_jid=8564989002,6421162002,2026-06-05T15:14:47-04:00,2026-09-01T19:48:33-04:00,2026-09-04_16-24-07
8584481002,"Production Supervisor, Injection Molding - Night Shift (Starlink)","Bastrop, TX",SpaceX,Manufacturing - Leadership,https://boards.greenhouse.io/spacex/jobs/8584481002?gh_jid=8584481002,6428845002,2026-06-09T14:35:08-04:00,2026-09-01T19:48:33-04:00,2026-09-04_16-24-07
8584468002,"Production Supervisor, Injection Molding (Starlink)","Bastrop, TX",SpaceX,Manufacturing - Leadership,https://boards.greenhouse.io/spacex/jobs/8584468002?gh_jid=8584468002,6428845002,2026-06-09T14:35:10-04:00,2026-09-01T19:48:33-04:00,2026-09-04_16-24-07
8551478002,Production Supervisor (PCB Manufacturing),"Bastrop, TX",SpaceX,Manufacturing - Leadership,https://boards.greenhouse.io/spacex/jobs/8551478002?gh_jid=8551478002,6415576002,2026-05-15T08:32:27-04:00,2026-09-01T19:48:33-04:00,2026-09-04_16-24-07
8730721002,"Production Supervisor, Silicon Assembly (Starlink)","Bastrop, TX",SpaceX,"Manufacturing - PCB, Silicon, and Solar",https://boards.greenhouse.io/spacex/jobs/8730721002?gh_jid=8730721002,6490653002,2026-08-20T15:02:45-04:00,2026-09-01T19:48:33-04:00,2026-09-04_16-24-07
8703191002,Production Supervisor (Starlink) - 2nd Shift,"Redmond, WA",SpaceX,Manufacturing - Assembly & Integration,https://boards.greenhouse.io/spacex/jobs/8703191002?gh_jid=8703191002,6477882002,2026-08-14T13:52:04-04:00,2026-09-01T19:48:33-04:00,2026-09-04_16-24-07
8692396002,Production Technician,"Bastrop, TX",SpaceX,Manufacturing - Entry Level Manufacturing,https://boards.greenhouse.io/spacex/jobs/8692396002?gh_jid=8692396002,6473004002,2026-08-07T18:42:57-04:00,2026-09-01T19:48:33-04:00,2026-09-04_16-24-07
8550844002,"Production Technician, Gateways (Starlink)","Bastrop, TX",SpaceX,Manufacturing - Assembly & Integration,https://boards.greenhouse.io/spacex/jobs/8550844002?gh_jid=8550844002,6415322002,2026-05-18T17:37:11-04:00,2026-09-01T19:48:33-04:00,2026-09-04_16-24-07
8530785002,"Production Technician, Solar Cells (Starlink) - Day Shift","Bastrop, TX",SpaceX,"Manufacturing - PCB, Silicon, and Solar",https://boards.greenhouse.io/spacex/jobs/8530785002?gh_jid=8530785002,6406882002,2026-04-29T20:05:16-04:00,2026-09-01T19:48:33-04:00,2026-09-04_16-24-07
8624122002,Production Technician (Starlink/Akoustis),"Canandaigua, NY",SpaceX,Manufacturing - Assembly & Integration,https://boards.greenhouse.io/spacex/jobs/8624122002?gh_jid=8624122002,6444162002,2026-07-09T11:12:23-04:00,2026-09-01T19:48:33-04:00,2026-09-04_16-24-07
8719859002,Product Security Engineer (Starlink),"Hawthorne, CA",SpaceX,Engineering - Security,https://boards.greenhouse.io/spacex/jobs/8719859002?gh_jid=8719859002,6485678002,2026-08-17T23:23:11-04:00,2026-09-01T19:48:33-04:00,2026-09-04_16-24-07
8719856002,Product Security Engineer (Starlink),"Redmond, WA",SpaceX,Engineering - Security,https://boards.greenhouse.io/spacex/jobs/8719856002?gh_jid=8719856002,6485678002,2026-08-17T23:23:07-04:00,2026-09-01T19:48:33-04:00,2026-09-04_16-24-07
8719864002,Product Security Engineer (Starlink),"Bastrop, TX",SpaceX,Engineering - Security,https://boards.greenhouse.io/spacex/jobs/8719864002?gh_jid=8719864002,6485678002,2026-08-17T23:23:12-04:00,2026-09-01T19:48:33-04:00,2026-09-04_16-24-07
8652831002,"Project Engineer, Critical Lift & Transport (Starship)","Starbase, TX",SpaceX,Engineering - Aerospace & Mechanical,https://boards.greenhouse.io/spacex/jobs/8652831002?gh_jid=8652831002,6360812002,2026-07-27T17:44:26-04:00,2026-09-01T19:48:33-04:00,2026-09-04_16-24-07
8575267002,Proposal Specialist,"Hawthorne, CA",SpaceX,Corporate - Government Affairs,https://boards.greenhouse.io/spacex/jobs/8575267002?gh_jid=8575267002,6425183002,2026-06-05T14:24:20-04:00,2026-09-01T19:48:33-04:00,2026-09-04_16-24-07
8486119002,"Propulsion Analyst, Chamber and Nozzle (Raptor)","Hawthorne, CA",SpaceX,Engineering - Aerospace & Mechanical,https://boards.greenhouse.io/spacex/jobs/8486119002?gh_jid=8486119002,6389689002,2026-03-30T19:24:22-04:00,2026-09-01T19:48:33-04:00,2026-09-04_16-24-07
8731594002,"Propulsion Analyst, Turbomachinery (Raptor)","Hawthorne, CA",SpaceX,Engineering - Aerospace & Mechanical,https://boards.greenhouse.io/spacex/jobs/8731594002?gh_jid=8731594002,6491073002,2026-08-19T19:50:20-04:00,2026-09-01T19:48:33-04:00,2026-09-04_16-24-07
8721585002,Propulsion Build Engineer (Starship),"Starbase, TX",SpaceX,Engineering - Aerospace & Mechanical,https://boards.greenhouse.io/spacex/jobs/8721585002?gh_jid=8721585002,6486390002,2026-08-18T11:42:34-04:00,2026-09-01T19:48:33-04:00,2026-09-04_16-24-07
8623602002,"Propulsion Engineer, Avionics Manufacturing (Raptor)","Hawthorne, CA",SpaceX,Engineering - Aerospace & Mechanical,https://boards.greenhouse.io/spacex/jobs/8623602002?gh_jid=8623602002,6443913002,2026-07-08T10:53:11-04:00,2026-09-01T19:48:33-04:00,2026-09-04_16-24-07
8540363002,"Propulsion Engineer, Chamber and Nozzle Manufacturing (Raptor)","Hawthorne, CA",SpaceX,Engineering - Aerospace & Mechanical,https://boards.greenhouse.io/spacex/jobs/8540363002?gh_jid=8540363002,6410852002,2026-05-08T19:02:02-04:00,2026-09-01T19:48:33-04:00,2026-09-04_16-24-07
8627675002,"Propulsion Engineer, Chamber and Nozzle (Raptor)","Hawthorne, CA",SpaceX,Engineering - Aerospace & Mechanical,https://boards.greenhouse.io/spacex/jobs/8627675002?gh_jid=8627675002,6445664002,2026-07-10T20:21:18-04:00,2026-09-01T19:48:33-04:00,2026-09-04_16-24-07
8766418002,"Propulsion Engineer, Combustion Devices Manufacturing (Raptor)","Hawthorne, CA",SpaceX,Engineering - Aerospace & Mechanical,https://boards.greenhouse.io/spacex/jobs/8766418002?gh_jid=8766418002,6507125002,2026-08-31T16:26:43-04:00,2026-09-01T19:48:33-04:00,2026-09-04_16-24-07
8512813002,"Propulsion Engineer, Components Manufacturing (Raptor)","Hawthorne, CA",SpaceX,Engineering - Aerospace & Mechanical,https://boards.greenhouse.io/spacex/jobs/8512813002?gh_jid=8512813002,6400451002,2026-04-17T17:50:34-04:00,2026-09-01T19:48:33-04:00,2026-09-04_16-24-07
8632389002,Propulsion Engineer (Merlin Hardware Development),"Hawthorne, CA",SpaceX,Engineering - Aerospace & Mechanical,https://boards.greenhouse.io/spacex/jobs/8632389002?gh_jid=8632389002,6447633002,2026-07-13T23:27:03-04:00,2026-09-01T19:48:33-04:00,2026-09-04_16-24-07
8696839002,"Propulsion Engineer, Propulsion Simulation & Data Analysis","Hawthorne, CA",SpaceX,Engineering - Aerospace & Mechanical,https://boards.greenhouse.io/spacex/jobs/8696839002?gh_jid=8696839002,6475036002,2026-08-17T21:00:40-04:00,2026-09-01T19:48:33-04:00,2026-09-04_16-24-07
8654572002,Propulsion Engineer (Raptor Combustion Devices),"Hawthorne, CA",SpaceX,Engineering - Aerospace & Mechanical,https://boards.greenhouse.io/spacex/jobs/8654572002?gh_jid=8654572002,6456330002,2026-07-29T12:06:02-04:00,2026-09-01T19:48:33-04:00,2026-09-04_16-24-07
8637395002,Propulsion Engineer (Raptor Components),"Hawthorne, CA",SpaceX,Engineering - Aerospace & Mechanical,https://boards.greenhouse.io/spacex/jobs/8637395002?gh_jid=8637395002,6449658002,2026-07-16T19:43:49-04:00,2026-09-01T19:48:33-04:00,2026-09-04_16-24-07
8535350002,Propulsion Engineer (Raptor Final Assembly & Tube Shop),"Hawthorne, CA",SpaceX,Engineering - Aerospace & Mechanical,https://boards.greenhouse.io/spacex/jobs/8535350002?gh_jid=8535350002,6408823002,2026-05-05T13:23:50-04:00,2026-09-01T19:48:33-04:00,2026-09-04_16-24-07
8665252002,Propulsion Engineer (Raptor Flight),"Hawthorne, CA",SpaceX,Engineering - Aerospace & Mechanical,https://boards.greenhouse.io/spacex/jobs/8665252002?gh_jid=8665252002,6460426002,2026-08-01T00:02:51-04:00,2026-09-01T19:48:33-04:00,2026-09-04_16-24-07
8756692002,"Propulsion Engineer, Stage Systems (Starship)","Starbase, TX",SpaceX,Engineering - Aerospace & Mechanical,https://boards.greenhouse.io/spacex/jobs/8756692002?gh_jid=8756692002,6502649002,2026-08-27T16:30:42-04:00,2026-09-01T19:48:33-04:00,2026-09-04_16-24-07
8756340002,Propulsion Engineer (Starship),"Starbase, TX",SpaceX,Engineering - Aerospace & Mechanical,https://boards.greenhouse.io/spacex/jobs/8756340002?gh_jid=8756340002,6502474002,2026-08-31T12:36:52-04:00,2026-09-01T19:48:33-04:00,2026-09-04_16-24-07
8562385002,"Propulsion Engineer, Thermal & Fluid Analysis (Starship)","Starbase, TX",SpaceX,Engineering - Aerospace & Mechanical,https://boards.greenhouse.io/spacex/jobs/8562385002?gh_jid=8562385002,6419986002,2026-05-22T15:57:12-04:00,2026-09-01T19:48:33-04:00,2026-09-04_16-24-07
8521981002,"Propulsion Engineer, Valves (Raptor Components)","Hawthorne, CA",SpaceX,Engineering - Aerospace & Mechanical,https://boards.greenhouse.io/spacex/jobs/8521981002?gh_jid=8521981002,6403856002,2026-04-23T20:45:43-04:00,2026-09-01T19:48:33-04:00,2026-09-04_16-24-07
8605143002,Propulsion Fluids Analyst (Raptor Systems Engineering),"Hawthorne, CA",SpaceX,Engineering - Aerospace & Mechanical,https://boards.greenhouse.io/spacex/jobs/8605143002?gh_jid=8605143002,6437026002,2026-06-23T20:20:09-04:00,2026-09-01T19:48:33-04:00,2026-09-04_16-24-07
8653823002,Propulsion R&D Technician (Raptor),"Hawthorne, CA",SpaceX,Manufacturing - Assembly & Integration,https://boards.greenhouse.io/spacex/jobs/8653823002?gh_jid=8653823002,6456005002,2026-07-28T17:29:27-04:00,2026-09-01T19:48:33-04:00,2026-09-04_16-24-07
8681185002,Propulsion Technician (Falcon),"Hawthorne, CA",SpaceX,Manufacturing - Assembly & Integration,https://boards.greenhouse.io/spacex/jobs/8681185002?gh_jid=8681185002,6468090002,2026-08-04T22:17:39-04:00,2026-09-01T19:48:33-04:00,2026-09-04_16-24-07
8593284002,Propulsion Technician (Raptor),"Hawthorne, CA",SpaceX,Manufacturing - Assembly & Integration,https://boards.greenhouse.io/spacex/jobs/8593284002?gh_jid=8593284002,6432296002,2026-06-15T20:04:35-04:00,2026-09-01T19:48:33-04:00,2026-09-04_16-24-07
8567163002,"Propulsion Technician, Raptor Chamber and Nozzle Assembly","Hawthorne, CA",SpaceX,Manufacturing - Assembly & Integration,https://boards.greenhouse.io/spacex/jobs/8567163002?gh_jid=8567163002,6421901002,2026-05-27T16:51:48-04:00,2026-09-01T19:48:33-04:00,2026-09-04_16-24-07
8621675002,Propulsion Technician - Raptor Chamber & Nozzle Assembly & Final Assembly - 2nd Shift,"Hawthorne, CA",SpaceX,Manufacturing - Assembly & Integration,https://boards.greenhouse.io/spacex/jobs/8621675002?gh_jid=8621675002,6443127002,2026-07-09T15:03:39-04:00,2026-09-01T19:48:33-04:00,2026-09-04_16-24-07
8701011002,"Propulsion Technician - Raptor Chamber & Nozzle Assembly & Final Assembly, Level 4/5 - 2nd Shift","Hawthorne, CA",SpaceX,Manufacturing - Assembly & Integration,https://boards.greenhouse.io/spacex/jobs/8701011002?gh_jid=8701011002,6476895002,2026-08-12T15:35:30-04:00,2026-09-01T19:48:33-04:00,2026-09-04_16-24-07
8543990002,Propulsion Technician (Raptor Foundry),"Hawthorne, CA",SpaceX,Manufacturing - Assembly & Integration,https://boards.greenhouse.io/spacex/jobs/8543990002?gh_jid=8543990002,6412709002,2026-05-11T14:26:44-04:00,2026-09-01T19:48:33-04:00,2026-09-04_16-24-07
8694849002,Propulsion Technician (Raptor Manufacturing Systems),"Hawthorne, CA",SpaceX,Manufacturing - Assembly & Integration,https://boards.greenhouse.io/spacex/jobs/8694849002?gh_jid=8694849002,6474082002,2026-08-11T12:50:12-04:00,2026-09-01T19:48:33-04:00,2026-09-04_16-24-07
8460946002,Propulsion Technician (Raptor Production Machining),"Hawthorne, CA",SpaceX,Manufacturing - Machining,https://boards.greenhouse.io/spacex/jobs/8460946002?gh_jid=8460946002,6379594002,2026-03-12T13:53:27-04:00,2026-09-01T19:48:33-04:00,2026-09-04_16-24-07
8634039002,Propulsion Technician (Raptor Production Machining) - 2nd Shift,"Hawthorne, CA",SpaceX,Manufacturing - Machining,https://boards.greenhouse.io/spacex/jobs/8634039002?gh_jid=8634039002,6448341002,2026-07-15T13:19:50-04:00,2026-09-01T19:48:33-04:00,2026-09-04_16-24-07
8674850002,Propulsion Technician (Raptor Turbopump Assembly),"Hawthorne, CA",SpaceX,Manufacturing - Assembly & Integration,https://boards.greenhouse.io/spacex/jobs/8674850002?gh_jid=8674850002,6465050002,2026-08-03T20:41:34-04:00,2026-09-01T19:48:33-04:00,2026-09-04_16-24-07
8742535002,Propulsion Technician (Starship),"Starbase, TX",SpaceX,Manufacturing - Assembly & Integration,https://boards.greenhouse.io/spacex/jobs/8742535002?gh_jid=8742535002,6496059002,2026-08-24T13:19:28-04:00,2026-09-01T19:48:33-04:00,2026-09-04_16-24-07
8470780002,Propulsion Technician (Starship),"Hawthorne, CA",SpaceX,Manufacturing - Assembly & Integration,https://boards.greenhouse.io/spacex/jobs/8470780002?gh_jid=8470780002,6374501002,2026-03-19T17:51:22-04:00,2026-09-01T19:48:33-04:00,2026-09-04_16-24-07
8728750002,Propulsion Technician (Starship),"Hawthorne, CA",SpaceX,Manufacturing - Assembly & Integration,https://boards.greenhouse.io/spacex/jobs/8728750002?gh_jid=8728750002,6489736002,2026-08-19T15:15:15-04:00,2026-09-01T19:48:33-04:00,2026-09-04_16-24-07
8581359002,Propulsion Technician (Starship) - 2nd Shift,"Hawthorne, CA",SpaceX,Manufacturing - Assembly & Integration,https://boards.greenhouse.io/spacex/jobs/8581359002?gh_jid=8581359002,6427573002,2026-06-05T22:15:12-04:00,2026-09-01T19:48:33-04:00,2026-09-04_16-24-07
8447282002,Propulsion Technician (Super Heavy Booster Propulsion Systems),"Hawthorne, CA",SpaceX,Manufacturing - Assembly & Integration,https://boards.greenhouse.io/spacex/jobs/8447282002?gh_jid=8447282002,6374501002,2026-03-04T12:19:34-05:00,2026-09-01T19:48:33-04:00,2026-09-04_16-24-07
8624447002,Propulsion Thermal Analyst (Raptor Combustion Devices),"Hawthorne, CA",SpaceX,Engineering - Aerospace & Mechanical,https://boards.greenhouse.io/spacex/jobs/8624447002?gh_jid=8624447002,6444271002,2026-07-08T12:16:55-04:00,2026-09-01T19:48:33-04:00,2026-09-04_16-24-07
8623403002,Quality Inspector (Aviation Supply Chain),"Woodinville, WA",SpaceX,Manufacturing - Quality,https://boards.greenhouse.io/spacex/jobs/8623403002?gh_jid=8623403002,6443852002,2026-07-09T16:16:27-04:00,2026-09-01T19:48:33-04:00,2026-09-04_16-24-07
8613004002,Quality Inspector (Falcon & Dragon),"Hawthorne, CA",SpaceX,Manufacturing - Quality,https://boards.greenhouse.io/spacex/jobs/8613004002?gh_jid=8613004002,6439964002,2026-06-30T12:50:35-04:00,2026-09-01T19:48:33-04:00,2026-09-04_16-24-07
8647490002,"Quality Inspector, Solar Cells (Starlink)","Bastrop, TX",SpaceX,"Manufacturing - PCB, Silicon, and Solar",https://boards.greenhouse.io/spacex/jobs/8647490002?gh_jid=8647490002,6453510002,2026-07-23T15:15:21-04:00,2026-09-01T19:48:33-04:00,2026-09-04_16-24-07
8623557002,Quality Inspector (Starlink),"Woodinville, WA",SpaceX,Manufacturing - Quality,https://boards.greenhouse.io/spacex/jobs/8623557002?gh_jid=8623557002,6443900002,2026-07-08T17:18:36-04:00,2026-09-01T19:48:33-04:00,2026-09-04_16-24-07
8445549002,Quality Inspector (Starlink Aviation) - 2nd Shift,"Woodinville, WA",SpaceX,Manufacturing - Quality,https://boards.greenhouse.io/spacex/jobs/8445549002?gh_jid=8445549002,6373740002,2026-03-04T12:25:25-05:00,2026-09-01T19:48:33-04:00,2026-09-04_16-24-07
8674498002,Quality Inspector (Starshield),"Hawthorne, CA",SpaceX,Manufacturing - Quality,https://boards.greenhouse.io/spacex/jobs/8674498002?gh_jid=8674498002,6464876002,2026-08-04T11:54:16-04:00,2026-09-01T19:48:33-04:00,2026-09-04_16-24-07
8483428002,Quality Inspector (Starship),"Westminster, MD",SpaceX,Manufacturing - Quality,https://boards.greenhouse.io/spacex/jobs/8483428002?gh_jid=8483428002,6388495002,2026-03-30T16:02:54-04:00,2026-09-01T19:48:33-04:00,2026-09-04_16-24-07
8721126002,Quality Inspector (Supply Chain),"Starbase, TX",SpaceX,Supply Chain & Logistics - Materials Management & Warehouse,https://boards.greenhouse.io/spacex/jobs/8721126002?gh_jid=8721126002,6486214002,2026-08-20T20:29:57-04:00,2026-09-01T19:48:33-04:00,2026-09-04_16-24-07
8741929002,Quality Inspector - Supply Chain Avionics,"Hawthorne, CA",SpaceX,Supply Chain & Logistics - Supply Chain Engineering,https://boards.greenhouse.io/spacex/jobs/8741929002?gh_jid=8741929002,6495813002,2026-08-24T20:10:49-04:00,2026-09-01T19:48:33-04:00,2026-09-04_16-24-07
8709658002,Quality Inspector (Valves),"Hawthorne, CA",SpaceX,Manufacturing - Quality,https://boards.greenhouse.io/spacex/jobs/8709658002?gh_jid=8709658002,6480703002,2026-08-17T14:28:28-04:00,2026-09-01T19:48:33-04:00,2026-09-04_16-24-07
8639251002,Quality Inspector (Valves) - 2nd Shift,"Hawthorne, CA",SpaceX,Manufacturing - Quality,https://boards.greenhouse.io/spacex/jobs/8639251002?gh_jid=8639251002,6450376002,2026-07-17T18:27:40-04:00,2026-09-01T19:48:33-04:00,2026-09-04_16-24-07
8611035002,"Quality Specialist, Precision Machining (Starlink)","Woodinville, WA",SpaceX,Manufacturing - Machining,https://boards.greenhouse.io/spacex/jobs/8611035002?gh_jid=8611035002,6439184002,2026-07-05T22:15:56-04:00,2026-09-01T19:48:33-04:00,2026-09-04_16-24-07
8611231002,"Quality Specialist, Precision Machining (Starlink) - Level 4/5","Woodinville, WA",SpaceX,Manufacturing - Machining,https://boards.greenhouse.io/spacex/jobs/8611231002?gh_jid=8611231002,6439269002,2026-07-05T22:16:57-04:00,2026-09-01T19:48:33-04:00,2026-09-04_16-24-07
8769707002,Quality Specialist (Starship),"Starbase, TX",SpaceX,Manufacturing - Quality,https://boards.greenhouse.io/spacex/jobs/8769707002?gh_jid=8769707002,6508670002,2026-09-02T23:32:29-04:00,2026-09-02T23:33:16-04:00,2026-09-04_16-24-07
8657271002,Quality Specialist - Weekend Shift (Starlink Supply Chain Reliability),"Bastrop, TX",SpaceX,Manufacturing - Quality,https://boards.greenhouse.io/spacex/jobs/8657271002?gh_jid=8657271002,6456994002,2026-07-30T18:43:56-04:00,2026-09-02T16:36:47-04:00,2026-09-04_16-24-07
8633640002,Quality Systems Engineer (Starlink),"Bastrop, TX",SpaceX,Engineering - Industrial & Operations,https://boards.greenhouse.io/spacex/jobs/8633640002?gh_jid=8633640002,6448173002,2026-07-16T00:39:48-04:00,2026-09-01T19:48:33-04:00,2026-09-04_16-24-07
8605049002,Radiation Effects Engineer,"Hawthorne, CA",SpaceX,Engineering - Electrical,https://boards.greenhouse.io/spacex/jobs/8605049002?gh_jid=8605049002,6436990002,2026-06-24T12:50:59-04:00,2026-09-01T19:48:33-04:00,2026-09-04_16-24-07
8675026002,RAN Validation Engineer (Starlink Mobile),"Redmond, WA",SpaceX,Engineering - Network,https://boards.greenhouse.io/spacex/jobs/8675026002?gh_jid=8675026002,6465068002,2026-08-05T17:58:08-04:00,2026-09-01T19:48:33-04:00,2026-09-04_16-24-07
8674890002,RAN Validation Engineer (Starlink Mobile),"Palo Alto, CA",SpaceX,Engineering - Network,https://boards.greenhouse.io/spacex/jobs/8674890002?gh_jid=8674890002,6465068002,2026-08-05T17:58:07-04:00,2026-09-01T19:48:33-04:00,2026-09-04_16-24-07
8654443002,Raptor Manufacturing Specialist (Maintenance),"Hawthorne, CA",SpaceX,Manufacturing - Other Manufacturing,https://boards.greenhouse.io/spacex/jobs/8654443002?gh_jid=8654443002,6456270002,2026-07-28T18:46:33-04:00,2026-09-01T19:48:33-04:00,2026-09-04_16-24-07
8570121002,RCDD / ICT Design Engineer,"Hawthorne, CA",SpaceX,Engineering - Information Technology,https://boards.greenhouse.io/spacex/jobs/8570121002?gh_jid=8570121002,6372580002,2026-05-28T21:46:24-04:00,2026-09-01T19:48:33-04:00,2026-09-04_16-24-07
8533607002,Receiving Inspector (Starlink) - Night Shift,"Bastrop, TX",SpaceX,Supply Chain & Logistics - Materials Management & Warehouse,https://boards.greenhouse.io/spacex/jobs/8533607002?gh_jid=8533607002,6408057002,2026-05-04T17:41:38-04:00,2026-09-01T19:48:33-04:00,2026-09-04_16-24-07
8657760002,Receiving Inspector (Starship),"Cape Canaveral, FL",SpaceX,Supply Chain & Logistics - Materials Management & Warehouse,https://boards.greenhouse.io/spacex/jobs/8657760002?gh_jid=8657760002,6457194002,2026-07-30T09:56:50-04:00,2026-09-01T19:48:33-04:00,2026-09-04_16-24-07
8703513002,Receiving Specialist - Multiple Shifts,"Hawthorne, CA",SpaceX,Supply Chain & Logistics - Materials Management & Warehouse,https://boards.greenhouse.io/spacex/jobs/8703513002?gh_jid=8703513002,6478048002,2026-08-13T11:23:46-04:00,2026-09-01T19:48:33-04:00,2026-09-04_16-24-07
8470827002,Receiving Specialist (Starlink) - 2nd Shift,"Woodinville, WA",SpaceX,Supply Chain & Logistics - Materials Management & Warehouse,https://boards.greenhouse.io/spacex/jobs/8470827002?gh_jid=8470827002,6383481002,2026-03-24T10:54:21-04:00,2026-09-01T19:48:33-04:00,2026-09-04_16-24-07
8657681002,Recruiting Coordinator (McGregor),"McGregor, TX",SpaceX,Corporate - Human Resources,https://boards.greenhouse.io/spacex/jobs/8657681002?gh_jid=8657681002,6457144002,2026-07-30T12:35:19-04:00,2026-09-01T19:48:33-04:00,2026-09-04_16-24-07
8650128002,Recruiting Coordinator (Starbase),"Starbase, TX",SpaceX,Corporate - Human Resources,https://boards.greenhouse.io/spacex/jobs/8650128002?gh_jid=8650128002,6454549002,2026-07-27T18:56:43-04:00,2026-09-01T19:48:33-04:00,2026-09-04_16-24-07
8569206002,Recruiting Coordinator- Temporary (Bastrop),"Bastrop, TX",SpaceX,Corporate - Human Resources,https://boards.greenhouse.io/spacex/jobs/8569206002?gh_jid=8569206002,6422719002,2026-05-28T15:19:46-04:00,2026-09-01T19:48:33-04:00,2026-09-04_16-24-07
8753556002,Recruiting Coordinator- Temporary (Hawthorne),"Hawthorne, CA",SpaceX,Corporate - Human Resources,https://boards.greenhouse.io/spacex/jobs/8753556002?gh_jid=8753556002,6501163002,2026-08-28T14:28:00-04:00,2026-09-01T19:48:33-04:00,2026-09-04_16-24-07
8706164002,"Regulatory Analyst, Product (Starlink)","Washington, DC",SpaceX,Corporate - Legal,https://boards.greenhouse.io/spacex/jobs/8706164002?gh_jid=8706164002,6469190002,2026-08-13T10:40:21-04:00,2026-09-01T19:48:33-04:00,2026-09-04_16-24-07
8652841002,"Reliability Engineer, Satellite Systems (Starshield)","Hawthorne, CA",SpaceX,Engineering - Electrical,https://boards.greenhouse.io/spacex/jobs/8652841002?gh_jid=8652841002,6455616002,2026-07-28T18:43:36-04:00,2026-09-01T19:48:33-04:00,2026-09-04_16-24-07
8473716002,Reliability Engineer (Starlink/Akoustis),"Bastrop, TX",SpaceX,Engineering - Silicon,https://boards.greenhouse.io/spacex/jobs/8473716002?gh_jid=8473716002,6384684002,2026-03-22T20:45:41-04:00,2026-09-01T19:48:33-04:00,2026-09-04_16-24-07
8553118002,Reliability Technician (Starlink Aviation),"Woodinville, WA",SpaceX,Manufacturing - Quality,https://boards.greenhouse.io/spacex/jobs/8553118002?gh_jid=8553118002,6416287002,2026-05-18T12:51:26-04:00,2026-09-01T19:48:33-04:00,2026-09-04_16-24-07
8621995002,RF Engineer (Starlink),"Bastrop, TX",SpaceX,Engineering - Electrical,https://boards.greenhouse.io/spacex/jobs/8621995002?gh_jid=8621995002,6443271002,2026-07-09T23:57:35-04:00,2026-09-01T19:48:33-04:00,2026-09-04_16-24-07
8676060002,RF Engineer (Starshield),"Hawthorne, CA",SpaceX,Engineering - Electrical,https://boards.greenhouse.io/spacex/jobs/8676060002?gh_jid=8676060002,6465599002,2026-08-06T11:54:50-04:00,2026-09-01T19:48:33-04:00,2026-09-04_16-24-07
8595129002,RF Engineer (Starship),"Hawthorne, CA",SpaceX,Engineering - Electrical,https://boards.greenhouse.io/spacex/jobs/8595129002?gh_jid=8595129002,6433152002,2026-06-16T22:57:56-04:00,2026-09-01T19:48:33-04:00,2026-09-04_16-24-07
8642909002,RFIC Design Engineer (RFIC Engineering),"Redmond, WA",SpaceX,Engineering - Silicon,https://boards.greenhouse.io/spacex/jobs/8642909002?gh_jid=8642909002,6451367002,2026-07-21T11:42:30-04:00,2026-09-01T19:48:33-04:00,2026-09-04_16-24-07
8642045002,RFIC Design Engineer (RFIC Engineering),"Irvine, CA",SpaceX,Engineering - Silicon,https://boards.greenhouse.io/spacex/jobs/8642045002?gh_jid=8642045002,6451367002,2026-07-21T11:41:42-04:00,2026-09-01T19:48:33-04:00,2026-09-04_16-24-07
8697007002,"RFIC Engineer, AI Satellites (Starmind)","Bastrop, TX",SpaceX,Engineering - Silicon,https://boards.greenhouse.io/spacex/jobs/8697007002?gh_jid=8697007002,6475103002,2026-08-11T15:31:35-04:00,2026-09-01T19:48:33-04:00,2026-09-04_16-24-07
8545923002,RFIC Engineer (Starshield Silicon),"Hawthorne, CA",SpaceX,Engineering - Silicon,https://boards.greenhouse.io/spacex/jobs/8545923002?gh_jid=8545923002,6413460002,2026-05-14T15:06:03-04:00,2026-09-01T19:48:33-04:00,2026-09-04_16-24-07
8642055002,RFIC Layout Designer (RFIC Engineering),"Palo Alto, CA",SpaceX,Engineering - Silicon,https://boards.greenhouse.io/spacex/jobs/8642055002?gh_jid=8642055002,6451369002,2026-07-21T12:28:29-04:00,2026-09-01T19:48:33-04:00,2026-09-04_16-24-07
8642052002,RFIC Layout Designer (RFIC Engineering),"Redmond, WA",SpaceX,Engineering - Silicon,https://boards.greenhouse.io/spacex/jobs/8642052002?gh_jid=8642052002,6451369002,2026-07-21T12:28:15-04:00,2026-09-01T19:48:33-04:00,2026-09-04_16-24-07
8642048002,RFIC Layout Designer (RFIC Engineering),"Irvine, CA",SpaceX,Engineering - Silicon,https://boards.greenhouse.io/spacex/jobs/8642048002?gh_jid=8642048002,6451369002,2026-07-21T12:27:59-04:00,2026-09-01T19:48:33-04:00,2026-09-04_16-24-07
8633381002,RFIC Layout Designer (Starshield Silicon),"Hawthorne, CA",SpaceX,Engineering - Silicon,https://boards.greenhouse.io/spacex/jobs/8633381002?gh_jid=8633381002,6448066002,2026-07-14T15:09:27-04:00,2026-09-01T19:48:33-04:00,2026-09-04_16-24-07
8642056002,RF/Microwave Engineer (RFIC Engineering),"Redmond, WA",SpaceX,Engineering - Silicon,https://boards.greenhouse.io/spacex/jobs/8642056002?gh_jid=8642056002,6451372002,2026-07-21T11:39:42-04:00,2026-09-01T19:48:33-04:00,2026-09-04_16-24-07
8480418002,"RF/Microwave Engineer, Satellites (Starlink)","Redmond, WA",SpaceX,Engineering - Electrical,https://boards.greenhouse.io/spacex/jobs/8480418002?gh_jid=8480418002,6387335002,2026-03-27T11:15:26-04:00,2026-09-01T19:48:33-04:00,2026-09-04_16-24-07
8624761002,RF Software Engineer (Starlink),"Bastrop, TX",SpaceX,Engineering - Software & Analytics,https://boards.greenhouse.io/spacex/jobs/8624761002?gh_jid=8624761002,6444409002,2026-07-09T23:57:51-04:00,2026-09-01T19:48:33-04:00,2026-09-04_16-24-07
8517637002,RF Software Engineer (Starshield),"Hawthorne, CA",SpaceX,Engineering - Software & Analytics,https://boards.greenhouse.io/spacex/jobs/8517637002?gh_jid=8517637002,6402428002,2026-04-22T16:34:52-04:00,2026-09-01T19:48:33-04:00,2026-09-04_16-24-07
8691059002,"RF Systems Analysis Engineer, Regulatory (Starlink)","Washington, DC",SpaceX,Engineering - Electrical,https://boards.greenhouse.io/spacex/jobs/8691059002?gh_jid=8691059002,6472502002,2026-08-07T11:31:49-04:00,2026-09-01T19:48:33-04:00,2026-09-04_16-24-07
8624152002,RF Test Engineer (Starlink/Akoustis),"Canandaigua, NY",SpaceX,Engineering - Electrical,https://boards.greenhouse.io/spacex/jobs/8624152002?gh_jid=8624152002,6444178002,2026-07-10T16:28:47-04:00,2026-09-01T19:48:33-04:00,2026-09-04_16-24-07
8484564002,RF & Wireless Compliance Engineer (Starlink),"Bastrop, TX",SpaceX,Engineering - Electrical,https://boards.greenhouse.io/spacex/jobs/8484564002?gh_jid=8484564002,6389054002,2026-03-29T12:49:30-04:00,2026-09-01T19:48:33-04:00,2026-09-04_16-24-07
8553654002,Ropes Access Technician (Starship),"Starbase, TX",SpaceX,Manufacturing - Other Manufacturing,https://boards.greenhouse.io/spacex/jobs/8553654002?gh_jid=8553654002,6416544002,2026-05-26T15:31:41-04:00,2026-09-01T19:48:33-04:00,2026-09-04_16-24-07
8466346002,RTL Design Engineer (Silicon Engineering),"Irvine, CA",SpaceX,Engineering - Silicon,https://boards.greenhouse.io/spacex/jobs/8466346002?gh_jid=8466346002,6381890002,2026-03-17T15:51:24-04:00,2026-09-01T19:48:33-04:00,2026-09-04_16-24-07
8635268002,Sales Enablement Manager (Starlink),"Hawthorne, CA",SpaceX,Corporate - Sales & Business Operations,https://boards.greenhouse.io/spacex/jobs/8635268002?gh_jid=8635268002,6448152002,2026-07-15T13:34:52-04:00,2026-09-01T19:48:33-04:00,2026-09-04_16-24-07
8657786002,Sales Enablement Specialist (Starlink),"Hawthorne, CA",SpaceX,Corporate - Sales & Business Operations,https://boards.greenhouse.io/spacex/jobs/8657786002?gh_jid=8657786002,6457179002,2026-07-29T22:04:56-04:00,2026-09-01T19:48:33-04:00,2026-09-04_16-24-07
8657734002,Sales Operations Lead (Enablement),"Hawthorne, CA",SpaceX,Corporate - Sales & Business Operations,https://boards.greenhouse.io/spacex/jobs/8657734002?gh_jid=8657734002,6457179002,2026-07-29T22:03:25-04:00,2026-09-01T19:48:33-04:00,2026-09-04_16-24-07
8633582002,Sales Operations Manager (Enablement),"Hawthorne, CA",SpaceX,Corporate - Sales & Business Operations,https://boards.greenhouse.io/spacex/jobs/8633582002?gh_jid=8633582002,6448152002,2026-07-15T13:30:43-04:00,2026-09-01T19:48:33-04:00,2026-09-04_16-24-07
8645990002,Sales Operations Manager (Starlink Channel Sales),"Hawthorne, CA",SpaceX,Corporate - Sales & Business Operations,https://boards.greenhouse.io/spacex/jobs/8645990002?gh_jid=8645990002,6452918002,2026-07-22T18:03:55-04:00,2026-09-01T19:48:33-04:00,2026-09-04_16-24-07
8646352002,Sales Operations Manager (Starlink Channel Sales),"Bastrop, TX",SpaceX,Corporate - Sales & Business Operations,https://boards.greenhouse.io/spacex/jobs/8646352002?gh_jid=8646352002,6452918002,2026-07-22T18:22:43-04:00,2026-09-01T19:48:33-04:00,2026-09-04_16-24-07
8706537002,Satellite On-Orbit Operations Software Engineer (Starlink),"Redmond, WA",SpaceX,Engineering - Electrical,https://boards.greenhouse.io/spacex/jobs/8706537002?gh_jid=8706537002,6479344002,2026-08-14T13:49:35-04:00,2026-09-01T19:48:33-04:00,2026-09-04_16-24-07
8691084002,Satellite Policy Associate (Starlink Regulatory Affairs),"Washington, DC",SpaceX,Corporate - Legal,https://boards.greenhouse.io/spacex/jobs/8691084002?gh_jid=8691084002,6472507002,2026-08-07T11:30:55-04:00,2026-09-01T19:48:33-04:00,2026-09-04_16-24-07
8691128002,Satellite Policy Manager (Starlink Mobile),"Washington, DC",SpaceX,Corporate - Government Affairs,https://boards.greenhouse.io/spacex/jobs/8691128002?gh_jid=8691128002,6472515002,2026-08-07T11:29:48-04:00,2026-09-01T19:48:33-04:00,2026-09-04_16-24-07
8691166002,Satellite Policy Manager (Starlink Mobile),"Redmond, WA",SpaceX,Corporate - Government Affairs,https://boards.greenhouse.io/spacex/jobs/8691166002?gh_jid=8691166002,6472515002,2026-08-07T11:29:49-04:00,2026-09-01T19:48:33-04:00,2026-09-04_16-24-07
8751097002,Satellite Systems Software Engineer (Starlink),"Redmond, WA",SpaceX,Engineering - Software & Analytics,https://boards.greenhouse.io/spacex/jobs/8751097002?gh_jid=8751097002,6500037002,2026-08-26T14:15:09-04:00,2026-09-01T19:48:33-04:00,2026-09-04_16-24-07
8653801002,"Screen Printing Equipment Engineer, Solar Cells (Starlink)","Bastrop, TX",SpaceX,Engineering - Aerospace & Mechanical,https://boards.greenhouse.io/spacex/jobs/8653801002?gh_jid=8653801002,6455994002,2026-07-28T13:08:28-04:00,2026-09-01T19:48:33-04:00,2026-09-04_16-24-07
8650240002,Security Analyst (Blue Team),"Hawthorne, CA",SpaceX,Engineering - Security,https://boards.greenhouse.io/spacex/jobs/8650240002?gh_jid=8650240002,6405046002,2026-07-24T21:29:21-04:00,2026-09-01T19:48:33-04:00,2026-09-04_16-24-07
8525400002,Security Analyst (Detection and Incident Response),"Hawthorne, CA",SpaceX,Engineering - Security,https://boards.greenhouse.io/spacex/jobs/8525400002?gh_jid=8525400002,6405046002,2026-04-27T19:15:39-04:00,2026-09-01T19:48:33-04:00,2026-09-04_16-24-07
8650239002,Security Analyst (SOC),"Hawthorne, CA",SpaceX,Engineering - Security,https://boards.greenhouse.io/spacex/jobs/8650239002?gh_jid=8650239002,6405046002,2026-07-24T21:29:22-04:00,2026-09-01T19:48:33-04:00,2026-09-04_16-24-07
8650241002,Security Analyst (Threat Detection),"Hawthorne, CA",SpaceX,Engineering - Security,https://boards.greenhouse.io/spacex/jobs/8650241002?gh_jid=8650241002,6405046002,2026-07-24T21:29:23-04:00,2026-09-01T19:48:33-04:00,2026-09-04_16-24-07
8753238002,Security Concierge,"Bellevue, WA",SpaceX,Operations - Physical Security,https://boards.greenhouse.io/spacex/jobs/8753238002?gh_jid=8753238002,6454434002,2026-08-26T18:57:12-04:00,2026-09-01T19:48:33-04:00,2026-09-04_16-24-07
8635665002,Security Concierge,"Austin, TX",SpaceX,Operations - Physical Security,https://boards.greenhouse.io/spacex/jobs/8635665002?gh_jid=8635665002,6436917002,2026-07-15T15:44:14-04:00,2026-09-01T19:48:33-04:00,2026-09-04_16-24-07
8567571002,Security Engineer,"Hawthorne, CA",SpaceX,Engineering - Security,https://boards.greenhouse.io/spacex/jobs/8567571002?gh_jid=8567571002,6422017002,2026-05-29T21:55:22-04:00,2026-09-01T19:48:33-04:00,2026-09-04_16-24-07
8567522002,Security Engineer,"Cape Canaveral, FL",SpaceX,Engineering - Security,https://boards.greenhouse.io/spacex/jobs/8567522002?gh_jid=8567522002,6422017002,2026-05-29T21:55:23-04:00,2026-09-01T19:48:33-04:00,2026-09-04_16-24-07
8611223002,Security Engineer (Blue Team),"Hawthorne, CA",SpaceX,Engineering - Security,https://boards.greenhouse.io/spacex/jobs/8611223002?gh_jid=8611223002,6439190002,2026-06-26T20:57:46-04:00,2026-09-01T19:48:33-04:00,2026-09-04_16-24-07
8611050002,Security Engineer (Blue Team),"Redmond, WA",SpaceX,Engineering - Security,https://boards.greenhouse.io/spacex/jobs/8611050002?gh_jid=8611050002,6439190002,2026-06-26T20:57:45-04:00,2026-09-01T19:48:33-04:00,2026-09-04_16-24-07
8650242002,Security Engineer (Detection Engineering),"Redmond, WA",SpaceX,Engineering - Security,https://boards.greenhouse.io/spacex/jobs/8650242002?gh_jid=8650242002,6439190002,2026-07-24T21:32:37-04:00,2026-09-01T19:48:33-04:00,2026-09-04_16-24-07
8593384002,Security Engineer (Embedded & Networking),"Hawthorne, CA",SpaceX,Engineering - Security,https://boards.greenhouse.io/spacex/jobs/8593384002?gh_jid=8593384002,6422017002,2026-06-15T21:37:18-04:00,2026-09-01T19:48:33-04:00,2026-09-04_16-24-07
8593385002,Security Engineer (Embedded & Networking),"Cape Canaveral, FL",SpaceX,Engineering - Security,https://boards.greenhouse.io/spacex/jobs/8593385002?gh_jid=8593385002,6422017002,2026-06-15T21:37:58-04:00,2026-09-01T19:48:33-04:00,2026-09-04_16-24-07
8593389002,Security Engineer (Embedded OT),"Cape Canaveral, FL",SpaceX,Engineering - Security,https://boards.greenhouse.io/spacex/jobs/8593389002?gh_jid=8593389002,6422017002,2026-06-15T21:47:33-04:00,2026-09-01T19:48:33-04:00,2026-09-04_16-24-07
8593388002,Security Engineer (Embedded OT),"Hawthorne, CA",SpaceX,Engineering - Security,https://boards.greenhouse.io/spacex/jobs/8593388002?gh_jid=8593388002,6422017002,2026-06-15T21:47:32-04:00,2026-09-01T19:48:33-04:00,2026-09-04_16-24-07
8600112002,Security Officer 3,"Vandenberg, CA",SpaceX,Operations - Physical Security,https://boards.greenhouse.io/spacex/jobs/8600112002?gh_jid=8600112002,6434814002,2026-06-18T20:16:07-04:00,2026-09-01T19:48:33-04:00,2026-09-04_16-24-07
8733698002,Security Officer 3,"McGregor, TX",SpaceX,Operations - Physical Security,https://boards.greenhouse.io/spacex/jobs/8733698002?gh_jid=8733698002,6491969002,2026-08-21T16:11:45-04:00,2026-09-01T19:48:33-04:00,2026-09-04_16-24-07
8600093002,Security Officer 3,"Hawthorne, CA",SpaceX,Operations - Physical Security,https://boards.greenhouse.io/spacex/jobs/8600093002?gh_jid=8600093002,6434805002,2026-06-18T20:26:16-04:00,2026-09-01T19:48:33-04:00,2026-09-04_16-24-07
8600048002,Security Officer 3,"Bastrop, TX",SpaceX,Operations - Physical Security,https://boards.greenhouse.io/spacex/jobs/8600048002?gh_jid=8600048002,6434801002,2026-06-18T20:26:33-04:00,2026-09-01T19:48:33-04:00,2026-09-04_16-24-07
8600089002,Security Officer 3,"Starbase, TX",SpaceX,Operations - Physical Security,https://boards.greenhouse.io/spacex/jobs/8600089002?gh_jid=8600089002,6434803002,2026-06-18T20:26:24-04:00,2026-09-01T19:48:33-04:00,2026-09-04_16-24-07
8632107002,Security Officer 3,"Redmond, WA",SpaceX,Operations - Physical Security,https://boards.greenhouse.io/spacex/jobs/8632107002?gh_jid=8632107002,6447527002,2026-07-13T18:17:07-04:00,2026-09-01T19:48:33-04:00,2026-09-04_16-24-07
8600107002,Security Officer 3,"Cape Canaveral, FL",SpaceX,Operations - Physical Security,https://boards.greenhouse.io/spacex/jobs/8600107002?gh_jid=8600107002,6434813002,2026-06-18T20:25:57-04:00,2026-09-01T19:48:33-04:00,2026-09-04_16-24-07
8684152002,Security Officer 3,"Austin, TX",SpaceX,Operations - Physical Security,https://boards.greenhouse.io/spacex/jobs/8684152002?gh_jid=8684152002,6469404002,2026-08-05T15:01:10-04:00,2026-09-01T19:48:33-04:00,2026-09-04_16-24-07
8649254002,Security Officer 3,"Palo Alto, CA",SpaceX,Operations - Physical Security,https://boards.greenhouse.io/spacex/jobs/8649254002?gh_jid=8649254002,6454228002,2026-07-29T12:27:21-04:00,2026-09-01T19:48:33-04:00,2026-09-04_16-24-07
8635128002,Security Officer 3,"Memphis, TN",SpaceX,Operations - Physical Security,https://boards.greenhouse.io/spacex/jobs/8635128002?gh_jid=8635128002,6448725002,2026-07-16T12:51:36-04:00,2026-09-01T19:48:33-04:00,2026-09-04_16-24-07
8783172002,Security Operator,"Starbase, TX",SpaceX,Operations - Physical Security,https://boards.greenhouse.io/spacex/jobs/8783172002?gh_jid=8783172002,6513741002,2026-09-03T21:58:32-04:00,2026-09-03T21:58:32-04:00,2026-09-04_16-24-07
8756083002,Security Operator 2,"Memphis, TN",SpaceX,Operations - Physical Security,https://boards.greenhouse.io/spacex/jobs/8756083002?gh_jid=8756083002,6502377002,2026-08-27T12:51:12-04:00,2026-09-01T19:48:33-04:00,2026-09-04_16-24-07
8649800002,Security Operator 3,"Bellevue, WA",SpaceX,Operations - Physical Security,https://boards.greenhouse.io/spacex/jobs/8649800002?gh_jid=8649800002,6454434002,2026-07-30T14:59:56-04:00,2026-09-01T19:48:33-04:00,2026-09-04_16-24-07
8604881002,Security Operator 3,"Austin, TX",SpaceX,Operations - Physical Security,https://boards.greenhouse.io/spacex/jobs/8604881002?gh_jid=8604881002,6436917002,2026-06-23T17:40:43-04:00,2026-09-01T19:48:33-04:00,2026-09-04_16-24-07
8743990002,Security Operator 3,"Memphis, TN",SpaceX,Operations - Physical Security,https://boards.greenhouse.io/spacex/jobs/8743990002?gh_jid=8743990002,6496730002,2026-08-25T16:39:56-04:00,2026-09-01T19:48:33-04:00,2026-09-04_16-24-07
8719854002,Security Software Engineer (Starlink),"Redmond, WA",SpaceX,Engineering - Security,https://boards.greenhouse.io/spacex/jobs/8719854002?gh_jid=8719854002,6485678002,2026-08-17T23:23:12-04:00,2026-09-01T19:48:33-04:00,2026-09-04_16-24-07
8719865002,Security Software Engineer (Starlink),"Bastrop, TX",SpaceX,Engineering - Security,https://boards.greenhouse.io/spacex/jobs/8719865002?gh_jid=8719865002,6485678002,2026-08-17T23:23:15-04:00,2026-09-01T19:48:33-04:00,2026-09-04_16-24-07
8719860002,Security Software Engineer (Starlink),"Hawthorne, CA",SpaceX,Engineering - Security,https://boards.greenhouse.io/spacex/jobs/8719860002?gh_jid=8719860002,6485678002,2026-08-17T23:23:15-04:00,2026-09-01T19:48:33-04:00,2026-09-04_16-24-07
8738708002,Security Software Engineer (Starshield),"Washington, DC",SpaceX,Engineering - Security,https://boards.greenhouse.io/spacex/jobs/8738708002?gh_jid=8738708002,6494244002,2026-08-21T18:28:48-04:00,2026-09-01T19:48:33-04:00,2026-09-04_16-24-07
8738670002,Security Software Engineer (Starshield),"Hawthorne, CA",SpaceX,Engineering - Security,https://boards.greenhouse.io/spacex/jobs/8738670002?gh_jid=8738670002,6494244002,2026-08-21T18:28:45-04:00,2026-09-01T19:48:33-04:00,2026-09-04_16-24-07
8564158002,Security Software Engineer - Top Secret Clearance,"Hawthorne, CA",SpaceX,Engineering - Security,https://boards.greenhouse.io/spacex/jobs/8564158002?gh_jid=8564158002,6420828002,2026-05-26T19:42:51-04:00,2026-09-01T19:48:33-04:00,2026-09-04_16-24-07
8756754002,Security UAS Specialist,"Memphis, TN",SpaceX,Operations - Physical Security,https://boards.greenhouse.io/spacex/jobs/8756754002?gh_jid=8756754002,6502671002,2026-08-27T19:50:54-04:00,2026-09-01T19:48:33-04:00,2026-09-04_16-24-07
8593075002,"Senior Manufacturing Engineer, Injection Molding (Starlink)","Bastrop, TX",SpaceX,Engineering - Aerospace & Mechanical,https://boards.greenhouse.io/spacex/jobs/8593075002?gh_jid=8593075002,6432196002,2026-06-16T16:42:47-04:00,2026-09-01T19:48:33-04:00,2026-09-04_16-24-07
8586526002,"Senior Manufacturing Engineer, PCBA (Starlink)","Bastrop, TX",SpaceX,Engineering - Electrical,https://boards.greenhouse.io/spacex/jobs/8586526002?gh_jid=8586526002,6429571002,2026-06-10T15:48:29-04:00,2026-09-01T19:48:33-04:00,2026-09-04_16-24-07
8766144002,Senior Proposal Specialist,"Hawthorne, CA",SpaceX,Corporate - Government Affairs,https://boards.greenhouse.io/spacex/jobs/8766144002?gh_jid=8766144002,6507016002,2026-09-01T09:17:00-04:00,2026-09-01T19:48:33-04:00,2026-09-04_16-24-07
8575407002,Sheet Metal Technician (Starlink),"Redmond, WA",SpaceX,Manufacturing - Assembly & Integration,https://boards.greenhouse.io/spacex/jobs/8575407002?gh_jid=8575407002,6425234002,2026-06-02T18:19:26-04:00,2026-09-01T19:48:33-04:00,2026-09-04_16-24-07
8673635002,Sheet Metal Technician (Starship),"Starbase, TX",SpaceX,Manufacturing - Machining,https://boards.greenhouse.io/spacex/jobs/8673635002?gh_jid=8673635002,6464453002,2026-08-03T15:50:03-04:00,2026-09-01T19:48:33-04:00,2026-09-04_16-24-07
8540405002,Shipping Specialist,"Woodinville, WA",SpaceX,Corporate - Sales & Business Operations,https://boards.greenhouse.io/spacex/jobs/8540405002?gh_jid=8540405002,6410872002,2026-05-12T18:05:25-04:00,2026-09-01T19:48:33-04:00,2026-09-04_16-24-07
8675334002,Shuttle Driver (Starlink),"Redmond, WA",SpaceX,Other - Other,https://boards.greenhouse.io/spacex/jobs/8675334002?gh_jid=8675334002,6465246002,2026-08-11T16:24:26-04:00,2026-09-01T19:48:33-04:00,2026-09-04_16-24-07
8675331002,Shuttle Driver (Starlink),"Woodinville, WA",SpaceX,Other - Other,https://boards.greenhouse.io/spacex/jobs/8675331002?gh_jid=8675331002,6465246002,2026-08-11T16:24:14-04:00,2026-09-01T19:48:33-04:00,2026-09-04_16-24-07
8698729002,"Signal Integrity Engineer - Serdes, Satellites (Starlink)","Redmond, WA",SpaceX,Engineering - Electrical,https://boards.greenhouse.io/spacex/jobs/8698729002?gh_jid=8698729002,6475927002,2026-08-12T12:20:21-04:00,2026-09-01T19:48:33-04:00,2026-09-04_16-24-07
8698740002,"Signal Integrity Engineer - Serdes, Satellites (Starlink)","Palo Alto, CA",SpaceX,Engineering - Electrical,https://boards.greenhouse.io/spacex/jobs/8698740002?gh_jid=8698740002,6475933002,2026-08-12T12:21:16-04:00,2026-09-01T19:48:33-04:00,2026-09-04_16-24-07
8609256002,"Silicon Packaging Technician, Silicon Assembly (Starlink)","Bastrop, TX",SpaceX,"Manufacturing - PCB, Silicon, and Solar",https://boards.greenhouse.io/spacex/jobs/8609256002?gh_jid=8609256002,6438489002,2026-07-07T13:47:31-04:00,2026-09-01T19:48:33-04:00,2026-09-04_16-24-07
8642064002,Silicon Photonics Design Engineer (RFIC Engineering),"Redmond, WA",SpaceX,Engineering - Silicon,https://boards.greenhouse.io/spacex/jobs/8642064002?gh_jid=8642064002,6451376002,2026-07-21T12:25:04-04:00,2026-09-01T19:48:33-04:00,2026-09-04_16-24-07
8488034002,Simulation Software Engineer (Application Software),"Hawthorne, CA",SpaceX,Engineering - Software & Analytics,https://boards.greenhouse.io/spacex/jobs/8488034002?gh_jid=8488034002,6390259002,2026-03-31T16:53:44-04:00,2026-09-01T19:48:33-04:00,2026-09-04_16-24-07
8646146002,Site Reliability Engineer (Application Software),"Hawthorne, CA",SpaceX,Engineering - Software & Analytics,https://boards.greenhouse.io/spacex/jobs/8646146002?gh_jid=8646146002,6452962002,2026-07-23T10:18:46-04:00,2026-09-01T19:48:33-04:00,2026-09-04_16-24-07
8527730002,"Site Reliability Engineer, GNC","Hawthorne, CA",SpaceX,Engineering - Software & Analytics,https://boards.greenhouse.io/spacex/jobs/8527730002?gh_jid=8527730002,6406053002,2026-04-29T01:08:43-04:00,2026-09-01T19:48:33-04:00,2026-09-04_16-24-07
8614963002,Site Reliability Engineer — HPC & Automation (Silicon Engineering),"Redmond, WA",SpaceX,Engineering - Silicon,https://boards.greenhouse.io/spacex/jobs/8614963002?gh_jid=8614963002,6440702002,2026-07-01T13:04:20-04:00,2026-09-01T19:48:33-04:00,2026-09-04_16-24-07
8597455002,"Site Reliability Engineer, Kubernetes Platform (Starshield)","Hawthorne, CA",SpaceX,Engineering - Software & Analytics,https://boards.greenhouse.io/spacex/jobs/8597455002?gh_jid=8597455002,6433781002,2026-06-17T17:28:38-04:00,2026-09-01T19:48:33-04:00,2026-09-04_16-24-07
8597472002,"Site Reliability Engineer, Kubernetes Platform (Starshield)","Redmond, WA",SpaceX,Engineering - Software & Analytics,https://boards.greenhouse.io/spacex/jobs/8597472002?gh_jid=8597472002,6433781002,2026-06-17T17:28:40-04:00,2026-09-01T19:48:33-04:00,2026-09-04_16-24-07
8776746002,Site Reliability Engineer (Manufacturing Infrastructure),"Bastrop, TX",SpaceX,Engineering - Software & Analytics,https://boards.greenhouse.io/spacex/jobs/8776746002?gh_jid=8776746002,6510908002,2026-09-02T20:25:10-04:00,2026-09-02T20:25:10-04:00,2026-09-04_16-24-07
8633999002,Site Reliability Engineer (Raptor),"Hawthorne, CA",SpaceX,Engineering - Software & Analytics,https://boards.greenhouse.io/spacex/jobs/8633999002?gh_jid=8633999002,6448310002,2026-07-14T23:31:28-04:00,2026-09-01T19:48:33-04:00,2026-09-04_16-24-07
8362795002,Site Reliability Engineer - Top Secret Clearance,"Hawthorne, CA",SpaceX,Engineering - Software & Analytics,https://boards.greenhouse.io/spacex/jobs/8362795002?gh_jid=8362795002,6339002002,2026-01-09T20:01:26-05:00,2026-09-01T19:48:33-04:00,2026-09-04_16-24-07
8601223002,Site Reliability Engineer (Top Secret Clearance),"Hawthorne, CA",SpaceX,Engineering - Information Technology,https://boards.greenhouse.io/spacex/jobs/8601223002?gh_jid=8601223002,6435297002,2026-06-19T16:34:09-04:00,2026-09-01T19:48:33-04:00,2026-09-04_16-24-07
8558345002,SMT Process Engineer,"Bastrop, TX",SpaceX,Engineering - Electrical,https://boards.greenhouse.io/spacex/jobs/8558345002?gh_jid=8558345002,6397837002,2026-05-20T13:06:10-04:00,2026-09-01T19:48:33-04:00,2026-09-04_16-24-07
8557504002,SMT Process Specialist (Starlink),"Bastrop, TX",SpaceX,Manufacturing - Other Manufacturing,https://boards.greenhouse.io/spacex/jobs/8557504002?gh_jid=8557504002,6397825002,2026-05-19T18:55:32-04:00,2026-09-01T19:48:33-04:00,2026-09-04_16-24-07
8603598002,SMT Rework Technician - PCBA,"Redmond, WA",SpaceX,Manufacturing - Electronics,https://boards.greenhouse.io/spacex/jobs/8603598002?gh_jid=8603598002,6436352002,2026-06-25T13:32:19-04:00,2026-09-01T19:48:33-04:00,2026-09-04_16-24-07
8558875002,SMT Specialist - 2nd Shift,"Redmond, WA",SpaceX,"Manufacturing - PCB, Silicon, and Solar",https://boards.greenhouse.io/spacex/jobs/8558875002?gh_jid=8558875002,6418774002,2026-05-21T13:29:55-04:00,2026-09-01T19:48:33-04:00,2026-09-04_16-24-07
8675233002,Software Development Test Engineer (Starlink),"Bastrop, TX",SpaceX,Engineering - Software & Analytics,https://boards.greenhouse.io/spacex/jobs/8675233002?gh_jid=8675233002,6465206002,2026-08-05T11:45:13-04:00,2026-09-01T19:48:33-04:00,2026-09-04_16-24-07
8756081002,Software Engineer,"Bastrop, TX",SpaceX,Engineering - Software & Analytics,https://boards.greenhouse.io/spacex/jobs/8756081002?gh_jid=8756081002,6392881002,2026-08-27T12:27:17-04:00,2026-09-01T19:48:33-04:00,2026-09-04_16-24-07
8563110002,Software Engineer,"McGregor, TX",SpaceX,Engineering - Software & Analytics,https://boards.greenhouse.io/spacex/jobs/8563110002?gh_jid=8563110002,6420286002,2026-05-29T14:01:26-04:00,2026-09-01T19:48:33-04:00,2026-09-04_16-24-07
8726545002,Software Engineer,"Starbase, TX",SpaceX,Engineering - Software & Analytics,https://boards.greenhouse.io/spacex/jobs/8726545002?gh_jid=8726545002,6439218002,2026-08-18T12:42:29-04:00,2026-09-01T19:48:33-04:00,2026-09-04_16-24-07
8763487002,Software Engineer,"Cape Canaveral, FL",SpaceX,Engineering - Software & Analytics,https://boards.greenhouse.io/spacex/jobs/8763487002?gh_jid=8763487002,6452071002,2026-08-30T01:53:50-04:00,2026-09-01T19:48:33-04:00,2026-09-04_16-24-07
8676015002,"Software Engineer, AI Satellites (Starmind)","Bastrop, TX",SpaceX,Engineering - Software & Analytics,https://boards.greenhouse.io/spacex/jobs/8676015002?gh_jid=8676015002,6465575002,2026-08-04T12:06:43-04:00,2026-09-01T19:48:33-04:00,2026-09-04_16-24-07
8731256002,Software Engineer (Application Software),"Hawthorne, CA",SpaceX,Engineering - Software & Analytics,https://boards.greenhouse.io/spacex/jobs/8731256002?gh_jid=8731256002,6465522002,2026-08-19T16:50:00-04:00,2026-09-01T19:48:33-04:00,2026-09-04_16-24-07
8763491002,Software Engineer (Application Software),"Memphis, TN",SpaceX,Engineering - Software & Analytics,https://boards.greenhouse.io/spacex/jobs/8763491002?gh_jid=8763491002,6439255002,2026-08-30T02:16:11-04:00,2026-09-01T19:48:33-04:00,2026-09-04_16-24-07
8637712002,"Software Engineer, Applied AI (Starlink)","Redmond, WA",SpaceX,Engineering - Software & Analytics,https://boards.greenhouse.io/spacex/jobs/8637712002?gh_jid=8637712002,6422968002,2026-07-19T02:31:00-04:00,2026-09-01T19:48:33-04:00,2026-09-04_16-24-07
8672397002,"Software Engineer, Backend (C/C++)","Hawthorne, CA",SpaceX,Engineering - Software & Analytics,https://boards.greenhouse.io/spacex/jobs/8672397002?gh_jid=8672397002,6429090002,2026-08-03T12:40:32-04:00,2026-09-01T19:48:33-04:00,2026-09-04_16-24-07
8578929002,"Software Engineer, Beam Planning (Starlink)","Redmond, WA",SpaceX,Engineering - Software & Analytics,https://boards.greenhouse.io/spacex/jobs/8578929002?gh_jid=8578929002,6426603002,2026-06-09T17:04:25-04:00,2026-09-01T19:48:33-04:00,2026-09-04_16-24-07
8578907002,"Software Engineer, Beam Planning (Starlink)","Palo Alto, CA",SpaceX,Engineering - Software & Analytics,https://boards.greenhouse.io/spacex/jobs/8578907002?gh_jid=8578907002,6426603002,2026-06-09T17:04:24-04:00,2026-09-01T19:48:33-04:00,2026-09-04_16-24-07
8656579002,"Software Engineer, CDN (Starlink)","Palo Alto, CA",SpaceX,Engineering - Software & Analytics,https://boards.greenhouse.io/spacex/jobs/8656579002?gh_jid=8656579002,6447548002,2026-07-29T12:46:32-04:00,2026-09-01T19:48:33-04:00,2026-09-04_16-24-07
8756159002,"Software Engineer, CDN (Starlink)","Hawthorne, CA",SpaceX,Engineering - Software & Analytics,https://boards.greenhouse.io/spacex/jobs/8756159002?gh_jid=8756159002,6447548002,2026-08-27T12:37:07-04:00,2026-09-01T19:48:33-04:00,2026-09-04_16-24-07
8632172002,"Software Engineer, CDN (Starlink)","Redmond, WA",SpaceX,Engineering - Software & Analytics,https://boards.greenhouse.io/spacex/jobs/8632172002?gh_jid=8632172002,6447548002,2026-07-29T12:45:00-04:00,2026-09-01T19:48:33-04:00,2026-09-04_16-24-07
8601802002,"Software Engineer, C++ (Dragon)","Hawthorne, CA",SpaceX,Engineering - Software & Analytics,https://boards.greenhouse.io/spacex/jobs/8601802002?gh_jid=8601802002,6435542002,2026-06-21T13:43:00-04:00,2026-09-01T19:48:33-04:00,2026-09-04_16-24-07
8749208002,"Software Engineer, Collision Avoidance (Starshield)","Hawthorne, CA",SpaceX,Engineering - Software & Analytics,https://boards.greenhouse.io/spacex/jobs/8749208002?gh_jid=8749208002,6499235002,2026-08-31T01:13:53-04:00,2026-09-01T19:48:33-04:00,2026-09-04_16-24-07
8557032002,Software Engineer (Components),"Hawthorne, CA",SpaceX,Engineering - Software & Analytics,https://boards.greenhouse.io/spacex/jobs/8557032002?gh_jid=8557032002,6417984002,2026-05-19T16:55:30-04:00,2026-09-01T19:48:33-04:00,2026-09-04_16-24-07
8625617002,"Software Engineer, Components (Starshield)","Hawthorne, CA",SpaceX,Engineering - Software & Analytics,https://boards.greenhouse.io/spacex/jobs/8625617002?gh_jid=8625617002,6444875002,2026-07-09T12:08:34-04:00,2026-09-01T19:48:33-04:00,2026-09-04_16-24-07
8625615002,"Software Engineer, Components Test (Starshield)","Hawthorne, CA",SpaceX,Engineering - Software & Analytics,https://boards.greenhouse.io/spacex/jobs/8625615002?gh_jid=8625615002,6444875002,2026-07-09T12:08:34-04:00,2026-09-01T19:48:33-04:00,2026-09-04_16-24-07
8533859002,"Software Engineer, Continuous Integration (Starship)","Starbase, TX",SpaceX,Engineering - Software & Analytics,https://boards.greenhouse.io/spacex/jobs/8533859002?gh_jid=8533859002,6408165002,2026-05-01T22:49:48-04:00,2026-09-01T19:48:33-04:00,2026-09-04_16-24-07
8533853002,"Software Engineer, Continuous Integration (Starship)","Hawthorne, CA",SpaceX,Engineering - Software & Analytics,https://boards.greenhouse.io/spacex/jobs/8533853002?gh_jid=8533853002,6408165002,2026-05-01T22:49:47-04:00,2026-09-01T19:48:33-04:00,2026-09-04_16-24-07
8598038002,"Software Engineer, C++ (Raptor)","Hawthorne, CA",SpaceX,Engineering - Software & Analytics,https://boards.greenhouse.io/spacex/jobs/8598038002?gh_jid=8598038002,6434008002,2026-06-17T20:29:33-04:00,2026-09-01T19:48:33-04:00,2026-09-04_16-24-07
8603609002,"Software Engineer, C++ (Simulations)","Hawthorne, CA",SpaceX,Engineering - Software & Analytics,https://boards.greenhouse.io/spacex/jobs/8603609002?gh_jid=8603609002,6390259002,2026-06-22T19:33:53-04:00,2026-09-01T19:48:33-04:00,2026-09-04_16-24-07
8682197002,"Software Engineer, C++ Simulations (Starlink)","Redmond, WA",SpaceX,Engineering - Software & Analytics,https://boards.greenhouse.io/spacex/jobs/8682197002?gh_jid=8682197002,6468603002,2026-08-05T18:07:18-04:00,2026-09-01T19:48:33-04:00,2026-09-04_16-24-07
8477124002,"Software Engineer, C++ (Starlink)","Redmond, WA",SpaceX,Engineering - Software & Analytics,https://boards.greenhouse.io/spacex/jobs/8477124002?gh_jid=8477124002,6386081002,2026-03-25T15:07:20-04:00,2026-09-01T19:48:33-04:00,2026-09-04_16-24-07
8451960002,"Software Engineer, C++ (Starlink)","Sunnyvale, CA",SpaceX,Engineering - Software & Analytics,https://boards.greenhouse.io/spacex/jobs/8451960002?gh_jid=8451960002,6376132002,2026-03-11T20:01:56-04:00,2026-09-01T19:48:33-04:00,2026-09-04_16-24-07
8631217002,"Software Engineer, Data (Starlink)","Hawthorne, CA",SpaceX,Engineering - Software & Analytics,https://boards.greenhouse.io/spacex/jobs/8631217002?gh_jid=8631217002,6447191002,2026-07-29T12:18:34-04:00,2026-09-01T19:48:33-04:00,2026-09-04_16-24-07
8640537002,"Software Engineer, Data - Top Secret Clearance (Starlink)","Hawthorne, CA",SpaceX,Engineering - Software & Analytics,https://boards.greenhouse.io/spacex/jobs/8640537002?gh_jid=8640537002,6450962002,2026-07-30T10:07:49-04:00,2026-09-01T19:48:33-04:00,2026-09-04_16-24-07
8637713002,"Software Engineer, Design Engineering (Starlink)","Redmond, WA",SpaceX,Engineering - Software & Analytics,https://boards.greenhouse.io/spacex/jobs/8637713002?gh_jid=8637713002,6422968002,2026-07-19T02:31:02-04:00,2026-09-01T19:48:33-04:00,2026-09-04_16-24-07
8466905002,"Software Engineer, Design Software (Starship)","Hawthorne, CA",SpaceX,Engineering - Software & Analytics,https://boards.greenhouse.io/spacex/jobs/8466905002?gh_jid=8466905002,6382097002,2026-03-18T14:03:49-04:00,2026-09-01T19:48:33-04:00,2026-09-04_16-24-07
8466837002,"Software Engineer, Design Software (Starship)","Starbase, TX",SpaceX,Engineering - Software & Analytics,https://boards.greenhouse.io/spacex/jobs/8466837002?gh_jid=8466837002,6382066002,2026-03-18T14:03:42-04:00,2026-09-01T19:48:33-04:00,2026-09-04_16-24-07
8532395002,"Software Engineer, Development Test (Starlink)","Redmond, WA",SpaceX,Engineering - Electrical,https://boards.greenhouse.io/spacex/jobs/8532395002?gh_jid=8532395002,6407536002,2026-04-30T17:46:53-04:00,2026-09-01T19:48:33-04:00,2026-09-04_16-24-07
8573204002,"Software Engineer, DevOps (Starlink)","Redmond, WA",SpaceX,Engineering - Software & Analytics,https://boards.greenhouse.io/spacex/jobs/8573204002?gh_jid=8573204002,6424273002,2026-06-03T18:25:23-04:00,2026-09-01T19:48:33-04:00,2026-09-04_16-24-07
8752598002,"Software Engineer, Embedded Software (Starlink)","Redmond, WA",SpaceX,Engineering - Software & Analytics,https://boards.greenhouse.io/spacex/jobs/8752598002?gh_jid=8752598002,6500686002,2026-08-26T18:35:05-04:00,2026-09-01T19:48:33-04:00,2026-09-04_16-24-07
8436708002,"Software Engineer, Embedded Software (Starshield)","Hawthorne, CA",SpaceX,Engineering - Software & Analytics,https://boards.greenhouse.io/spacex/jobs/8436708002?gh_jid=8436708002,6370054002,2026-03-11T21:32:49-04:00,2026-09-01T19:48:33-04:00,2026-09-04_16-24-07
8559054002,"Software Engineer, Engineering Simulation & Automation (Vehicle Engineering)","Hawthorne, CA",SpaceX,Engineering - Software & Analytics,https://boards.greenhouse.io/spacex/jobs/8559054002?gh_jid=8559054002,6418865002,2026-05-20T20:30:46-04:00,2026-09-01T19:48:33-04:00,2026-09-04_16-24-07
8783284002,Software Engineer (Flight Reliability),"Starbase, TX",SpaceX,Engineering - Software & Analytics,https://boards.greenhouse.io/spacex/jobs/8783284002?gh_jid=8783284002,6513760002,2026-09-03T19:30:11-04:00,2026-09-03T19:30:20-04:00,2026-09-04_16-24-07
8783281002,Software Engineer (Flight Reliability),"Redmond, WA",SpaceX,Engineering - Software & Analytics,https://boards.greenhouse.io/spacex/jobs/8783281002?gh_jid=8783281002,6513760002,2026-09-03T19:30:09-04:00,2026-09-03T19:30:20-04:00,2026-09-04_16-24-07
8783243002,Software Engineer (Flight Reliability),"Hawthorne, CA",SpaceX,Engineering - Software & Analytics,https://boards.greenhouse.io/spacex/jobs/8783243002?gh_jid=8783243002,6513760002,2026-09-03T19:30:07-04:00,2026-09-03T19:30:20-04:00,2026-09-04_16-24-07
8512876002,Software Engineer (Flight Reliability),"Hawthorne, CA",SpaceX,Engineering - Software & Analytics,https://boards.greenhouse.io/spacex/jobs/8512876002?gh_jid=8512876002,6400475002,2026-04-21T15:58:27-04:00,2026-09-01T19:48:33-04:00,2026-09-04_16-24-07
8593183002,"Software Engineer, Flight Software C++ (Starshield)","Hawthorne, CA",SpaceX,Engineering - Software & Analytics,https://boards.greenhouse.io/spacex/jobs/8593183002?gh_jid=8593183002,6432247002,2026-06-15T20:03:24-04:00,2026-09-01T19:48:33-04:00,2026-09-04_16-24-07
8752581002,"Software Engineer, Flight Software (Starlink)","Redmond, WA",SpaceX,Engineering - Software & Analytics,https://boards.greenhouse.io/spacex/jobs/8752581002?gh_jid=8752581002,6500686002,2026-08-26T18:35:07-04:00,2026-09-01T19:48:33-04:00,2026-09-04_16-24-07
8562284002,"Software Engineer, Flight Software (Starship)","Starbase, TX",SpaceX,Engineering - Software & Analytics,https://boards.greenhouse.io/spacex/jobs/8562284002?gh_jid=8562284002,6419945002,2026-05-22T16:02:50-04:00,2026-09-01T19:48:33-04:00,2026-09-04_16-24-07
8562450002,"Software Engineer, Flight Software (Starship)","Hawthorne, CA",SpaceX,Engineering - Software & Analytics,https://boards.greenhouse.io/spacex/jobs/8562450002?gh_jid=8562450002,6420014002,2026-05-22T16:36:10-04:00,2026-09-01T19:48:33-04:00,2026-09-04_16-24-07
8565155002,"Software Engineer, Hardware Test & Automation (Starlink)","Redmond, WA",SpaceX,Engineering - Software & Analytics,https://boards.greenhouse.io/spacex/jobs/8565155002?gh_jid=8565155002,6421227002,2026-05-27T15:03:51-04:00,2026-09-01T19:48:33-04:00,2026-09-04_16-24-07
8574243002,"Software Engineer, Hardware Test & Automation (Starshield)","Hawthorne, CA",SpaceX,Engineering - Software & Analytics,https://boards.greenhouse.io/spacex/jobs/8574243002?gh_jid=8574243002,6424701002,2026-06-01T19:51:06-04:00,2026-09-01T19:48:33-04:00,2026-09-04_16-24-07
8621463002,"Software Engineer, High Performance Computing","Hawthorne, CA",SpaceX,Engineering - Software & Analytics,https://boards.greenhouse.io/spacex/jobs/8621463002?gh_jid=8621463002,6443041002,2026-07-06T17:24:21-04:00,2026-09-01T19:48:33-04:00,2026-09-04_16-24-07
8578931002,"Software Engineer, High Performance Computing (Starlink)","Redmond, WA",SpaceX,Engineering - Software & Analytics,https://boards.greenhouse.io/spacex/jobs/8578931002?gh_jid=8578931002,6426603002,2026-06-09T17:04:27-04:00,2026-09-01T19:48:33-04:00,2026-09-04_16-24-07
8578909002,"Software Engineer, High Performance Computing (Starlink)","Palo Alto, CA",SpaceX,Engineering - Software & Analytics,https://boards.greenhouse.io/spacex/jobs/8578909002?gh_jid=8578909002,6426603002,2026-06-09T17:04:26-04:00,2026-09-01T19:48:33-04:00,2026-09-04_16-24-07
8749210002,"Software Engineer, HITL - Top Secret Clearance","Hawthorne, CA",SpaceX,Engineering - Software & Analytics,https://boards.greenhouse.io/spacex/jobs/8749210002?gh_jid=8749210002,6499236002,2026-08-31T01:13:30-04:00,2026-09-01T19:48:33-04:00,2026-09-04_16-24-07
8717350002,"Software Engineer, Inference (AI Data Engineering)","Palo Alto, CA",SpaceX,Engineering - Software & Analytics,https://boards.greenhouse.io/spacex/jobs/8717350002?gh_jid=8717350002,6484397002,2026-08-19T11:41:33-04:00,2026-09-01T19:48:33-04:00,2026-09-04_16-24-07
8578923002,"Software Engineer, Low Latency Computing (Starlink)","Redmond, WA",SpaceX,Engineering - Software & Analytics,https://boards.greenhouse.io/spacex/jobs/8578923002?gh_jid=8578923002,6426603002,2026-06-09T17:04:29-04:00,2026-09-01T19:48:33-04:00,2026-09-04_16-24-07
8578910002,"Software Engineer, Low Latency Computing (Starlink)","Palo Alto, CA",SpaceX,Engineering - Software & Analytics,https://boards.greenhouse.io/spacex/jobs/8578910002?gh_jid=8578910002,6426603002,2026-06-09T17:04:28-04:00,2026-09-01T19:48:33-04:00,2026-09-04_16-24-07
8637756002,"Software Engineer, Mobile Apps (Starlink)","Redmond, WA",SpaceX,Engineering - Software & Analytics,https://boards.greenhouse.io/spacex/jobs/8637756002?gh_jid=8637756002,6422968002,2026-07-19T02:31:02-04:00,2026-09-01T19:48:33-04:00,2026-09-04_16-24-07
8577262002,"Software Engineer, Network Observability (Starlink)","Hawthorne, CA",SpaceX,Engineering - Software & Analytics,https://boards.greenhouse.io/spacex/jobs/8577262002?gh_jid=8577262002,6425971002,2026-06-08T15:44:17-04:00,2026-09-01T19:48:33-04:00,2026-09-04_16-24-07
8632322002,"Software Engineer, Platform / Infrastructure (Starlink)","Palo Alto, CA",SpaceX,Engineering - Software & Analytics,https://boards.greenhouse.io/spacex/jobs/8632322002?gh_jid=8632322002,6447604002,2026-07-17T13:44:23-04:00,2026-09-01T19:48:33-04:00,2026-09-04_16-24-07
8495882002,Software Engineer (Platform Team),"Hawthorne, CA",SpaceX,Engineering - Software & Analytics,https://boards.greenhouse.io/spacex/jobs/8495882002?gh_jid=8495882002,6393569002,2026-04-06T21:28:38-04:00,2026-09-01T19:48:33-04:00,2026-09-04_16-24-07
8560537002,Software Engineer (Platform Team),"Starbase, TX",SpaceX,Engineering - Software & Analytics,https://boards.greenhouse.io/spacex/jobs/8560537002?gh_jid=8560537002,6393569002,2026-05-21T13:11:18-04:00,2026-09-01T19:48:33-04:00,2026-09-04_16-24-07
8558859002,Software Engineer (Platform Team),"Palo Alto, CA",SpaceX,Engineering - Software & Analytics,https://boards.greenhouse.io/spacex/jobs/8558859002?gh_jid=8558859002,6393569002,2026-05-20T17:20:06-04:00,2026-09-01T19:48:33-04:00,2026-09-04_16-24-07
8558858002,Software Engineer (Platform Team),"Sunnyvale, CA",SpaceX,Engineering - Software & Analytics,https://boards.greenhouse.io/spacex/jobs/8558858002?gh_jid=8558858002,6393569002,2026-05-20T17:20:05-04:00,2026-09-01T19:48:33-04:00,2026-09-04_16-24-07
8558857002,Software Engineer (Platform Team),"Redmond, WA",SpaceX,Engineering - Software & Analytics,https://boards.greenhouse.io/spacex/jobs/8558857002?gh_jid=8558857002,6393569002,2026-05-20T17:20:04-04:00,2026-09-01T19:48:33-04:00,2026-09-04_16-24-07
8560546002,Software Engineer (Platform Team),"Bastrop, TX",SpaceX,Engineering - Software & Analytics,https://boards.greenhouse.io/spacex/jobs/8560546002?gh_jid=8560546002,6393569002,2026-05-21T13:11:19-04:00,2026-09-01T19:48:33-04:00,2026-09-04_16-24-07
8647459002,"Software Engineer, Power Optimization (Starlink)","Redmond, WA",SpaceX,Engineering - Software & Analytics,https://boards.greenhouse.io/spacex/jobs/8647459002?gh_jid=8647459002,6453498002,2026-07-28T11:58:05-04:00,2026-09-01T19:48:33-04:00,2026-09-04_16-24-07
8621621002,"Software Engineer, Product Development (Starshield)","Hawthorne, CA",SpaceX,Engineering - Software & Analytics,https://boards.greenhouse.io/spacex/jobs/8621621002?gh_jid=8621621002,6443103002,2026-07-06T18:40:35-04:00,2026-09-01T19:48:33-04:00,2026-09-04_16-24-07
8436728002,"Software Engineer, Product Development (Starshield)","Hawthorne, CA",SpaceX,Engineering - Software & Analytics,https://boards.greenhouse.io/spacex/jobs/8436728002?gh_jid=8436728002,6370065002,2026-02-26T17:21:15-05:00,2026-09-01T19:48:33-04:00,2026-09-04_16-24-07
8581299002,"Software Engineer, Propulsion Simulation & Data Analysis","Hawthorne, CA",SpaceX,Engineering - Aerospace & Mechanical,https://boards.greenhouse.io/spacex/jobs/8581299002?gh_jid=8581299002,6427542002,2026-06-05T20:11:04-04:00,2026-09-01T19:48:33-04:00,2026-09-04_16-24-07
8621508002,"Software Engineer, Satellite Systems (Starshield)","Hawthorne, CA",SpaceX,Engineering - Software & Analytics,https://boards.greenhouse.io/spacex/jobs/8621508002?gh_jid=8621508002,6443058002,2026-07-13T17:48:23-04:00,2026-09-01T19:48:33-04:00,2026-09-04_16-24-07
8695142002,"Software Engineer, Simulation","Hawthorne, CA",SpaceX,Engineering - Software & Analytics,https://boards.greenhouse.io/spacex/jobs/8695142002?gh_jid=8695142002,6474229002,2026-08-14T19:26:06-04:00,2026-09-01T19:48:33-04:00,2026-09-04_16-24-07
8735368002,Software Engineer - Simulation & Flight Systems,"Hawthorne, CA",SpaceX,Engineering - Software & Analytics,https://boards.greenhouse.io/spacex/jobs/8735368002?gh_jid=8735368002,6492680002,2026-08-20T21:07:25-04:00,2026-09-01T19:48:33-04:00,2026-09-04_16-24-07
8487534002,"Software Engineer, Simulations (Application Software)","Hawthorne, CA",SpaceX,Engineering - Software & Analytics,https://boards.greenhouse.io/spacex/jobs/8487534002?gh_jid=8487534002,6390259002,2026-03-31T16:52:59-04:00,2026-09-01T19:48:33-04:00,2026-09-04_16-24-07
8647095002,"Software Engineer, Site Reliability Engineering (Application Software)","Hawthorne, CA",SpaceX,Engineering - Software & Analytics,https://boards.greenhouse.io/spacex/jobs/8647095002?gh_jid=8647095002,6452962002,2026-07-23T10:20:25-04:00,2026-09-01T19:48:33-04:00,2026-09-04_16-24-07
8568970002,Software Engineer (Special Projects) - Top Secret Clearance,"Hawthorne, CA",SpaceX,Engineering - Software & Analytics,https://boards.greenhouse.io/spacex/jobs/8568970002?gh_jid=8568970002,6422615002,2026-05-28T13:26:08-04:00,2026-09-01T19:48:33-04:00,2026-09-04_16-24-07
8642274002,Software Engineer (Starfall),"Hawthorne, CA",SpaceX,Engineering - Software & Analytics,https://boards.greenhouse.io/spacex/jobs/8642274002?gh_jid=8642274002,6451466002,2026-07-20T23:15:13-04:00,2026-09-01T19:48:33-04:00,2026-09-04_16-24-07
8525359002,Software Engineer (Starlink),"Redmond, WA",SpaceX,Engineering - Software & Analytics,https://boards.greenhouse.io/spacex/jobs/8525359002?gh_jid=8525359002,6405028002,2026-04-28T20:06:27-04:00,2026-09-01T19:48:33-04:00,2026-09-04_16-24-07
8584271002,Software Engineer (Starlink),"Redmond, WA",SpaceX,Engineering - Software & Analytics,https://boards.greenhouse.io/spacex/jobs/8584271002?gh_jid=8584271002,6428758002,2026-06-18T17:26:13-04:00,2026-09-01T19:48:33-04:00,2026-09-04_16-24-07
8706510002,Software Engineer (Starlink),"Hawthorne, CA",SpaceX,Engineering - Software & Analytics,https://boards.greenhouse.io/spacex/jobs/8706510002?gh_jid=8706510002,6445263002,2026-08-13T12:06:01-04:00,2026-09-01T19:48:33-04:00,2026-09-04_16-24-07
8569790002,Software Engineer (Starlink),"Redmond, WA",SpaceX,Engineering - Software & Analytics,https://boards.greenhouse.io/spacex/jobs/8569790002?gh_jid=8569790002,6422968002,2026-06-01T16:50:35-04:00,2026-09-01T19:48:33-04:00,2026-09-04_16-24-07
8696779002,Software Engineer (Starlink/Akoustis),"Canandaigua, NY",SpaceX,Engineering - Software & Analytics,https://boards.greenhouse.io/spacex/jobs/8696779002?gh_jid=8696779002,6475006002,2026-08-11T13:58:07-04:00,2026-09-01T19:48:33-04:00,2026-09-04_16-24-07
8586637002,Software Engineer (Starlink Enterprise),"Palo Alto, CA",SpaceX,Engineering - Software & Analytics,https://boards.greenhouse.io/spacex/jobs/8586637002?gh_jid=8586637002,6429597002,2026-06-16T17:18:32-04:00,2026-09-01T19:48:33-04:00,2026-09-04_16-24-07
8715839002,"Software Engineer, Starlink Enterprise Products (Space Lasers)","Redmond, WA",SpaceX,Engineering - Software & Analytics,https://boards.greenhouse.io/spacex/jobs/8715839002?gh_jid=8715839002,6483746002,2026-08-18T11:45:29-04:00,2026-09-01T19:48:33-04:00,2026-09-04_16-24-07
8568939002,Software Engineer (Starlink Mobile),"Redmond, WA",SpaceX,Engineering - Software & Analytics,https://boards.greenhouse.io/spacex/jobs/8568939002?gh_jid=8568939002,6422054002,2026-05-28T15:46:49-04:00,2026-09-01T19:48:33-04:00,2026-09-04_16-24-07
8567634002,Software Engineer (Starlink Mobile),"Sunnyvale, CA",SpaceX,Engineering - Software & Analytics,https://boards.greenhouse.io/spacex/jobs/8567634002?gh_jid=8567634002,6422054002,2026-05-28T15:46:50-04:00,2026-09-01T19:48:33-04:00,2026-09-04_16-24-07
8458001002,"Software Engineer, Starlink Network","Sunnyvale, CA",SpaceX,Engineering - Software & Analytics,https://boards.greenhouse.io/spacex/jobs/8458001002?gh_jid=8458001002,6376132002,2026-03-11T20:01:57-04:00,2026-09-01T19:48:33-04:00,2026-09-04_16-24-07
8477137002,"Software Engineer, Starlink Network","Redmond, WA",SpaceX,Engineering - Software & Analytics,https://boards.greenhouse.io/spacex/jobs/8477137002?gh_jid=8477137002,6386081002,2026-03-25T15:07:21-04:00,2026-09-01T19:48:33-04:00,2026-09-04_16-24-07
8637755002,"Software Engineer, Starlink UX (Starlink)","Redmond, WA",SpaceX,Engineering - Software & Analytics,https://boards.greenhouse.io/spacex/jobs/8637755002?gh_jid=8637755002,6422968002,2026-07-19T02:31:03-04:00,2026-09-01T19:48:33-04:00,2026-09-04_16-24-07
8501199002,Software Engineer (Starshield),"Redmond, WA",SpaceX,Engineering - Software & Analytics,https://boards.greenhouse.io/spacex/jobs/8501199002?gh_jid=8501199002,6395791002,2026-04-10T11:38:11-04:00,2026-09-01T19:48:33-04:00,2026-09-04_16-24-07
8605075002,Software Engineer (Starshield),"Hawthorne, CA",SpaceX,Engineering - Software & Analytics,https://boards.greenhouse.io/spacex/jobs/8605075002?gh_jid=8605075002,6437001002,2026-06-26T16:27:46-04:00,2026-09-01T19:48:33-04:00,2026-09-04_16-24-07
8621649002,Software Engineer (Starshield) - Top Secret Clearance,"Hawthorne, CA",SpaceX,Engineering - Software & Analytics,https://boards.greenhouse.io/spacex/jobs/8621649002?gh_jid=8621649002,6443113002,2026-07-06T20:33:22-04:00,2026-09-01T19:48:33-04:00,2026-09-04_16-24-07
8569125002,Software Engineer (Starship),"Starbase, TX",SpaceX,Supply Chain & Logistics - Supply Chain Engineering,https://boards.greenhouse.io/spacex/jobs/8569125002?gh_jid=8569125002,6422686002,2026-06-01T15:30:38-04:00,2026-09-01T19:48:33-04:00,2026-09-04_16-24-07
8569160002,Software Engineer (Starship),"Hawthorne, CA",SpaceX,Supply Chain & Logistics - Supply Chain Engineering,https://boards.greenhouse.io/spacex/jobs/8569160002?gh_jid=8569160002,6422686002,2026-06-01T15:30:38-04:00,2026-09-01T19:48:33-04:00,2026-09-04_16-24-07
8656526002,"Software Engineer, Telemetry (Starlink)","Redmond, WA",SpaceX,Engineering - Software & Analytics,https://boards.greenhouse.io/spacex/jobs/8656526002?gh_jid=8656526002,6447449002,2026-07-29T12:31:31-04:00,2026-09-01T19:48:33-04:00,2026-09-04_16-24-07
8631930002,"Software Engineer, Telemetry (Starlink)","Hawthorne, CA",SpaceX,Engineering - Software & Analytics,https://boards.greenhouse.io/spacex/jobs/8631930002?gh_jid=8631930002,6447449002,2026-07-29T12:31:30-04:00,2026-09-01T19:48:33-04:00,2026-09-04_16-24-07
8656274002,"Software Engineer, Telemetry - Top Secret Clearance (Starlink)","Hawthorne, CA",SpaceX,Engineering - Software & Analytics,https://boards.greenhouse.io/spacex/jobs/8656274002?gh_jid=8656274002,6456674002,2026-08-03T13:08:08-04:00,2026-09-01T19:48:33-04:00,2026-09-04_16-24-07
8585072002,"Software Engineer, Test Infrastructure (Application Software)","Hawthorne, CA",SpaceX,Engineering - Software & Analytics,https://boards.greenhouse.io/spacex/jobs/8585072002?gh_jid=8585072002,6429090002,2026-06-09T20:59:50-04:00,2026-09-01T19:48:33-04:00,2026-09-04_16-24-07
8637049002,"Software Engineer, Test Infrastructure (C/C++)","Hawthorne, CA",SpaceX,Engineering - Software & Analytics,https://boards.greenhouse.io/spacex/jobs/8637049002?gh_jid=8637049002,6429090002,2026-07-16T13:21:32-04:00,2026-09-01T19:48:33-04:00,2026-09-04_16-24-07
8562437002,Software Engineer (Thermal & Fluid Analysis),"Starbase, TX",SpaceX,Engineering - Software & Analytics,https://boards.greenhouse.io/spacex/jobs/8562437002?gh_jid=8562437002,6420009002,2026-05-22T16:06:52-04:00,2026-09-01T19:48:33-04:00,2026-09-04_16-24-07
8749199002,"Software Engineer, Tracking (Starshield)","Hawthorne, CA",SpaceX,Engineering - Software & Analytics,https://boards.greenhouse.io/spacex/jobs/8749199002?gh_jid=8749199002,6499231002,2026-08-31T01:13:11-04:00,2026-09-01T19:48:33-04:00,2026-09-04_16-24-07
8609228002,"Software Engineer, Vehicle Operations (Starshield)","Hawthorne, CA",SpaceX,Engineering - Software & Analytics,https://boards.greenhouse.io/spacex/jobs/8609228002?gh_jid=8609228002,6438478002,2026-06-26T17:41:12-04:00,2026-09-01T19:48:33-04:00,2026-09-04_16-24-07
8692270002,"Software Infrastructure Engineer, Flight Software (Starlink)","Redmond, WA",SpaceX,Engineering - Software & Analytics,https://boards.greenhouse.io/spacex/jobs/8692270002?gh_jid=8692270002,6472946002,2026-08-11T17:49:09-04:00,2026-09-01T19:48:33-04:00,2026-09-04_16-24-07
8584920002,Software Infrastructure Engineer (Starlink),"Palo Alto, CA",SpaceX,Engineering - Software & Analytics,https://boards.greenhouse.io/spacex/jobs/8584920002?gh_jid=8584920002,6424301002,2026-06-09T17:57:37-04:00,2026-09-01T19:48:33-04:00,2026-09-04_16-24-07
8573279002,Software Infrastructure Engineer (Starlink),"Redmond, WA",SpaceX,Engineering - Software & Analytics,https://boards.greenhouse.io/spacex/jobs/8573279002?gh_jid=8573279002,6424301002,2026-06-04T13:18:58-04:00,2026-09-01T19:48:33-04:00,2026-09-04_16-24-07
8745828002,Solar Cell Quality Engineer (Starlink),"Bastrop, TX",SpaceX,Engineering - Materials,https://boards.greenhouse.io/spacex/jobs/8745828002?gh_jid=8745828002,6497617002,2026-08-26T12:18:29-04:00,2026-09-01T19:48:33-04:00,2026-09-04_16-24-07
8653679002,Solar Cell Reliability Engineer (Starlink),"Bastrop, TX",SpaceX,Engineering - Materials,https://boards.greenhouse.io/spacex/jobs/8653679002?gh_jid=8653679002,6455952002,2026-07-28T12:15:40-04:00,2026-09-01T19:48:33-04:00,2026-09-04_16-24-07
8630025002,"Sourcing Manager, Behind-the-meter (BTM) Transmission (Starlink)","Austin, TX",SpaceX,Supply Chain & Logistics - Sourcing & Planning,https://boards.greenhouse.io/spacex/jobs/8630025002?gh_jid=8630025002,6446659002,2026-07-15T10:29:55-04:00,2026-09-01T19:48:33-04:00,2026-09-04_16-24-07
8771500002,"Sourcing Manager, Board Mechanicals, Connectors (Starlink)","Austin, TX",SpaceX,Supply Chain & Logistics - Sourcing & Planning,https://boards.greenhouse.io/spacex/jobs/8771500002?gh_jid=8771500002,6509474002,2026-09-02T10:33:27-04:00,2026-09-02T12:35:04-04:00,2026-09-04_16-24-07
8767245002,"Sourcing Manager, CapEx (Starlink)","Bastrop, TX",SpaceX,Supply Chain & Logistics - Sourcing & Planning,https://boards.greenhouse.io/spacex/jobs/8767245002?gh_jid=8767245002,6507523002,2026-09-03T14:23:55-04:00,2026-09-03T14:23:55-04:00,2026-09-04_16-24-07
8638183002,"Sourcing Manager, Capital Equipment & Construction (Starlink)","Memphis, TN",SpaceX,Supply Chain & Logistics - Sourcing & Planning,https://boards.greenhouse.io/spacex/jobs/8638183002?gh_jid=8638183002,6417004002,2026-07-17T09:31:31-04:00,2026-09-03T11:06:04-04:00,2026-09-04_16-24-07
8763506002,"Sourcing Manager, Capital Equipment & Construction (Starlink)","Bastrop, TX",SpaceX,Supply Chain & Logistics - Sourcing & Planning,https://boards.greenhouse.io/spacex/jobs/8763506002?gh_jid=8763506002,6417004002,2026-08-30T10:06:28-04:00,2026-09-03T11:11:42-04:00,2026-09-04_16-24-07
8625464002,"Sourcing Manager, Capital Equipment & Construction (Starlink)","Redmond, WA",SpaceX,Supply Chain & Logistics - Sourcing & Planning,https://boards.greenhouse.io/spacex/jobs/8625464002?gh_jid=8625464002,6421189002,2026-07-08T18:16:23-04:00,2026-09-01T19:48:33-04:00,2026-09-04_16-24-07
8651470002,"Sourcing Manager, Capital Equipment & Construction (Starship)","Cape Canaveral, FL",SpaceX,Supply Chain & Logistics - Sourcing & Planning,https://boards.greenhouse.io/spacex/jobs/8651470002?gh_jid=8651470002,6418517002,2026-07-27T11:00:04-04:00,2026-09-01T19:48:33-04:00,2026-09-04_16-24-07
8558283002,"Sourcing Manager, Capital Equipment & Construction (Starship)","Starbase, TX",SpaceX,Supply Chain & Logistics - Sourcing & Planning,https://boards.greenhouse.io/spacex/jobs/8558283002?gh_jid=8558283002,6418517002,2026-05-21T18:52:32-04:00,2026-09-01T19:48:33-04:00,2026-09-04_16-24-07
8646570002,"Sourcing Manager, Capital Equipment, Construction, & Wastewater Treatment (Starlink)","Bastrop, TX",SpaceX,Supply Chain & Logistics - Sourcing & Planning,https://boards.greenhouse.io/spacex/jobs/8646570002?gh_jid=8646570002,6453134002,2026-07-24T10:00:06-04:00,2026-09-01T19:48:33-04:00,2026-09-04_16-24-07
8730114002,Sourcing Manager (Cryogenics & Power Generation Capital),"Cape Canaveral, FL",SpaceX,Supply Chain & Logistics - Sourcing & Planning,https://boards.greenhouse.io/spacex/jobs/8730114002?gh_jid=8730114002,6490366002,2026-08-19T16:03:53-04:00,2026-09-01T19:48:33-04:00,2026-09-04_16-24-07
8606550002,"Sourcing Manager, Datacenter (Starlink)","Austin, TX",SpaceX,Supply Chain & Logistics - Sourcing & Planning,https://boards.greenhouse.io/spacex/jobs/8606550002?gh_jid=8606550002,6437469002,2026-07-03T12:56:49-04:00,2026-09-01T19:48:33-04:00,2026-09-04_16-24-07
8550020002,"Sourcing Manager, Electronics (Starlink)","Redmond, WA",SpaceX,Supply Chain & Logistics - Sourcing & Planning,https://boards.greenhouse.io/spacex/jobs/8550020002?gh_jid=8550020002,6415019002,2026-05-19T14:18:35-04:00,2026-09-01T19:48:33-04:00,2026-09-04_16-24-07
8473145002,"Sourcing Manager, Electronics (Starlink)","Bastrop, TX",SpaceX,Supply Chain & Logistics - Sourcing & Planning,https://boards.greenhouse.io/spacex/jobs/8473145002?gh_jid=8473145002,6384416002,2026-04-02T15:33:07-04:00,2026-09-01T19:48:33-04:00,2026-09-04_16-24-07
8544377002,"Sourcing Manager, Electronics (Starlink)","Redmond, WA",SpaceX,Supply Chain & Logistics - Sourcing & Planning,https://boards.greenhouse.io/spacex/jobs/8544377002?gh_jid=8544377002,6412872002,2026-05-12T19:12:06-04:00,2026-09-01T19:48:33-04:00,2026-09-04_16-24-07
8558280002,"Sourcing Manager, Fabricated Assemblies (Starship)","Starbase, TX",SpaceX,Supply Chain & Logistics - Sourcing & Planning,https://boards.greenhouse.io/spacex/jobs/8558280002?gh_jid=8558280002,6418499002,2026-05-21T18:52:52-04:00,2026-09-01T19:48:33-04:00,2026-09-04_16-24-07
8673066002,"Sourcing Manager, Food & Facilities","McGregor, TX",SpaceX,Supply Chain & Logistics - Sourcing & Planning,https://boards.greenhouse.io/spacex/jobs/8673066002?gh_jid=8673066002,6464184002,2026-08-04T11:37:32-04:00,2026-09-01T19:48:33-04:00,2026-09-04_16-24-07
8619968002,"Sourcing Manager, Ground Infrastructure (Starlink)","Redmond, WA",SpaceX,Supply Chain & Logistics - Sourcing & Planning,https://boards.greenhouse.io/spacex/jobs/8619968002?gh_jid=8619968002,6374983002,2026-07-03T12:32:43-04:00,2026-09-01T19:48:33-04:00,2026-09-04_16-24-07
8619669002,"Sourcing Manager, Indirect (Starlink)","Bastrop, TX",SpaceX,Supply Chain & Logistics - Sourcing & Planning,https://boards.greenhouse.io/spacex/jobs/8619669002?gh_jid=8619669002,6400035002,2026-07-03T12:23:15-04:00,2026-09-02T18:00:02-04:00,2026-09-04_16-24-07
8558249002,"Sourcing Manager, Machining & Fabricated Parts (Starship)","Starbase, TX",SpaceX,Supply Chain & Logistics - Sourcing & Planning,https://boards.greenhouse.io/spacex/jobs/8558249002?gh_jid=8558249002,6418499002,2026-05-21T18:52:52-04:00,2026-09-01T19:48:33-04:00,2026-09-04_16-24-07
8638610002,"Sourcing Manager, Mechanical Commodities (Starlink)","Bastrop, TX",SpaceX,Supply Chain & Logistics - Sourcing & Planning,https://boards.greenhouse.io/spacex/jobs/8638610002?gh_jid=8638610002,6418527002,2026-07-17T11:58:57-04:00,2026-09-01T19:48:33-04:00,2026-09-04_16-24-07
8558315002,"Sourcing Manager, Mechanical Commodities (Starlink)","Redmond, WA",SpaceX,Supply Chain & Logistics - Sourcing & Planning,https://boards.greenhouse.io/spacex/jobs/8558315002?gh_jid=8558315002,6418527002,2026-05-22T11:50:32-04:00,2026-09-01T19:48:33-04:00,2026-09-04_16-24-07
8563611002,"Sourcing Manager, Mechanical & Optical Commodities (Starlink)","Bastrop, TX",SpaceX,Supply Chain & Logistics - Sourcing & Planning,https://boards.greenhouse.io/spacex/jobs/8563611002?gh_jid=8563611002,6420647002,2026-06-08T20:12:11-04:00,2026-09-01T19:48:33-04:00,2026-09-04_16-24-07
8523587002,"Sourcing Manager, Mechanical (Starlink)","Bastrop, TX",SpaceX,Supply Chain & Logistics - Sourcing & Planning,https://boards.greenhouse.io/spacex/jobs/8523587002?gh_jid=8523587002,6404342002,2026-04-24T15:21:53-04:00,2026-09-01T19:48:33-04:00,2026-09-04_16-24-07
8719852002,"Sourcing Manager, PCB/PCBA (Starshield)","Hawthorne, CA",SpaceX,Supply Chain & Logistics - Sourcing & Planning,https://boards.greenhouse.io/spacex/jobs/8719852002?gh_jid=8719852002,6485677002,2026-08-18T13:51:43-04:00,2026-09-01T19:48:33-04:00,2026-09-04_16-24-07
8731507002,"Sourcing Manager, PCB (Starlink)","Bastrop, TX",SpaceX,Supply Chain & Logistics - Sourcing & Planning,https://boards.greenhouse.io/spacex/jobs/8731507002?gh_jid=8731507002,6491034002,2026-08-26T11:15:23-04:00,2026-09-01T19:48:33-04:00,2026-09-04_16-24-07
8632295002,"Sourcing Manager, Power Plant Equipment (Starlink)","Austin, TX",SpaceX,Supply Chain & Logistics - Sourcing & Planning,https://boards.greenhouse.io/spacex/jobs/8632295002?gh_jid=8632295002,6447593002,2026-07-15T10:28:10-04:00,2026-09-01T19:48:33-04:00,2026-09-04_16-24-07
8771550002,"Sourcing Manager, Rack Components, Cooling/Mechanicals (Starlink)","Austin, TX",SpaceX,Supply Chain & Logistics - Sourcing & Planning,https://boards.greenhouse.io/spacex/jobs/8771550002?gh_jid=8771550002,6509497002,2026-09-02T10:33:15-04:00,2026-09-02T12:34:45-04:00,2026-09-04_16-24-07
8771528002,"Sourcing Manager, Rack Components, Electronics (Starlink)","Austin, TX",SpaceX,Supply Chain & Logistics - Sourcing & Planning,https://boards.greenhouse.io/spacex/jobs/8771528002?gh_jid=8771528002,6509486002,2026-09-02T10:33:03-04:00,2026-09-02T12:35:19-04:00,2026-09-04_16-24-07
8536221002,Sourcing Manager (Raptor),"Hawthorne, CA",SpaceX,Supply Chain & Logistics - Sourcing & Planning,https://boards.greenhouse.io/spacex/jobs/8536221002?gh_jid=8536221002,6409193002,2026-05-05T13:41:09-04:00,2026-09-01T19:48:33-04:00,2026-09-04_16-24-07
8771514002,"Sourcing Manager, Server Mechanicals, Cooling (Starlink)","Austin, TX",SpaceX,Supply Chain & Logistics - Sourcing & Planning,https://boards.greenhouse.io/spacex/jobs/8771514002?gh_jid=8771514002,6509479002,2026-09-02T10:32:47-04:00,2026-09-02T12:34:28-04:00,2026-09-04_16-24-07
8692510002,"Sourcing Manager, Software & Services","Palo Alto, CA",SpaceX,Supply Chain & Logistics - Sourcing & Planning,https://boards.greenhouse.io/spacex/jobs/8692510002?gh_jid=8692510002,6473059002,2026-08-10T13:05:03-04:00,2026-09-01T19:48:33-04:00,2026-09-04_16-24-07
8703131002,Sourcing Manager (Starship),"Starbase, TX",SpaceX,Supply Chain & Logistics - Sourcing & Planning,https://boards.greenhouse.io/spacex/jobs/8703131002?gh_jid=8703131002,6477857002,2026-08-16T22:40:12-04:00,2026-09-01T19:48:33-04:00,2026-09-04_16-24-07
8703511002,Sourcing Manager (Starship),"Hawthorne, CA",SpaceX,Supply Chain & Logistics - Sourcing & Planning,https://boards.greenhouse.io/spacex/jobs/8703511002?gh_jid=8703511002,6478046002,2026-08-13T11:23:35-04:00,2026-09-01T19:48:33-04:00,2026-09-04_16-24-07
8753317002,Sourcing Manager (Starship Launch Pad),"Cape Canaveral, FL",SpaceX,Supply Chain & Logistics - Sourcing & Planning,https://boards.greenhouse.io/spacex/jobs/8753317002?gh_jid=8753317002,6501042002,2026-08-26T19:56:03-04:00,2026-09-01T19:48:33-04:00,2026-09-04_16-24-07
8694750002,Sourcing Specialist - CapEx (Starlink),"Redmond, WA",SpaceX,Supply Chain & Logistics - Sourcing & Planning,https://boards.greenhouse.io/spacex/jobs/8694750002?gh_jid=8694750002,6474042002,2026-08-11T13:35:42-04:00,2026-09-01T19:48:33-04:00,2026-09-04_16-24-07
8738226002,"Sourcing Specialist, Construction","Starbase, TX",SpaceX,Supply Chain & Logistics - Sourcing & Planning,https://boards.greenhouse.io/spacex/jobs/8738226002?gh_jid=8738226002,6494024002,2026-08-21T21:15:51-04:00,2026-09-01T19:48:33-04:00,2026-09-04_16-24-07
8738256002,"Sourcing Specialist, Construction","Cape Canaveral, FL",SpaceX,Supply Chain & Logistics - Sourcing & Planning,https://boards.greenhouse.io/spacex/jobs/8738256002?gh_jid=8738256002,6494024002,2026-08-21T21:15:54-04:00,2026-09-01T19:48:33-04:00,2026-09-04_16-24-07
8619966002,"Sourcing Specialist, Contracts (Starlink)","Redmond, WA",SpaceX,Supply Chain & Logistics - Sourcing & Planning,https://boards.greenhouse.io/spacex/jobs/8619966002?gh_jid=8619966002,6349946002,2026-07-03T12:31:22-04:00,2026-09-01T19:48:33-04:00,2026-09-04_16-24-07
8686804002,"Sourcing Specialist, LNG Capital","Cape Canaveral, FL",SpaceX,Supply Chain & Logistics - Sourcing & Planning,https://boards.greenhouse.io/spacex/jobs/8686804002?gh_jid=8686804002,6429489002,2026-08-05T20:32:03-04:00,2026-09-01T19:48:33-04:00,2026-09-04_16-24-07
8720189002,"Sourcing Specialist, LNG Capital","Starbase, TX",SpaceX,Supply Chain & Logistics - Sourcing & Planning,https://boards.greenhouse.io/spacex/jobs/8720189002?gh_jid=8720189002,6429489002,2026-08-16T23:10:24-04:00,2026-09-01T19:48:33-04:00,2026-09-04_16-24-07
8638628002,"Sourcing Specialist, Mechanical Commodities (Starlink)","Redmond, WA",SpaceX,Supply Chain & Logistics - Sourcing & Planning,https://boards.greenhouse.io/spacex/jobs/8638628002?gh_jid=8638628002,6419480002,2026-07-17T12:00:13-04:00,2026-09-01T19:48:33-04:00,2026-09-04_16-24-07
8563613002,"Sourcing Specialist, Mechanical & Optical Commodities (Starlink)","Redmond, WA",SpaceX,Supply Chain & Logistics - Sourcing & Planning,https://boards.greenhouse.io/spacex/jobs/8563613002?gh_jid=8563613002,6420648002,2026-06-04T11:49:33-04:00,2026-09-01T19:48:33-04:00,2026-09-04_16-24-07
8687373002,"Sourcing Specialist, Mechanical & Optical Commodities (Starlink)","Bastrop, TX",SpaceX,Supply Chain & Logistics - Sourcing & Planning,https://boards.greenhouse.io/spacex/jobs/8687373002?gh_jid=8687373002,6420648002,2026-08-06T12:18:00-04:00,2026-09-01T19:48:33-04:00,2026-09-04_16-24-07
8692450002,"Sourcing Specialist, Mechanical (Starship)","Hawthorne, CA",SpaceX,Supply Chain & Logistics - Sourcing & Planning,https://boards.greenhouse.io/spacex/jobs/8692450002?gh_jid=8692450002,6384053002,2026-08-07T18:58:09-04:00,2026-09-01T19:48:33-04:00,2026-09-04_16-24-07
8686805002,"Sourcing Specialist, Natural Gas","Cape Canaveral, FL",SpaceX,Supply Chain & Logistics - Sourcing & Planning,https://boards.greenhouse.io/spacex/jobs/8686805002?gh_jid=8686805002,6429489002,2026-08-05T20:33:19-04:00,2026-09-01T19:48:33-04:00,2026-09-04_16-24-07
8720190002,"Sourcing Specialist, Natural Gas","Starbase, TX",SpaceX,Supply Chain & Logistics - Sourcing & Planning,https://boards.greenhouse.io/spacex/jobs/8720190002?gh_jid=8720190002,6429489002,2026-08-16T23:11:17-04:00,2026-09-01T19:48:33-04:00,2026-09-04_16-24-07
8758375002,"Sourcing Specialist, PCB/PCBA (Starshield)","Hawthorne, CA",SpaceX,Supply Chain & Logistics - Sourcing & Planning,https://boards.greenhouse.io/spacex/jobs/8758375002?gh_jid=8758375002,6503381002,2026-08-28T12:34:09-04:00,2026-09-01T19:48:33-04:00,2026-09-04_16-24-07
8698015002,Sourcing Specialist (Starship),"Starbase, TX",SpaceX,Supply Chain & Logistics - Sourcing & Planning,https://boards.greenhouse.io/spacex/jobs/8698015002?gh_jid=8698015002,6475570002,2026-08-18T19:16:21-04:00,2026-09-01T19:48:33-04:00,2026-09-04_16-24-07
8472535002,Sourcing Specialist (Starship),"Hawthorne, CA",SpaceX,Supply Chain & Logistics - Sourcing & Planning,https://boards.greenhouse.io/spacex/jobs/8472535002?gh_jid=8472535002,6384053002,2026-04-01T19:53:11-04:00,2026-09-01T19:48:33-04:00,2026-09-04_16-24-07
8613948002,"Sourcing Specialist, Test Hardware and Equipment","McGregor, TX",SpaceX,Supply Chain & Logistics - Sourcing & Planning,https://boards.greenhouse.io/spacex/jobs/8613948002?gh_jid=8613948002,6440275002,2026-06-30T13:28:41-04:00,2026-09-01T19:48:33-04:00,2026-09-04_16-24-07
8678723002,Sous Chef,"Starbase, TX",SpaceX,Operations - Food Services,https://boards.greenhouse.io/spacex/jobs/8678723002?gh_jid=8678723002,6466897002,2026-08-05T13:43:49-04:00,2026-09-01T19:48:33-04:00,2026-09-04_16-24-07
8656960002,"Space Lasers Engineer, Satellites (Starlink)","Redmond, WA",SpaceX,Engineering - Electrical,https://boards.greenhouse.io/spacex/jobs/8656960002?gh_jid=8656960002,6456894002,2026-07-29T14:49:53-04:00,2026-09-01T19:48:33-04:00,2026-09-04_16-24-07
8485525002,Spaceport Designer - Architect (Starbase Development),"Starbase, TX",SpaceX,Operations - Construction,https://boards.greenhouse.io/spacex/jobs/8485525002?gh_jid=8485525002,6389406002,2026-04-01T12:06:36-04:00,2026-09-01T19:48:33-04:00,2026-09-04_16-24-07
8675927002,"Spaceport Designer, Interior Design","Starbase, TX",SpaceX,Operations - Facilities,https://boards.greenhouse.io/spacex/jobs/8675927002?gh_jid=8675927002,6465533002,2026-08-04T11:26:48-04:00,2026-09-01T19:48:33-04:00,2026-09-04_16-24-07
8641926002,Spaceport Integration Manager,"Cape Canaveral, FL",SpaceX,Engineering - Industrial & Operations,https://boards.greenhouse.io/spacex/jobs/8641926002?gh_jid=8641926002,6451307002,2026-07-20T16:57:45-04:00,2026-09-01T19:48:33-04:00,2026-09-04_16-24-07
8739463002,Spaceport Operations Specialist,"Anderson, TX",SpaceX,Operations - Facilities,https://boards.greenhouse.io/spacex/jobs/8739463002?gh_jid=8739463002,6494606002,2026-08-24T12:25:38-04:00,2026-09-01T19:48:33-04:00,2026-09-04_16-24-07
8703611002,Spaceport Operations Specialist - Hotel Operations,"Starbase, TX",SpaceX,Operations - Facilities,https://boards.greenhouse.io/spacex/jobs/8703611002?gh_jid=8703611002,6478092002,2026-08-13T22:40:14-04:00,2026-09-01T19:48:33-04:00,2026-09-04_16-24-07
8703609002,Spaceport Operations Specialist - Transportation,"Starbase, TX",SpaceX,Operations - Facilities,https://boards.greenhouse.io/spacex/jobs/8703609002?gh_jid=8703609002,6478091002,2026-08-13T22:40:01-04:00,2026-09-03T18:35:26-04:00,2026-09-04_16-24-07
8651060002,Space Suit Sewer,"Hawthorne, CA",SpaceX,Manufacturing - Other Manufacturing,https://boards.greenhouse.io/spacex/jobs/8651060002?gh_jid=8651060002,6454967002,2026-07-26T23:39:28-04:00,2026-09-01T19:48:33-04:00,2026-09-04_16-24-07
8589648002,SPMT Critical Lift Technician (Starship),"Starbase, TX",SpaceX,Manufacturing - Other Manufacturing,https://boards.greenhouse.io/spacex/jobs/8589648002?gh_jid=8589648002,6416543002,2026-06-12T10:18:23-04:00,2026-09-01T19:48:33-04:00,2026-09-04_16-24-07
8621770002,Spring 2027 Business Operations Internship/Co-op,Flexible - Any SpaceX Site,SpaceX,College and University - Internships and Co-Ops,https://boards.greenhouse.io/spacex/jobs/8621770002?gh_jid=8621770002,6443176002,2026-08-03T13:40:16-04:00,2026-09-01T19:48:33-04:00,2026-09-04_16-24-07
8636143002,Spring 2027 Civil Engineering Internship,Flexible - Any SpaceX Site,SpaceX,College and University - Internships and Co-Ops,https://boards.greenhouse.io/spacex/jobs/8636143002?gh_jid=8636143002,6449076002,2026-08-03T13:40:40-04:00,2026-09-01T19:48:33-04:00,2026-09-04_16-24-07
8616338002,Spring 2027 Engineering Internship/Co-op,Flexible - Any SpaceX Site,SpaceX,College and University - Internships and Co-Ops,https://boards.greenhouse.io/spacex/jobs/8616338002?gh_jid=8616338002,6441254002,2026-08-03T13:26:16-04:00,2026-09-01T19:48:33-04:00,2026-09-04_16-24-07
8621749002,Spring 2027 Graduate Engineer Internship/Co-op,Flexible - Any SpaceX Site,SpaceX,College and University - Internships and Co-Ops,https://boards.greenhouse.io/spacex/jobs/8621749002?gh_jid=8621749002,6443162002,2026-08-03T13:26:33-04:00,2026-09-01T19:48:33-04:00,2026-09-04_16-24-07
8636134002,Spring 2027 Silicon Engineering Internship/Co-op,Flexible - Any SpaceX Site,SpaceX,College and University - Internships and Co-Ops,https://boards.greenhouse.io/spacex/jobs/8636134002?gh_jid=8636134002,6449071002,2026-08-03T13:27:30-04:00,2026-09-01T19:48:33-04:00,2026-09-04_16-24-07
8621756002,Spring 2027 Software Engineering Internship/Co-op,Flexible - Any SpaceX Site,SpaceX,College and University - Internships and Co-Ops,https://boards.greenhouse.io/spacex/jobs/8621756002?gh_jid=8621756002,6443168002,2026-08-03T13:26:50-04:00,2026-09-01T19:48:33-04:00,2026-09-04_16-24-07
8633803002,Sr. 3GPP RAN Standardization Engineer (Starlink Mobile),"Palo Alto, CA",SpaceX,Engineering - Network,https://boards.greenhouse.io/spacex/jobs/8633803002?gh_jid=8633803002,6448221002,2026-07-15T15:34:38-04:00,2026-09-01T19:48:33-04:00,2026-09-04_16-24-07
8663962002,Sr. Accountant,"Palo Alto, CA",SpaceX,Corporate - Finance & Accounting,https://boards.greenhouse.io/spacex/jobs/8663962002?gh_jid=8663962002,6459782002,2026-07-31T20:08:38-04:00,2026-09-01T19:48:33-04:00,2026-09-04_16-24-07
8678092002,Sr. Accountant (Brazil & Caribbean),"Hawthorne, CA",SpaceX,Corporate - Finance & Accounting,https://boards.greenhouse.io/spacex/jobs/8678092002?gh_jid=8678092002,6466588002,2026-08-04T20:56:18-04:00,2026-09-01T19:48:33-04:00,2026-09-04_16-24-07
8632301002,Sr. Accountant (LATAM),"Hawthorne, CA",SpaceX,Corporate - Finance & Accounting,https://boards.greenhouse.io/spacex/jobs/8632301002?gh_jid=8632301002,6447596002,2026-07-14T16:08:20-04:00,2026-09-01T19:48:33-04:00,2026-09-04_16-24-07
8723362002,"Sr. Accountant, Revenue","Hawthorne, CA",SpaceX,Corporate - Finance & Accounting,https://boards.greenhouse.io/spacex/jobs/8723362002?gh_jid=8723362002,6459782002,2026-08-17T19:09:26-04:00,2026-09-01T19:48:33-04:00,2026-09-04_16-24-07
8562255002,Sr. Aerodynamics Engineer (Starship),"Starbase, TX",SpaceX,Engineering - Aerospace & Mechanical,https://boards.greenhouse.io/spacex/jobs/8562255002?gh_jid=8562255002,6419934002,2026-05-22T16:10:57-04:00,2026-09-01T19:48:33-04:00,2026-09-04_16-24-07
8557126002,"Sr. AI Engineer, Platform Infrastructure, Special Programs","Palo Alto, CA",SpaceX,Engineering - Software & Analytics,https://boards.greenhouse.io/spacex/jobs/8557126002?gh_jid=8557126002,6418041002,2026-05-21T16:09:23-04:00,2026-09-01T19:48:33-04:00,2026-09-04_16-24-07
8557262002,"Sr. AI Engineer, Platform Infrastructure, Special Programs","Washington, DC",SpaceX,Engineering - Software & Analytics,https://boards.greenhouse.io/spacex/jobs/8557262002?gh_jid=8557262002,6418041002,2026-05-21T16:09:21-04:00,2026-09-01T19:48:33-04:00,2026-09-04_16-24-07
8557060002,"Sr. AI Engineer, Special Programs","Palo Alto, CA",SpaceX,Engineering - Software & Analytics,https://boards.greenhouse.io/spacex/jobs/8557060002?gh_jid=8557060002,6418002002,2026-05-21T16:09:07-04:00,2026-09-01T19:48:33-04:00,2026-09-04_16-24-07
8557268002,"Sr. AI Engineer, Special Programs","Washington, DC",SpaceX,Engineering - Software & Analytics,https://boards.greenhouse.io/spacex/jobs/8557268002?gh_jid=8557268002,6418002002,2026-05-21T16:09:08-04:00,2026-09-01T19:48:33-04:00,2026-09-04_16-24-07
8557093002,"Sr. AI Engineer, Special Programs - Top Secret Clearance","Palo Alto, CA",SpaceX,Engineering - Software & Analytics,https://boards.greenhouse.io/spacex/jobs/8557093002?gh_jid=8557093002,6418027002,2026-05-21T16:08:09-04:00,2026-09-01T19:48:33-04:00,2026-09-04_16-24-07
8557272002,"Sr. AI Engineer, Special Programs - Top Secret Clearance","Washington, DC",SpaceX,Engineering - Software & Analytics,https://boards.greenhouse.io/spacex/jobs/8557272002?gh_jid=8557272002,6418027002,2026-05-21T16:08:08-04:00,2026-09-01T19:48:33-04:00,2026-09-04_16-24-07
8782436002,Sr. AI Security Software Engineer (Starshield),"Hawthorne, CA",SpaceX,Engineering - Security,https://boards.greenhouse.io/spacex/jobs/8782436002?gh_jid=8782436002,6513441002,2026-09-03T19:19:56-04:00,2026-09-03T19:19:56-04:00,2026-09-04_16-24-07
8782453002,Sr. AI Security Software Engineer (Starshield),"Washington, DC",SpaceX,Engineering - Security,https://boards.greenhouse.io/spacex/jobs/8782453002?gh_jid=8782453002,6513441002,2026-09-03T19:19:59-04:00,2026-09-03T19:19:59-04:00,2026-09-04_16-24-07
8497552002,"Sr. Antenna Engineer, Satellites (Starlink)","Redmond, WA",SpaceX,Engineering - Electrical,https://boards.greenhouse.io/spacex/jobs/8497552002?gh_jid=8497552002,6394300002,2026-04-08T11:17:01-04:00,2026-09-01T19:48:33-04:00,2026-09-04_16-24-07
8700473002,Sr. Antenna Engineer (Starlink),"Bastrop, TX",SpaceX,Engineering - Electrical,https://boards.greenhouse.io/spacex/jobs/8700473002?gh_jid=8700473002,6476657002,2026-08-13T10:59:47-04:00,2026-09-01T19:48:33-04:00,2026-09-04_16-24-07
8533743002,Sr. Antenna Engineer (Starship),"Hawthorne, CA",SpaceX,Engineering - Electrical,https://boards.greenhouse.io/spacex/jobs/8533743002?gh_jid=8533743002,6408112002,2026-05-01T18:29:56-04:00,2026-09-01T19:48:33-04:00,2026-09-04_16-24-07
8624695002,Sr. Application Security Engineer,"Redmond, WA",SpaceX,Engineering - Security,https://boards.greenhouse.io/spacex/jobs/8624695002?gh_jid=8624695002,6444373002,2026-07-09T14:32:48-04:00,2026-09-01T19:48:33-04:00,2026-09-04_16-24-07
8611181002,Sr. Application Software Engineer,"Starbase, TX",SpaceX,Engineering - Software & Analytics,https://boards.greenhouse.io/spacex/jobs/8611181002?gh_jid=8611181002,6439251002,2026-06-26T19:48:49-04:00,2026-09-01T19:48:33-04:00,2026-09-04_16-24-07
8594168002,Sr. Application Software Engineer,"Hawthorne, CA",SpaceX,Engineering - Software & Analytics,https://boards.greenhouse.io/spacex/jobs/8594168002?gh_jid=8594168002,6432741002,2026-06-16T12:47:05-04:00,2026-09-01T19:48:33-04:00,2026-09-04_16-24-07
8612668002,Sr. Application Software Engineer,"Bastrop, TX",SpaceX,Engineering - Software & Analytics,https://boards.greenhouse.io/spacex/jobs/8612668002?gh_jid=8612668002,6439827002,2026-06-29T18:05:02-04:00,2026-09-01T19:48:33-04:00,2026-09-04_16-24-07
8720187002,Sr. Architectural Project Manager (Starbase Development),"Starbase, TX",SpaceX,Operations - Facilities,https://boards.greenhouse.io/spacex/jobs/8720187002?gh_jid=8720187002,6485818002,2026-08-18T10:14:49-04:00,2026-09-01T19:48:33-04:00,2026-09-04_16-24-07
8492998002,Sr. ASIC Design Engineer (Starshield),"Hawthorne, CA",SpaceX,Engineering - Silicon,https://boards.greenhouse.io/spacex/jobs/8492998002?gh_jid=8492998002,6392351002,2026-04-02T21:08:29-04:00,2026-09-01T19:48:33-04:00,2026-09-04_16-24-07
8633042002,Sr. ASIC Design Verification Engineer (Silicon Engineering),"Palo Alto, CA",SpaceX,Engineering - Silicon,https://boards.greenhouse.io/spacex/jobs/8633042002?gh_jid=8633042002,6447913002,2026-07-14T15:03:05-04:00,2026-09-01T19:48:33-04:00,2026-09-04_16-24-07
8633021002,Sr. ASIC Design Verification Engineer (Silicon Engineering),"Irvine, CA",SpaceX,Engineering - Silicon,https://boards.greenhouse.io/spacex/jobs/8633021002?gh_jid=8633021002,6447904002,2026-07-14T15:03:28-04:00,2026-09-01T19:48:33-04:00,2026-09-04_16-24-07
8633040002,Sr. ASIC Design Verification Engineer (Silicon Engineering),"Redmond, WA",SpaceX,Engineering - Silicon,https://boards.greenhouse.io/spacex/jobs/8633040002?gh_jid=8633040002,6447911002,2026-07-14T15:02:43-04:00,2026-09-01T19:48:33-04:00,2026-09-04_16-24-07
8633043002,Sr. ASIC Design Verification Engineer (Silicon Engineering),"Austin, TX",SpaceX,Engineering - Silicon,https://boards.greenhouse.io/spacex/jobs/8633043002?gh_jid=8633043002,6447914002,2026-07-14T15:03:47-04:00,2026-09-01T19:48:33-04:00,2026-09-04_16-24-07
8571283002,Sr. ASIC DFT Engineer (Silicon),"Palo Alto, CA",SpaceX,Engineering - Silicon,https://boards.greenhouse.io/spacex/jobs/8571283002?gh_jid=8571283002,6423537002,2026-05-29T13:55:13-04:00,2026-09-01T19:48:33-04:00,2026-09-04_16-24-07
8571293002,Sr. ASIC DFT Engineer (Silicon),"Irvine, CA",SpaceX,Engineering - Silicon,https://boards.greenhouse.io/spacex/jobs/8571293002?gh_jid=8571293002,6423537002,2026-05-29T13:55:14-04:00,2026-09-01T19:48:33-04:00,2026-09-04_16-24-07
8571294002,Sr. ASIC DFT Engineer (Silicon),"Austin, TX",SpaceX,Engineering - Silicon,https://boards.greenhouse.io/spacex/jobs/8571294002?gh_jid=8571294002,6423537002,2026-05-29T13:55:15-04:00,2026-09-01T19:48:33-04:00,2026-09-04_16-24-07
8692083002,"Sr. Automation and Controls Engineer, Satellites (Starlink)","Redmond, WA",SpaceX,Engineering - Automation & Controls,https://boards.greenhouse.io/spacex/jobs/8692083002?gh_jid=8692083002,6472890002,2026-08-10T14:07:14-04:00,2026-09-01T19:48:33-04:00,2026-09-04_16-24-07
8643431002,"Sr. Automation & Controls Engineer, Assembly Manufacturing (Starlink)","Bastrop, TX",SpaceX,Engineering - Automation & Controls,https://boards.greenhouse.io/spacex/jobs/8643431002?gh_jid=8643431002,6451940002,2026-07-21T15:36:18-04:00,2026-09-01T19:48:33-04:00,2026-09-04_16-24-07
8557015002,Sr. Automation & Controls Engineer (Components),"Hawthorne, CA",SpaceX,Engineering - Automation & Controls,https://boards.greenhouse.io/spacex/jobs/8557015002?gh_jid=8557015002,6417974002,2026-05-19T15:05:32-04:00,2026-09-01T19:48:33-04:00,2026-09-04_16-24-07
8526294002,Sr. Automation & Controls Engineer (Facilities),"Hawthorne, CA",SpaceX,Engineering - Automation & Controls,https://boards.greenhouse.io/spacex/jobs/8526294002?gh_jid=8526294002,6405392002,2026-04-28T15:26:44-04:00,2026-09-01T19:48:33-04:00,2026-09-04_16-24-07
8743394002,"Sr. Automation & Controls Engineer, Infrastructure & Utility (Starship)","Starbase, TX",SpaceX,Engineering - Automation & Controls,https://boards.greenhouse.io/spacex/jobs/8743394002?gh_jid=8743394002,6496445002,2026-08-24T19:27:52-04:00,2026-09-01T19:48:33-04:00,2026-09-04_16-24-07
8548433002,"Sr. Automation & Controls Engineer, Insource Manufacturing (Starlink)","Bastrop, TX",SpaceX,Engineering - Automation & Controls,https://boards.greenhouse.io/spacex/jobs/8548433002?gh_jid=8548433002,6414494002,2026-05-13T19:33:37-04:00,2026-09-01T19:48:33-04:00,2026-09-04_16-24-07
8569381002,"Sr. Automation & Controls Engineer, Solar Cell Factory","Bastrop, TX",SpaceX,Engineering - Automation & Controls,https://boards.greenhouse.io/spacex/jobs/8569381002?gh_jid=8569381002,6422789002,2026-06-01T10:51:43-04:00,2026-09-01T19:48:33-04:00,2026-09-04_16-24-07
8635589002,Sr. Automation & Controls Engineer (Starship),"Cape Canaveral, FL",SpaceX,Engineering - Automation & Controls,https://boards.greenhouse.io/spacex/jobs/8635589002?gh_jid=8635589002,6448854002,2026-07-15T15:20:00-04:00,2026-09-01T19:48:33-04:00,2026-09-04_16-24-07
8562427002,Sr. Automation & Controls Engineer (Starship),"Starbase, TX",SpaceX,Engineering - Automation & Controls,https://boards.greenhouse.io/spacex/jobs/8562427002?gh_jid=8562427002,6420004002,2026-05-22T15:46:25-04:00,2026-09-01T19:48:33-04:00,2026-09-04_16-24-07
8497668002,"Sr. Automation Engineer, Blades and Vanes Foundry","Bastrop, TX",SpaceX,Engineering - Aerospace & Mechanical,https://boards.greenhouse.io/spacex/jobs/8497668002?gh_jid=8497668002,6394353002,2026-04-08T19:25:37-04:00,2026-09-01T19:48:33-04:00,2026-09-04_16-24-07
8731937002,"Sr. Aviation Development Engineer, Networking (Starlink)","Bastrop, TX",SpaceX,Engineering - Aerospace & Mechanical,https://boards.greenhouse.io/spacex/jobs/8731937002?gh_jid=8731937002,6491251002,2026-09-01T13:11:48-04:00,2026-09-01T19:48:33-04:00,2026-09-04_16-24-07
8731935002,"Sr. Aviation Development Engineer, Networking (Starlink)","Woodinville, WA",SpaceX,Engineering - Aerospace & Mechanical,https://boards.greenhouse.io/spacex/jobs/8731935002?gh_jid=8731935002,6491251002,2026-09-01T13:11:46-04:00,2026-09-01T19:48:33-04:00,2026-09-04_16-24-07
8694524002,Sr. Aviation Development Engineer (Starlink),"Bastrop, TX",SpaceX,Engineering - Aerospace & Mechanical,https://boards.greenhouse.io/spacex/jobs/8694524002?gh_jid=8694524002,6421190002,2026-08-10T16:32:30-04:00,2026-09-02T12:22:02-04:00,2026-09-04_16-24-07
8647153002,Sr. Aviation Development Engineer (Starlink),"Woodinville, WA",SpaceX,Engineering - Aerospace & Mechanical,https://boards.greenhouse.io/spacex/jobs/8647153002?gh_jid=8647153002,6421190002,2026-07-23T10:50:09-04:00,2026-09-02T12:21:50-04:00,2026-09-04_16-24-07
8594333002,Sr. Avionics Test Engineer (Starshield),"Hawthorne, CA",SpaceX,Engineering - Electrical,https://boards.greenhouse.io/spacex/jobs/8594333002?gh_jid=8594333002,6432793002,2026-06-16T13:25:39-04:00,2026-09-01T19:48:33-04:00,2026-09-04_16-24-07
8728528002,Sr. BAW Device Engineer (Starlink/Akoustis),"Bastrop, TX",SpaceX,Engineering - Electrical,https://boards.greenhouse.io/spacex/jobs/8728528002?gh_jid=8728528002,6489642002,2026-08-20T15:51:58-04:00,2026-09-01T19:48:33-04:00,2026-09-04_16-24-07
8662062002,Sr. BAW Filter Design Engineer (Starlink/Akoustis),"Bastrop, TX",SpaceX,Engineering - Electrical,https://boards.greenhouse.io/spacex/jobs/8662062002?gh_jid=8662062002,6458865002,2026-08-03T10:20:50-04:00,2026-09-01T19:48:33-04:00,2026-09-04_16-24-07
8568201002,Sr. Benefits Analyst (Workers' Compensation),"Hawthorne, CA",SpaceX,Corporate - Human Resources,https://boards.greenhouse.io/spacex/jobs/8568201002?gh_jid=8568201002,6422318002,2026-05-28T00:56:45-04:00,2026-09-01T19:48:33-04:00,2026-09-04_16-24-07
8628873002,Sr. BIM Specialist,"Bastrop, TX",SpaceX,Operations - Construction,https://boards.greenhouse.io/spacex/jobs/8628873002?gh_jid=8628873002,6446127002,2026-07-10T16:33:19-04:00,2026-09-01T19:48:33-04:00,2026-09-04_16-24-07
8553647002,Sr. Build Engineer (Starship),"Starbase, TX",SpaceX,Engineering - Aerospace & Mechanical,https://boards.greenhouse.io/spacex/jobs/8553647002?gh_jid=8553647002,6416540002,2026-05-23T13:24:49-04:00,2026-09-01T19:48:33-04:00,2026-09-04_16-24-07
8641308002,Sr. Business Analyst (Customer Success),"Redmond, WA",SpaceX,Corporate - Sales & Business Operations,https://boards.greenhouse.io/spacex/jobs/8641308002?gh_jid=8641308002,6451092002,2026-07-21T12:01:30-04:00,2026-09-01T19:48:33-04:00,2026-09-04_16-24-07
8641254002,Sr. Business Analyst (Customer Success),"Bastrop, TX",SpaceX,Corporate - Sales & Business Operations,https://boards.greenhouse.io/spacex/jobs/8641254002?gh_jid=8641254002,6451092002,2026-07-21T12:01:29-04:00,2026-09-01T19:48:33-04:00,2026-09-04_16-24-07
8651232002,Sr. Business Analyst (Starlink),"Bastrop, TX",SpaceX,Corporate - Sales & Business Operations,https://boards.greenhouse.io/spacex/jobs/8651232002?gh_jid=8651232002,6455062002,2026-07-27T14:16:55-04:00,2026-09-01T19:48:33-04:00,2026-09-04_16-24-07
8579649002,Sr. Business Analyst (Starlink Enterprise),"Bastrop, TX",SpaceX,Corporate - Sales & Business Operations,https://boards.greenhouse.io/spacex/jobs/8579649002?gh_jid=8579649002,6426896002,2026-06-04T19:19:26-04:00,2026-09-01T19:48:33-04:00,2026-09-04_16-24-07
8656688002,Sr. Business Analyst (Starlink Platform Integrity),"Redmond, WA",SpaceX,Corporate - Sales & Business Operations,https://boards.greenhouse.io/spacex/jobs/8656688002?gh_jid=8656688002,6443655002,2026-07-29T13:21:09-04:00,2026-09-01T19:48:33-04:00,2026-09-04_16-24-07
8656689002,Sr. Business Analyst (Starlink Platform Integrity),"Hawthorne, CA",SpaceX,Corporate - Sales & Business Operations,https://boards.greenhouse.io/spacex/jobs/8656689002?gh_jid=8656689002,6443655002,2026-07-29T13:21:10-04:00,2026-09-01T19:48:33-04:00,2026-09-04_16-24-07
8656681002,Sr. Business Analyst (Starlink Platform Integrity),"Bastrop, TX",SpaceX,Corporate - Sales & Business Operations,https://boards.greenhouse.io/spacex/jobs/8656681002?gh_jid=8656681002,6443655002,2026-07-29T13:16:54-04:00,2026-09-01T19:48:33-04:00,2026-09-04_16-24-07
8639095002,"Sr. Business Analyst, Workforce Planning (Starlink)","Bastrop, TX",SpaceX,Corporate - Sales & Business Operations,https://boards.greenhouse.io/spacex/jobs/8639095002?gh_jid=8639095002,6450319002,2026-07-17T16:24:23-04:00,2026-09-01T19:48:33-04:00,2026-09-04_16-24-07
8639120002,"Sr. Business Analyst, Workforce Planning (Starlink)","Redmond, WA",SpaceX,Corporate - Sales & Business Operations,https://boards.greenhouse.io/spacex/jobs/8639120002?gh_jid=8639120002,6450319002,2026-07-17T16:24:24-04:00,2026-09-01T19:48:33-04:00,2026-09-04_16-24-07
8782770002,Sr. Business Operations Analyst (Starlink),"Hawthorne, CA",SpaceX,Corporate - Sales & Business Operations,https://boards.greenhouse.io/spacex/jobs/8782770002?gh_jid=8782770002,6513593002,2026-09-03T16:02:48-04:00,2026-09-03T16:05:35-04:00,2026-09-04_16-24-07
8603028002,"Sr. CAM Engineer, PCB (STARLINK)","Bastrop, TX",SpaceX,"Manufacturing - PCB, Silicon, and Solar",https://boards.greenhouse.io/spacex/jobs/8603028002?gh_jid=8603028002,6436078002,2026-06-23T13:22:28-04:00,2026-09-01T19:48:33-04:00,2026-09-04_16-24-07
8653944002,"Sr. Chemical Texturing Equipment Engineer, Solar Cells (Starlink)","Austin, TX",SpaceX,Engineering - Materials,https://boards.greenhouse.io/spacex/jobs/8653944002?gh_jid=8653944002,6456061002,2026-07-28T17:38:59-04:00,2026-09-01T19:48:33-04:00,2026-09-04_16-24-07
8651331002,Sr. Civil Engineer,"McGregor, TX",SpaceX,Engineering - Civil,https://boards.greenhouse.io/spacex/jobs/8651331002?gh_jid=8651331002,6455112002,2026-07-27T13:14:19-04:00,2026-09-01T19:48:33-04:00,2026-09-04_16-24-07
8571999002,"Sr. Civil Engineer, Land Development (Starlink)","Bastrop, TX",SpaceX,Engineering - Civil,https://boards.greenhouse.io/spacex/jobs/8571999002?gh_jid=8571999002,6423824002,2026-06-01T10:15:27-04:00,2026-09-01T19:48:33-04:00,2026-09-04_16-24-07
8497586002,"Sr. Civil Engineer, Offsite Infrastructure (Starlink)","Bastrop, TX",SpaceX,Engineering - Civil,https://boards.greenhouse.io/spacex/jobs/8497586002?gh_jid=8497586002,6383120002,2026-04-07T19:13:36-04:00,2026-09-01T19:48:33-04:00,2026-09-04_16-24-07
8594632002,Sr. Classified Cyber Assurance Analyst,"Hawthorne, CA",SpaceX,Engineering - Security,https://boards.greenhouse.io/spacex/jobs/8594632002?gh_jid=8594632002,6432924002,2026-06-18T15:01:12-04:00,2026-09-01T19:48:33-04:00,2026-09-04_16-24-07
8672198002,Sr. Compensation Analyst,"Hawthorne, CA",SpaceX,Corporate - Human Resources,https://boards.greenhouse.io/spacex/jobs/8672198002?gh_jid=8672198002,6463815002,2026-08-03T10:53:55-04:00,2026-09-01T19:48:33-04:00,2026-09-04_16-24-07
8581272002,Sr. Construction Engineer,"Hawthorne, CA",SpaceX,Operations - Construction,https://boards.greenhouse.io/spacex/jobs/8581272002?gh_jid=8581272002,6425438002,2026-06-05T19:21:13-04:00,2026-09-01T19:48:33-04:00,2026-09-04_16-24-07
8575788002,Sr. Construction Project Engineer,"Hawthorne, CA",SpaceX,Operations - Construction,https://boards.greenhouse.io/spacex/jobs/8575788002?gh_jid=8575788002,6425438002,2026-06-05T19:21:14-04:00,2026-09-01T19:48:33-04:00,2026-09-04_16-24-07
8734530002,Sr. Construction Project Manager,"Starbase, TX",SpaceX,Engineering - Civil,https://boards.greenhouse.io/spacex/jobs/8734530002?gh_jid=8734530002,6492328002,2026-08-25T14:44:17-04:00,2026-09-02T12:50:12-04:00,2026-09-04_16-24-07
8780761002,Sr. Construction Project Manager,"Starbase, TX",SpaceX,Operations - Construction,https://boards.greenhouse.io/spacex/jobs/8780761002?gh_jid=8780761002,6512683002,2026-09-03T00:09:33-04:00,2026-09-03T00:10:09-04:00,2026-09-04_16-24-07
8731104002,Sr. Construction Project Manager,"Bastrop, TX",SpaceX,Operations - Construction,https://boards.greenhouse.io/spacex/jobs/8731104002?gh_jid=8731104002,6490840002,2026-08-19T16:07:25-04:00,2026-09-01T19:48:33-04:00,2026-09-04_16-24-07
8501150002,Sr. Construction Superintendent,"Hawthorne, CA",SpaceX,Operations - Construction,https://boards.greenhouse.io/spacex/jobs/8501150002?gh_jid=8501150002,6395765002,2026-04-09T20:27:52-04:00,2026-09-01T19:48:33-04:00,2026-09-04_16-24-07
8563021002,Sr. Construction Superintendent,"Bastrop, TX",SpaceX,Operations - Construction,https://boards.greenhouse.io/spacex/jobs/8563021002?gh_jid=8563021002,6379111002,2026-05-22T16:36:18-04:00,2026-09-01T19:48:33-04:00,2026-09-04_16-24-07
8734120002,Sr. Construction Superintendent - Texas Construction Projects,"Starbase, TX",SpaceX,Engineering - Civil,https://boards.greenhouse.io/spacex/jobs/8734120002?gh_jid=8734120002,6492138002,2026-08-25T17:22:23-04:00,2026-09-02T12:49:45-04:00,2026-09-04_16-24-07
8609148002,Sr. Corporate Counsel,"Hawthorne, CA",SpaceX,Corporate - Legal,https://boards.greenhouse.io/spacex/jobs/8609148002?gh_jid=8609148002,6438443002,2026-06-26T09:32:26-04:00,2026-09-01T19:48:33-04:00,2026-09-04_16-24-07
8460052002,Sr. Critical Lift & Transport Engineer (Falcon),"Vandenberg, CA",SpaceX,Engineering - Aerospace & Mechanical,https://boards.greenhouse.io/spacex/jobs/8460052002?gh_jid=8460052002,6379275002,2026-03-17T17:09:39-04:00,2026-09-01T19:48:33-04:00,2026-09-04_16-24-07
8413697002,Sr. Critical Lift & Transport Engineer (Starship),"Starbase, TX",SpaceX,Engineering - Aerospace & Mechanical,https://boards.greenhouse.io/spacex/jobs/8413697002?gh_jid=8413697002,6360821002,2026-02-13T12:20:22-05:00,2026-09-01T19:48:33-04:00,2026-09-04_16-24-07
8688114002,"Sr. Cyber Assurance Analyst, Finance","Hawthorne, CA",SpaceX,Engineering - Information Technology,https://boards.greenhouse.io/spacex/jobs/8688114002?gh_jid=8688114002,6471098002,2026-08-07T12:02:56-04:00,2026-09-01T19:48:33-04:00,2026-09-04_16-24-07
8692443002,"Sr. Cyber Assurance Analyst, Finance","Redmond, WA",SpaceX,Engineering - Information Technology,https://boards.greenhouse.io/spacex/jobs/8692443002?gh_jid=8692443002,6471098002,2026-08-07T18:56:07-04:00,2026-09-01T19:48:33-04:00,2026-09-04_16-24-07
8603677002,"Sr. Cyber Assurance Analyst, Starlink","Hawthorne, CA",SpaceX,Engineering - Information Technology,https://boards.greenhouse.io/spacex/jobs/8603677002?gh_jid=8603677002,6435543002,2026-06-23T13:51:55-04:00,2026-09-01T19:48:33-04:00,2026-09-04_16-24-07
8601804002,"Sr. Cyber Assurance Analyst, Starlink","Redmond, WA",SpaceX,Engineering - Information Technology,https://boards.greenhouse.io/spacex/jobs/8601804002?gh_jid=8601804002,6435543002,2026-06-23T13:51:56-04:00,2026-09-01T19:48:33-04:00,2026-09-04_16-24-07
8482128002,"Sr. Data Engineer, Ground Network Engineering (Business Analytics)","Redmond, WA",SpaceX,Engineering - Network,https://boards.greenhouse.io/spacex/jobs/8482128002?gh_jid=8482128002,6388060002,2026-04-17T18:04:09-04:00,2026-09-01T19:48:33-04:00,2026-09-04_16-24-07
8614287002,Sr. Design Criteria Engineer (Starshield),"Hawthorne, CA",SpaceX,Engineering - Aerospace & Mechanical,https://boards.greenhouse.io/spacex/jobs/8614287002?gh_jid=8614287002,6440435002,2026-06-30T19:43:02-04:00,2026-09-01T19:48:33-04:00,2026-09-04_16-24-07
8703186002,Sr. DSP Systems Engineer (Silicon Engineering),"Palo Alto, CA",SpaceX,Engineering - Silicon,https://boards.greenhouse.io/spacex/jobs/8703186002?gh_jid=8703186002,6476880002,2026-08-13T16:04:19-04:00,2026-09-01T19:48:33-04:00,2026-09-04_16-24-07
8700965002,Sr. DSP Systems Engineer (Silicon Engineering),"Irvine, CA",SpaceX,Engineering - Silicon,https://boards.greenhouse.io/spacex/jobs/8700965002?gh_jid=8700965002,6476880002,2026-08-13T16:04:00-04:00,2026-09-01T19:48:33-04:00,2026-09-04_16-24-07
8684274002,Sr. EHS Program Manager,"Bastrop, TX",SpaceX,Corporate - Environmental Health & Safety,https://boards.greenhouse.io/spacex/jobs/8684274002?gh_jid=8684274002,6469444002,2026-08-07T20:17:54-04:00,2026-09-01T19:48:33-04:00,2026-09-04_16-24-07
8780733002,Sr. Electrical Construction Project Engineer,"Starbase, TX",SpaceX,Engineering - Electrical,https://boards.greenhouse.io/spacex/jobs/8780733002?gh_jid=8780733002,6512671002,2026-09-02T23:52:51-04:00,2026-09-02T23:53:12-04:00,2026-09-04_16-24-07
8461552002,"Sr. Electrical Design Engineer, Electrical - (Starlink)","Redmond, WA",SpaceX,Engineering - Electrical,https://boards.greenhouse.io/spacex/jobs/8461552002?gh_jid=8461552002,6379860002,2026-03-16T13:46:12-04:00,2026-09-01T19:48:33-04:00,2026-09-04_16-24-07
8700489002,"Sr. Electrical Design Engineer, Gateways & Customer Hardware (Starlink)","Bastrop, TX",SpaceX,Engineering - Electrical,https://boards.greenhouse.io/spacex/jobs/8700489002?gh_jid=8700489002,6476663002,2026-08-13T10:48:02-04:00,2026-09-01T19:48:33-04:00,2026-09-04_16-24-07
8717268002,"Sr. Electrical Design Engineer, Laser Powder Bed Fusion Printers (Raptor)","Hawthorne, CA",SpaceX,Engineering - Electrical,https://boards.greenhouse.io/spacex/jobs/8717268002?gh_jid=8717268002,6484359002,2026-08-17T19:11:09-04:00,2026-09-01T19:48:33-04:00,2026-09-04_16-24-07
8627689002,"Sr. Electrical Design Engineer, Satellites Payload (Starlink)","Palo Alto, CA",SpaceX,Engineering - Electrical,https://boards.greenhouse.io/spacex/jobs/8627689002?gh_jid=8627689002,6445673002,2026-07-10T11:50:59-04:00,2026-09-01T19:48:33-04:00,2026-09-04_16-24-07
8703636002,"Sr. Electrical Design Engineer, Satellites (Starlink)","Redmond, WA",SpaceX,Engineering - Electrical,https://boards.greenhouse.io/spacex/jobs/8703636002?gh_jid=8703636002,6478106002,2026-08-14T12:34:40-04:00,2026-09-01T19:48:33-04:00,2026-09-04_16-24-07
8517504002,Sr. Electrical Design Engineer (Starshield),"Hawthorne, CA",SpaceX,Engineering - Electrical,https://boards.greenhouse.io/spacex/jobs/8517504002?gh_jid=8517504002,6402372002,2026-04-22T16:21:38-04:00,2026-09-01T19:48:33-04:00,2026-09-04_16-24-07
8658865002,"Sr. Electrical Engineer, Hardware Reliability (Starlink)","Bastrop, TX",SpaceX,Engineering - Electrical,https://boards.greenhouse.io/spacex/jobs/8658865002?gh_jid=8658865002,6457562002,2026-07-30T14:24:27-04:00,2026-09-01T19:48:33-04:00,2026-09-04_16-24-07
8609219002,Sr. Electrical Engineer (Power Systems),"McGregor, TX",SpaceX,Engineering - Electrical,https://boards.greenhouse.io/spacex/jobs/8609219002?gh_jid=8609219002,6438473002,2026-06-25T15:21:21-04:00,2026-09-01T19:48:33-04:00,2026-09-04_16-24-07
8639293002,"Sr. Electrical Hardware Engineer, AI Satellites (Starmind)","Bastrop, TX",SpaceX,Engineering - Electrical,https://boards.greenhouse.io/spacex/jobs/8639293002?gh_jid=8639293002,6450393002,2026-07-17T16:50:44-04:00,2026-09-01T19:48:33-04:00,2026-09-04_16-24-07
8501697002,Sr. Electrical Superintendent (Construction),"Hawthorne, CA",SpaceX,Operations - Construction,https://boards.greenhouse.io/spacex/jobs/8501697002?gh_jid=8501697002,6395765002,2026-04-10T11:04:46-04:00,2026-09-01T19:48:33-04:00,2026-09-04_16-24-07
8445604002,"Sr. Electrical Test and Reliability Engineer, Gateways (Starlink)","Bastrop, TX",SpaceX,Engineering - Electrical,https://boards.greenhouse.io/spacex/jobs/8445604002?gh_jid=8445604002,6373766002,2026-03-02T18:22:37-05:00,2026-09-01T19:48:33-04:00,2026-09-04_16-24-07
8700278002,"Sr. Electrical Test Development Engineer, Customer Hardware (Starlink)","Bastrop, TX",SpaceX,Engineering - Electrical,https://boards.greenhouse.io/spacex/jobs/8700278002?gh_jid=8700278002,6476617002,2026-08-12T18:10:55-04:00,2026-09-01T19:48:33-04:00,2026-09-04_16-24-07
8687116002,"Sr. Electrical Test Engineer, AI Satellites (Starmind)","Bastrop, TX",SpaceX,Engineering - Electrical,https://boards.greenhouse.io/spacex/jobs/8687116002?gh_jid=8687116002,6470696002,2026-08-06T09:22:50-04:00,2026-09-01T19:48:33-04:00,2026-09-04_16-24-07
8624708002,Sr. Embedded Security Engineer (Starlink),"Redmond, WA",SpaceX,Engineering - Security,https://boards.greenhouse.io/spacex/jobs/8624708002?gh_jid=8624708002,6444380002,2026-07-09T14:32:01-04:00,2026-09-01T19:48:33-04:00,2026-09-04_16-24-07
8624866002,Sr. Embedded Security Engineer (Starlink),"Bastrop, TX",SpaceX,Engineering - Security,https://boards.greenhouse.io/spacex/jobs/8624866002?gh_jid=8624866002,6444460002,2026-07-09T14:30:22-04:00,2026-09-01T19:48:33-04:00,2026-09-04_16-24-07
8579133002,"Sr. Embedded Software Engineer, Laser Mesh Routing (Starlink)","Redmond, WA",SpaceX,Engineering - Software & Analytics,https://boards.greenhouse.io/spacex/jobs/8579133002?gh_jid=8579133002,6426693002,2026-06-09T17:04:02-04:00,2026-09-01T19:48:33-04:00,2026-09-04_16-24-07
8579132002,"Sr. Embedded Software Engineer, Laser Mesh Routing (Starlink)","Palo Alto, CA",SpaceX,Engineering - Software & Analytics,https://boards.greenhouse.io/spacex/jobs/8579132002?gh_jid=8579132002,6426693002,2026-06-09T17:04:02-04:00,2026-09-01T19:48:33-04:00,2026-09-04_16-24-07
8567575002,"Sr. Embedded Software Engineer, OS/Platform (Starlink)","Bastrop, TX",SpaceX,Engineering - Software & Analytics,https://boards.greenhouse.io/spacex/jobs/8567575002?gh_jid=8567575002,6422035002,2026-06-08T12:48:37-04:00,2026-09-01T19:48:33-04:00,2026-09-04_16-24-07
8716175002,Sr. Embedded Software Engineer (Starlink),"Bastrop, TX",SpaceX,Engineering - Software & Analytics,https://boards.greenhouse.io/spacex/jobs/8716175002?gh_jid=8716175002,6483861002,2026-08-19T15:19:54-04:00,2026-09-01T19:48:33-04:00,2026-09-04_16-24-07
8645611002,"Sr. Enterprise Account Manager, Aviation","Redmond, WA",SpaceX,Corporate - Sales & Business Operations,https://boards.greenhouse.io/spacex/jobs/8645611002?gh_jid=8645611002,6452782002,2026-07-22T16:18:40-04:00,2026-09-01T19:48:33-04:00,2026-09-04_16-24-07
8646087002,"Sr. Enterprise Account Manager, Aviation","Woodinville, WA",SpaceX,Corporate - Sales & Business Operations,https://boards.greenhouse.io/spacex/jobs/8646087002?gh_jid=8646087002,6452782002,2026-07-22T16:18:41-04:00,2026-09-01T19:48:33-04:00,2026-09-04_16-24-07
8646110002,"Sr. Enterprise Account Manager, Aviation","Hawthorne, CA",SpaceX,Corporate - Sales & Business Operations,https://boards.greenhouse.io/spacex/jobs/8646110002?gh_jid=8646110002,6452782002,2026-07-22T16:18:43-04:00,2026-09-01T19:48:33-04:00,2026-09-04_16-24-07
8646104002,"Sr. Enterprise Account Manager, Aviation","Bastrop, TX",SpaceX,Corporate - Sales & Business Operations,https://boards.greenhouse.io/spacex/jobs/8646104002?gh_jid=8646104002,6452782002,2026-07-22T16:18:42-04:00,2026-09-01T19:48:33-04:00,2026-09-04_16-24-07
8584358002,Sr. Environmental Engineer,"McGregor, TX",SpaceX,Manufacturing - Environmental Health & Safety,https://boards.greenhouse.io/spacex/jobs/8584358002?gh_jid=8584358002,6428787002,2026-06-09T20:41:09-04:00,2026-09-01T19:48:33-04:00,2026-09-04_16-24-07
8654301002,Sr. Environmental Engineer,"Hawthorne, CA",SpaceX,Corporate - Environmental Health & Safety,https://boards.greenhouse.io/spacex/jobs/8654301002?gh_jid=8654301002,6456216002,2026-07-29T13:51:52-04:00,2026-09-01T19:48:33-04:00,2026-09-04_16-24-07
8584338002,Sr. Environmental Engineer,"Bastrop, TX",SpaceX,Manufacturing - Environmental Health & Safety,https://boards.greenhouse.io/spacex/jobs/8584338002?gh_jid=8584338002,6428787002,2026-06-09T20:41:09-04:00,2026-09-01T19:48:33-04:00,2026-09-04_16-24-07
8584360002,Sr. Environmental Engineer,"Starbase, TX",SpaceX,Manufacturing - Environmental Health & Safety,https://boards.greenhouse.io/spacex/jobs/8584360002?gh_jid=8584360002,6428787002,2026-06-09T20:41:10-04:00,2026-09-01T19:48:33-04:00,2026-09-04_16-24-07
8771139002,Sr. Environmental Engineer (AI Supercomputer),"Memphis, TN",SpaceX,Corporate - Environmental Health & Safety,https://boards.greenhouse.io/spacex/jobs/8771139002?gh_jid=8771139002,6509308002,2026-09-02T10:28:12-04:00,2026-09-02T10:28:12-04:00,2026-09-04_16-24-07
8782251002,Sr. Environmental Health & Safety Engineer,"Starbase, TX",SpaceX,Corporate - Environmental Health & Safety,https://boards.greenhouse.io/spacex/jobs/8782251002?gh_jid=8782251002,6484135002,2026-09-03T12:12:27-04:00,2026-09-03T12:12:27-04:00,2026-09-04_16-24-07
8716787002,Sr. Environmental Health & Safety Engineer,"McGregor, TX",SpaceX,Corporate - Environmental Health & Safety,https://boards.greenhouse.io/spacex/jobs/8716787002?gh_jid=8716787002,6484135002,2026-08-25T14:38:01-04:00,2026-09-01T19:48:33-04:00,2026-09-04_16-24-07
8716903002,Sr. Environmental Health & Safety Engineer,"Starbase, TX",SpaceX,Corporate - Environmental Health & Safety,https://boards.greenhouse.io/spacex/jobs/8716903002?gh_jid=8716903002,6484185002,2026-08-19T15:04:53-04:00,2026-09-01T19:48:33-04:00,2026-09-04_16-24-07
8782248002,Sr. Environmental Health & Safety Engineer,"Starbase, TX",SpaceX,Corporate - Environmental Health & Safety,https://boards.greenhouse.io/spacex/jobs/8782248002?gh_jid=8782248002,6484135002,2026-09-03T12:11:57-04:00,2026-09-03T12:11:57-04:00,2026-09-04_16-24-07
8700149002,Sr. Environmental Health & Safety Engineer (Raptor/Starship),"Hawthorne, CA",SpaceX,Corporate - Environmental Health & Safety,https://boards.greenhouse.io/spacex/jobs/8700149002?gh_jid=8700149002,6476577002,2026-08-13T19:41:43-04:00,2026-09-01T19:48:33-04:00,2026-09-04_16-24-07
8494224002,Sr. Environmental Health & Safety Engineer (Satellites),"Hawthorne, CA",SpaceX,Corporate - Environmental Health & Safety,https://boards.greenhouse.io/spacex/jobs/8494224002?gh_jid=8494224002,6392875002,2026-04-07T12:47:55-04:00,2026-09-01T19:48:33-04:00,2026-09-04_16-24-07
8693664002,"Sr. Equipment Engineer, Insource Manufacturing","Bastrop, TX",SpaceX,Engineering - Aerospace & Mechanical,https://boards.greenhouse.io/spacex/jobs/8693664002?gh_jid=8693664002,6473550002,2026-08-11T16:51:32-04:00,2026-09-01T19:48:33-04:00,2026-09-04_16-24-07
8563302002,Sr. Equipment Reliability Engineer (Starship),"Starbase, TX",SpaceX,Engineering - Aerospace & Mechanical,https://boards.greenhouse.io/spacex/jobs/8563302002?gh_jid=8563302002,6420375002,2026-06-20T10:19:24-04:00,2026-09-01T19:48:33-04:00,2026-09-04_16-24-07
8611235002,Sr. Facilities Engineer (Fluids & Cryogenics),"Redmond, WA",SpaceX,Engineering - Aerospace & Mechanical,https://boards.greenhouse.io/spacex/jobs/8611235002?gh_jid=8611235002,6439270002,2026-07-05T22:18:54-04:00,2026-09-01T19:48:33-04:00,2026-09-04_16-24-07
8524824002,"Sr. Facilities Engineer, Solar Cell Factory (Starlink)","Bastrop, TX",SpaceX,Engineering - Aerospace & Mechanical,https://boards.greenhouse.io/spacex/jobs/8524824002?gh_jid=8524824002,6404818002,2026-04-29T11:03:02-04:00,2026-09-01T19:48:33-04:00,2026-09-04_16-24-07
8575823002,Sr. Facilities Engineer (Starlink),"Redmond, WA",SpaceX,Engineering - Aerospace & Mechanical,https://boards.greenhouse.io/spacex/jobs/8575823002?gh_jid=8575823002,6407180002,2026-06-02T17:59:36-04:00,2026-09-01T19:48:33-04:00,2026-09-04_16-24-07
8727922002,Sr. Facilities Specialist,"Hawthorne, CA",SpaceX,Operations - Facilities,https://boards.greenhouse.io/spacex/jobs/8727922002?gh_jid=8727922002,6489385002,2026-08-18T16:27:20-04:00,2026-09-01T19:48:33-04:00,2026-09-04_16-24-07
8769926002,"Sr. Failure Analysis Engineer, Microelectronics (Starlink)","Bastrop, TX",SpaceX,Engineering - Electrical,https://boards.greenhouse.io/spacex/jobs/8769926002?gh_jid=8769926002,6508761002,2026-09-01T14:54:52-04:00,2026-09-01T19:48:33-04:00,2026-09-04_16-24-07
8525768002,Sr. Financial Analyst,"Hawthorne, CA",SpaceX,Corporate - Finance & Accounting,https://boards.greenhouse.io/spacex/jobs/8525768002?gh_jid=8525768002,6398479002,2026-04-27T20:03:01-04:00,2026-09-01T19:48:33-04:00,2026-09-04_16-24-07
8612940002,"Sr. Financial Analyst, Investor Relations","Hawthorne, CA",SpaceX,Corporate - Finance & Accounting,https://boards.greenhouse.io/spacex/jobs/8612940002?gh_jid=8612940002,6439935002,2026-06-30T13:44:45-04:00,2026-09-01T19:48:33-04:00,2026-09-04_16-24-07
8449709002,"Sr. Fluids Systems Engineer, Solar Cell Factory (Starlink)","Bastrop, TX",SpaceX,Engineering - Aerospace & Mechanical,https://boards.greenhouse.io/spacex/jobs/8449709002?gh_jid=8449709002,6375272002,2026-03-04T19:00:32-05:00,2026-09-01T19:48:33-04:00,2026-09-04_16-24-07
8524041002,Sr. Full Chip Physical Verification Engineer (Silicon Engineering),"Palo Alto, CA",SpaceX,Engineering - Silicon,https://boards.greenhouse.io/spacex/jobs/8524041002?gh_jid=8524041002,6404535002,2026-05-01T15:06:24-04:00,2026-09-01T19:48:33-04:00,2026-09-04_16-24-07
8533363002,Sr. Full Chip Physical Verification Engineer (Silicon Engineering),"Austin, TX",SpaceX,Engineering - Silicon,https://boards.greenhouse.io/spacex/jobs/8533363002?gh_jid=8533363002,6404535002,2026-05-01T15:06:25-04:00,2026-09-01T19:48:33-04:00,2026-09-04_16-24-07
8572143002,Sr. Full Chip Physical Verification Engineer (Silicon Engineering),"Irvine, CA",SpaceX,Engineering - Silicon,https://boards.greenhouse.io/spacex/jobs/8572143002?gh_jid=8572143002,6404535002,2026-05-29T19:16:34-04:00,2026-09-01T19:48:33-04:00,2026-09-04_16-24-07
8594457002,Sr. Full Stack Engineer (Application Software),"Hawthorne, CA",SpaceX,Engineering - Software & Analytics,https://boards.greenhouse.io/spacex/jobs/8594457002?gh_jid=8594457002,6432741002,2026-06-16T13:32:14-04:00,2026-09-01T19:48:33-04:00,2026-09-04_16-24-07
8650986002,Sr. Full Stack Engineer (Application Software),"Starbase, TX",SpaceX,Engineering - Software & Analytics,https://boards.greenhouse.io/spacex/jobs/8650986002?gh_jid=8650986002,6439251002,2026-07-26T18:27:58-04:00,2026-09-01T19:48:33-04:00,2026-09-04_16-24-07
8663952002,Sr. Full Stack Engineer (Application Software),"Bastrop, TX",SpaceX,Engineering - Software & Analytics,https://boards.greenhouse.io/spacex/jobs/8663952002?gh_jid=8663952002,6439827002,2026-07-31T19:11:08-04:00,2026-09-01T19:48:33-04:00,2026-09-04_16-24-07
8769502002,"Sr. Full Stack Engineer, Developer Systems","Hawthorne, CA",SpaceX,Engineering - Software & Analytics,https://boards.greenhouse.io/spacex/jobs/8769502002?gh_jid=8769502002,6432741002,2026-09-01T11:30:50-04:00,2026-09-01T19:48:33-04:00,2026-09-04_16-24-07
8649509002,"Sr. Full Stack Engineer, Employee Experience","Hawthorne, CA",SpaceX,Engineering - Software & Analytics,https://boards.greenhouse.io/spacex/jobs/8649509002?gh_jid=8649509002,6432741002,2026-07-24T22:49:13-04:00,2026-09-01T19:48:33-04:00,2026-09-04_16-24-07
8692498002,"Sr. Full Stack Engineer, Finance","Hawthorne, CA",SpaceX,Engineering - Software & Analytics,https://boards.greenhouse.io/spacex/jobs/8692498002?gh_jid=8692498002,6432741002,2026-08-07T21:08:25-04:00,2026-09-01T19:48:33-04:00,2026-09-04_16-24-07
8696900002,"Sr. Full Stack Engineer, Internal Systems","Bastrop, TX",SpaceX,Engineering - Software & Analytics,https://boards.greenhouse.io/spacex/jobs/8696900002?gh_jid=8696900002,6439827002,2026-08-11T14:54:52-04:00,2026-09-01T19:48:33-04:00,2026-09-04_16-24-07
8675900002,"Sr. Full Stack Engineer, Internal Systems","Hawthorne, CA",SpaceX,Engineering - Software & Analytics,https://boards.greenhouse.io/spacex/jobs/8675900002?gh_jid=8675900002,6432741002,2026-08-04T11:09:23-04:00,2026-09-01T19:48:33-04:00,2026-09-04_16-24-07
8738608002,"Sr. Full Stack Engineer, Manufacturing Systems","Bastrop, TX",SpaceX,Engineering - Software & Analytics,https://boards.greenhouse.io/spacex/jobs/8738608002?gh_jid=8738608002,6439827002,2026-08-21T15:58:52-04:00,2026-09-01T19:48:33-04:00,2026-09-04_16-24-07
8650989002,"Sr. Full Stack Engineer, Manufacturing Systems","Hawthorne, CA",SpaceX,Engineering - Software & Analytics,https://boards.greenhouse.io/spacex/jobs/8650989002?gh_jid=8650989002,6432741002,2026-07-26T18:46:02-04:00,2026-09-01T19:48:33-04:00,2026-09-04_16-24-07
8628284002,Sr. Full Stack Software Engineer (Components),"Hawthorne, CA",SpaceX,Engineering - Software & Analytics,https://boards.greenhouse.io/spacex/jobs/8628284002?gh_jid=8628284002,6445903002,2026-07-10T14:51:41-04:00,2026-09-01T19:48:33-04:00,2026-09-04_16-24-07
8505483002,Sr. Full Stack Software Engineer (Starlink),"Palo Alto, CA",SpaceX,Engineering - Software & Analytics,https://boards.greenhouse.io/spacex/jobs/8505483002?gh_jid=8505483002,6397350002,2026-04-14T15:59:02-04:00,2026-09-01T19:48:33-04:00,2026-09-04_16-24-07
8577318002,Sr. Gateway Site Development Engineer (Starlink),"Redmond, WA",SpaceX,Engineering - Aerospace & Mechanical,https://boards.greenhouse.io/spacex/jobs/8577318002?gh_jid=8577318002,6425985002,2026-06-04T19:11:28-04:00,2026-09-01T19:48:33-04:00,2026-09-04_16-24-07
8679984002,Sr. Global Operations Engineer (Starlink),"Bastrop, TX",SpaceX,Corporate - Sales & Business Operations,https://boards.greenhouse.io/spacex/jobs/8679984002?gh_jid=8679984002,6467509002,2026-08-04T19:48:57-04:00,2026-09-01T19:48:33-04:00,2026-09-04_16-24-07
8567314002,"Sr. Global Supply Manager, Battery and Raw Materials (Starlink)","Redmond, WA",SpaceX,Supply Chain & Logistics - Sourcing & Planning,https://boards.greenhouse.io/spacex/jobs/8567314002?gh_jid=8567314002,6421950002,2026-05-27T16:15:16-04:00,2026-09-01T19:48:33-04:00,2026-09-04_16-24-07
8766356002,"Sr. Global Supply Manager, Capital Equipment & Construction (Starlink)","Bastrop, TX",SpaceX,Supply Chain & Logistics - Sourcing & Planning,https://boards.greenhouse.io/spacex/jobs/8766356002?gh_jid=8766356002,6507102002,2026-09-01T18:00:14-04:00,2026-09-01T19:48:33-04:00,2026-09-04_16-24-07
8734108002,"Sr. Global Supply Manager, Capital Equipment (Terafab)","Bastrop, TX",SpaceX,Supply Chain & Logistics - Sourcing & Planning,https://boards.greenhouse.io/spacex/jobs/8734108002?gh_jid=8734108002,6400092002,2026-08-20T15:17:16-04:00,2026-09-01T19:48:33-04:00,2026-09-04_16-24-07
8761380002,"Sr. Global Supply Manager, Construction (Terafab)","Bastrop, TX",SpaceX,Supply Chain & Logistics - Sourcing & Planning,https://boards.greenhouse.io/spacex/jobs/8761380002?gh_jid=8761380002,6504693002,2026-08-31T17:10:29-04:00,2026-09-01T19:48:33-04:00,2026-09-04_16-24-07
8632327002,"Sr. Global Supply Manager, Datacenter Memory and Storage (Starlink)","Austin, TX",SpaceX,Supply Chain & Logistics - Sourcing & Planning,https://boards.greenhouse.io/spacex/jobs/8632327002?gh_jid=8632327002,6447606002,2026-07-15T12:42:24-04:00,2026-09-01T19:48:33-04:00,2026-09-04_16-24-07
8710042002,"Sr. Global Supply Manager, Datacenter Memory and Storage (Starlink)","Palo Alto, CA",SpaceX,Supply Chain & Logistics - Sourcing & Planning,https://boards.greenhouse.io/spacex/jobs/8710042002?gh_jid=8710042002,6447606002,2026-08-13T20:17:06-04:00,2026-09-02T12:37:29-04:00,2026-09-04_16-24-07
8610224002,"Sr. Global Supply Manager, Semiconductor Intellectual Property","Bastrop, TX",SpaceX,Supply Chain & Logistics - Sourcing & Planning,https://boards.greenhouse.io/spacex/jobs/8610224002?gh_jid=8610224002,6438823002,2026-06-30T11:12:29-04:00,2026-09-01T19:48:33-04:00,2026-09-04_16-24-07
8562829002,Sr. Global Supply Manager (Starlink),"Redmond, WA",SpaceX,Supply Chain & Logistics - Sourcing & Planning,https://boards.greenhouse.io/spacex/jobs/8562829002?gh_jid=8562829002,6420171002,2026-05-22T15:51:23-04:00,2026-09-01T19:48:33-04:00,2026-09-04_16-24-07
8559003002,Sr. GNC Engineer (Starship),"Starbase, TX",SpaceX,Engineering - Aerospace & Mechanical,https://boards.greenhouse.io/spacex/jobs/8559003002?gh_jid=8559003002,6418834002,2026-05-22T16:13:12-04:00,2026-09-01T19:48:33-04:00,2026-09-04_16-24-07
8628384002,Sr. GNC Engineer (Starship) Controls,"Starbase, TX",SpaceX,Engineering - Aerospace & Mechanical,https://boards.greenhouse.io/spacex/jobs/8628384002?gh_jid=8628384002,6418834002,2026-07-13T13:56:36-04:00,2026-09-01T19:48:33-04:00,2026-09-04_16-24-07
8536770002,Sr. Government Affairs Manager,"Washington, DC",SpaceX,Corporate - Government Affairs,https://boards.greenhouse.io/spacex/jobs/8536770002?gh_jid=8536770002,6409435002,2026-05-05T18:36:10-04:00,2026-09-01T19:48:33-04:00,2026-09-04_16-24-07
8647025002,Sr. Government Program Development Manager (Government Compute/ Intelligence Community),"Washington, DC",SpaceX,Corporate - Sales & Business Operations,https://boards.greenhouse.io/spacex/jobs/8647025002?gh_jid=8647025002,6453341002,2026-07-27T14:07:29-04:00,2026-09-01T19:48:33-04:00,2026-09-04_16-24-07
8731862002,"Sr. Graphic Designer, Marketing & Communications","Hawthorne, CA",SpaceX,Corporate - Marketing & Communications,https://boards.greenhouse.io/spacex/jobs/8731862002?gh_jid=8731862002,6491212002,2026-08-20T17:29:44-04:00,2026-09-01T19:48:33-04:00,2026-09-04_16-24-07
8627691002,"Sr. Hardware Design Engineer - Electrical, Satellites Payload (Starlink)","Palo Alto, CA",SpaceX,Engineering - Electrical,https://boards.greenhouse.io/spacex/jobs/8627691002?gh_jid=8627691002,6445673002,2026-07-10T11:51:00-04:00,2026-09-01T19:48:33-04:00,2026-09-04_16-24-07
8461550002,Sr. Hardware Development Electrical Engineer - (Starlink),"Redmond, WA",SpaceX,Engineering - Electrical,https://boards.greenhouse.io/spacex/jobs/8461550002?gh_jid=8461550002,6379860002,2026-03-16T13:46:12-04:00,2026-09-01T19:48:33-04:00,2026-09-04_16-24-07
8445597002,"Sr. Hardware Development Engineer, Gateway Failure Analysis (Starlink)","Bastrop, TX",SpaceX,Engineering - Electrical,https://boards.greenhouse.io/spacex/jobs/8445597002?gh_jid=8445597002,6373766002,2026-03-02T18:22:37-05:00,2026-09-01T19:48:33-04:00,2026-09-04_16-24-07
8700513002,"Sr. Hardware Engineer, Gateways & Customer Hardware (Starlink)","Bastrop, TX",SpaceX,Engineering - Electrical,https://boards.greenhouse.io/spacex/jobs/8700513002?gh_jid=8700513002,6476663002,2026-08-13T10:48:03-04:00,2026-09-01T19:48:33-04:00,2026-09-04_16-24-07
8573251002,Sr. Hardware / Infrastructure Site Reliability Engineer (Starlink),"Redmond, WA",SpaceX,Engineering - Software & Analytics,https://boards.greenhouse.io/spacex/jobs/8573251002?gh_jid=8573251002,6424293002,2026-06-08T11:27:55-04:00,2026-09-01T19:48:33-04:00,2026-09-04_16-24-07
8625580002,"Sr. Hardware Reliability Engineer, Electrical (Starshield)","Hawthorne, CA",SpaceX,Engineering - Electrical,https://boards.greenhouse.io/spacex/jobs/8625580002?gh_jid=8625580002,6444870002,2026-07-08T20:51:24-04:00,2026-09-01T19:48:33-04:00,2026-09-04_16-24-07
8726332002,Sr. Hardware Reliability Engineer (Starlink Aviation),"Woodinville, WA",SpaceX,Engineering - Aerospace & Mechanical,https://boards.greenhouse.io/spacex/jobs/8726332002?gh_jid=8726332002,6488630002,2026-08-18T12:39:53-04:00,2026-09-01T19:48:33-04:00,2026-09-04_16-24-07
8627595002,Sr. High Performance Computing (HPC) Systems Engineer,"Starbase, TX",SpaceX,Engineering - Software & Analytics,https://boards.greenhouse.io/spacex/jobs/8627595002?gh_jid=8627595002,6445634002,2026-07-09T20:23:38-04:00,2026-09-01T19:48:33-04:00,2026-09-04_16-24-07
8627593002,Sr. High Performance Computing (HPC) Systems Engineer,"Hawthorne, CA",SpaceX,Engineering - Software & Analytics,https://boards.greenhouse.io/spacex/jobs/8627593002?gh_jid=8627593002,6445634002,2026-07-09T20:23:37-04:00,2026-09-01T19:48:33-04:00,2026-09-04_16-24-07
8642117002,Sr. High-Speed Electro-Optical IC Engineer (RFIC Engineering),"Redmond, WA",SpaceX,Engineering - Silicon,https://boards.greenhouse.io/spacex/jobs/8642117002?gh_jid=8642117002,6451396002,2026-07-21T11:13:10-04:00,2026-09-01T19:48:33-04:00,2026-09-04_16-24-07
8436754002,Sr. HR Investigator (Employee Relations),"Redmond, WA",SpaceX,Corporate - Human Resources,https://boards.greenhouse.io/spacex/jobs/8436754002?gh_jid=8436754002,6370082002,2026-02-25T12:16:14-05:00,2026-09-01T19:48:33-04:00,2026-09-04_16-24-07
8530754002,Sr. Human Resources Business Partner,"Redmond, WA",SpaceX,Corporate - Human Resources,https://boards.greenhouse.io/spacex/jobs/8530754002?gh_jid=8530754002,6406873002,2026-04-29T19:26:06-04:00,2026-09-01T19:48:33-04:00,2026-09-04_16-24-07
8681187002,Sr. Human Resources Investigator,"Redmond, WA",SpaceX,Corporate - Human Resources,https://boards.greenhouse.io/spacex/jobs/8681187002?gh_jid=8681187002,6468089002,2026-08-04T22:12:43-04:00,2026-09-01T19:48:33-04:00,2026-09-04_16-24-07
8681182002,Sr. Human Resources Investigator,"Bastrop, TX",SpaceX,Corporate - Human Resources,https://boards.greenhouse.io/spacex/jobs/8681182002?gh_jid=8681182002,6468089002,2026-08-04T22:12:42-04:00,2026-09-01T19:48:33-04:00,2026-09-04_16-24-07
8501694002,Sr. HVAC and Mechanical Piping Superintendent,"Hawthorne, CA",SpaceX,Operations - Construction,https://boards.greenhouse.io/spacex/jobs/8501694002?gh_jid=8501694002,6395765002,2026-04-10T11:04:01-04:00,2026-09-01T19:48:33-04:00,2026-09-04_16-24-07
8579763002,Sr. HVAC Design Engineer,"Hawthorne, CA",SpaceX,Engineering - Aerospace & Mechanical,https://boards.greenhouse.io/spacex/jobs/8579763002?gh_jid=8579763002,6426941002,2026-06-05T19:06:22-04:00,2026-09-01T19:48:33-04:00,2026-09-04_16-24-07
8460765002,Sr. IC Package Design Engineer (Silicon Engineering),"Irvine, CA",SpaceX,Engineering - Silicon,https://boards.greenhouse.io/spacex/jobs/8460765002?gh_jid=8460765002,6379522002,2026-03-12T14:15:37-04:00,2026-09-01T19:48:33-04:00,2026-09-04_16-24-07
8560118002,Sr. IC Package Design Engineer (Silicon Engineering),"Austin, TX",SpaceX,Engineering - Silicon,https://boards.greenhouse.io/spacex/jobs/8560118002?gh_jid=8560118002,6379522002,2026-05-21T11:04:53-04:00,2026-09-01T19:48:33-04:00,2026-09-04_16-24-07
8701719002,"Sr. IC Packaging Test Engineer, Silicon Technology (Starlink)","Bastrop, TX",SpaceX,Engineering - Silicon,https://boards.greenhouse.io/spacex/jobs/8701719002?gh_jid=8701719002,6477171002,2026-08-12T19:18:18-04:00,2026-09-01T19:48:33-04:00,2026-09-04_16-24-07
8570049002,Sr. Industrial Hygienist,"Starbase, TX",SpaceX,Corporate - Environmental Health & Safety,https://boards.greenhouse.io/spacex/jobs/8570049002?gh_jid=8570049002,6423037002,2026-06-01T16:12:09-04:00,2026-09-01T19:48:33-04:00,2026-09-04_16-24-07
8694897002,Sr. Industrial Hygienist,"Hawthorne, CA",SpaceX,Corporate - Environmental Health & Safety,https://boards.greenhouse.io/spacex/jobs/8694897002?gh_jid=8694897002,6474105002,2026-08-12T18:18:39-04:00,2026-09-01T19:48:33-04:00,2026-09-04_16-24-07
8570048002,Sr. Industrial Hygienist,"Bastrop, TX",SpaceX,Corporate - Environmental Health & Safety,https://boards.greenhouse.io/spacex/jobs/8570048002?gh_jid=8570048002,6423037002,2026-06-01T16:12:08-04:00,2026-09-01T19:48:33-04:00,2026-09-04_16-24-07
8570047002,Sr. Industrial Hygienist,"McGregor, TX",SpaceX,Corporate - Environmental Health & Safety,https://boards.greenhouse.io/spacex/jobs/8570047002?gh_jid=8570047002,6423037002,2026-06-01T16:12:08-04:00,2026-09-01T19:48:33-04:00,2026-09-04_16-24-07
8570042002,Sr. Industrial Hygienist,"Hawthorne, CA",SpaceX,Corporate - Environmental Health & Safety,https://boards.greenhouse.io/spacex/jobs/8570042002?gh_jid=8570042002,6423037002,2026-06-01T16:12:07-04:00,2026-09-01T19:48:33-04:00,2026-09-04_16-24-07
8493014002,"Sr. Instrumentation & Controls Engineer, Solar Cell Factory (Starlink)","Bastrop, TX",SpaceX,Engineering - Automation & Controls,https://boards.greenhouse.io/spacex/jobs/8493014002?gh_jid=8493014002,6385670002,2026-04-02T18:00:28-04:00,2026-09-01T19:48:33-04:00,2026-09-04_16-24-07
8758274002,Sr. Internal Audit Manager,"Hawthorne, CA",SpaceX,Corporate - Finance & Accounting,https://boards.greenhouse.io/spacex/jobs/8758274002?gh_jid=8758274002,6503329002,2026-08-31T15:26:15-04:00,2026-09-01T19:48:33-04:00,2026-09-04_16-24-07
8757406002,Sr. IT Network Engineer,"Hawthorne, CA",SpaceX,Engineering - Information Technology,https://boards.greenhouse.io/spacex/jobs/8757406002?gh_jid=8757406002,6502936002,2026-08-28T12:23:58-04:00,2026-09-01T19:48:33-04:00,2026-09-04_16-24-07
8758307002,Sr. IT Network Engineer,"Starbase, TX",SpaceX,Engineering - Information Technology,https://boards.greenhouse.io/spacex/jobs/8758307002?gh_jid=8758307002,6503345002,2026-08-28T12:26:19-04:00,2026-09-01T19:48:33-04:00,2026-09-04_16-24-07
8641301002,"Sr. IT Systems Administrator, IT Applications","Bastrop, TX",SpaceX,Engineering - Information Technology,https://boards.greenhouse.io/spacex/jobs/8641301002?gh_jid=8641301002,6450167002,2026-07-20T12:52:43-04:00,2026-09-01T19:48:33-04:00,2026-09-04_16-24-07
8638708002,"Sr. IT Systems Administrator, IT Applications","Hawthorne, CA",SpaceX,Engineering - Information Technology,https://boards.greenhouse.io/spacex/jobs/8638708002?gh_jid=8638708002,6450167002,2026-07-20T12:52:42-04:00,2026-09-01T19:48:33-04:00,2026-09-04_16-24-07
8641290002,"Sr. IT Systems Administrator, IT Applications","Redmond, WA",SpaceX,Engineering - Information Technology,https://boards.greenhouse.io/spacex/jobs/8641290002?gh_jid=8641290002,6450167002,2026-07-20T12:52:42-04:00,2026-09-01T19:48:33-04:00,2026-09-04_16-24-07
8601161002,Sr. IT Systems Administrator (Top Secret Clearance),"Washington, DC",SpaceX,Engineering - Information Technology,https://boards.greenhouse.io/spacex/jobs/8601161002?gh_jid=8601161002,6435268002,2026-06-19T12:45:31-04:00,2026-09-01T19:48:33-04:00,2026-09-04_16-24-07
8573253002,Sr. Kubernetes Platform Site Reliability Engineer (Starlink),"Redmond, WA",SpaceX,Engineering - Software & Analytics,https://boards.greenhouse.io/spacex/jobs/8573253002?gh_jid=8573253002,6424293002,2026-06-08T11:27:54-04:00,2026-09-01T19:48:33-04:00,2026-09-04_16-24-07
8622341002,"Sr. Launch Engineer, Stage 0 Propellant Generation (Starship)","Cape Canaveral, FL",SpaceX,Engineering - Aerospace & Mechanical,https://boards.greenhouse.io/spacex/jobs/8622341002?gh_jid=8622341002,6443418002,2026-07-07T09:53:44-04:00,2026-09-01T19:48:33-04:00,2026-09-04_16-24-07
8530158002,Sr. Launch Reliability Engineer (Launch Pads & Recovery),"Cape Canaveral, FL",SpaceX,Engineering - Aerospace & Mechanical,https://boards.greenhouse.io/spacex/jobs/8530158002?gh_jid=8530158002,6406637002,2026-04-29T15:44:16-04:00,2026-09-01T19:48:33-04:00,2026-09-04_16-24-07
8683444002,"Sr. Legal Analyst, Product (Starlink)","Washington, DC",SpaceX,Corporate - Legal,https://boards.greenhouse.io/spacex/jobs/8683444002?gh_jid=8683444002,6469083002,2026-08-06T14:08:08-04:00,2026-09-01T19:48:33-04:00,2026-09-04_16-24-07
8726371002,"Sr. Manager, Finance","Austin, TX",SpaceX,Corporate - Finance & Accounting,https://boards.greenhouse.io/spacex/jobs/8726371002?gh_jid=8726371002,6488651002,2026-08-18T18:03:40-04:00,2026-09-01T19:48:33-04:00,2026-09-04_16-24-07
8748895002,"Sr. Manager, Hospitality","Starbase, TX",SpaceX,Operations - Food Services,https://boards.greenhouse.io/spacex/jobs/8748895002?gh_jid=8748895002,6499071002,2026-08-27T11:31:50-04:00,2026-09-01T19:48:33-04:00,2026-09-04_16-24-07
8755737002,"Sr. Manager, Hospitality","Bastrop, TX",SpaceX,Operations - Food Services,https://boards.greenhouse.io/spacex/jobs/8755737002?gh_jid=8755737002,6499071002,2026-08-27T11:36:15-04:00,2026-09-01T19:48:33-04:00,2026-09-04_16-24-07
8715792002,"Sr. Manager, Indirect Tax","Hawthorne, CA",SpaceX,Corporate - Finance & Accounting,https://boards.greenhouse.io/spacex/jobs/8715792002?gh_jid=8715792002,6483730002,2026-08-14T14:04:08-04:00,2026-09-01T19:48:33-04:00,2026-09-04_16-24-07
8662131002,"Sr. Manager, Launch Fabrication (Starship)","Starbase, TX",SpaceX,Manufacturing - Leadership,https://boards.greenhouse.io/spacex/jobs/8662131002?gh_jid=8662131002,6458891002,2026-07-31T17:30:41-04:00,2026-09-01T19:48:33-04:00,2026-09-04_16-24-07
8680649002,"Sr. Manager, Payroll","Hawthorne, CA",SpaceX,Corporate - Finance & Accounting,https://boards.greenhouse.io/spacex/jobs/8680649002?gh_jid=8680649002,6467823002,2026-08-11T17:54:22-04:00,2026-09-01T19:48:33-04:00,2026-09-04_16-24-07
8721106002,"Sr. Manager, Power Plant (Starship)","Starbase, TX",SpaceX,Operations - Construction,https://boards.greenhouse.io/spacex/jobs/8721106002?gh_jid=8721106002,6486202002,2026-08-17T12:46:30-04:00,2026-09-01T19:48:33-04:00,2026-09-04_16-24-07
8694471002,"Sr. Manager, Security","Memphis, TN",SpaceX,Operations - Physical Security,https://boards.greenhouse.io/spacex/jobs/8694471002?gh_jid=8694471002,6473937002,2026-08-10T20:01:34-04:00,2026-09-01T19:48:33-04:00,2026-09-04_16-24-07
8657639002,"Sr. Manager, Security Hardware","Hawthorne, CA",SpaceX,Operations - Physical Security,https://boards.greenhouse.io/spacex/jobs/8657639002?gh_jid=8657639002,6457120002,2026-07-29T20:36:23-04:00,2026-09-01T19:48:33-04:00,2026-09-04_16-24-07
8728755002,"Sr. Manager, Starlink Enterprise Accounts (State & Local Programs)","Bastrop, TX",SpaceX,Corporate - Sales & Business Operations,https://boards.greenhouse.io/spacex/jobs/8728755002?gh_jid=8728755002,6489737002,2026-08-18T20:37:44-04:00,2026-09-01T19:48:33-04:00,2026-09-04_16-24-07
8648026002,"Sr. Manager, Supply Chain - Datacenter Compute Infrastructure (Starlink)","Austin, TX",SpaceX,Supply Chain & Logistics - Sourcing & Planning,https://boards.greenhouse.io/spacex/jobs/8648026002?gh_jid=8648026002,6453151002,2026-07-23T17:57:42-04:00,2026-09-02T12:38:43-04:00,2026-09-04_16-24-07
8646604002,"Sr. Manager, Supply Chain - Datacenter Compute Infrastructure (Starlink)","Palo Alto, CA",SpaceX,Supply Chain & Logistics - Sourcing & Planning,https://boards.greenhouse.io/spacex/jobs/8646604002?gh_jid=8646604002,6453151002,2026-07-23T17:57:41-04:00,2026-09-02T12:38:32-04:00,2026-09-04_16-24-07
8770206002,"Sr. Manufacturing Engineer, Blades and Vanes","Bastrop, TX",SpaceX,Manufacturing - Machining,https://boards.greenhouse.io/spacex/jobs/8770206002?gh_jid=8770206002,6508896002,2026-09-02T13:04:37-04:00,2026-09-02T13:04:37-04:00,2026-09-04_16-24-07
8508356002,"Sr. Manufacturing Engineer, Machining (Starship)","Hawthorne, CA",SpaceX,Engineering - Aerospace & Mechanical,https://boards.greenhouse.io/spacex/jobs/8508356002?gh_jid=8508356002,6398815002,2026-04-15T11:47:50-04:00,2026-09-01T19:48:33-04:00,2026-09-04_16-24-07
8588509002,Sr. Manufacturing Engineer (Starship),"Starbase, TX",SpaceX,Engineering - Aerospace & Mechanical,https://boards.greenhouse.io/spacex/jobs/8588509002?gh_jid=8588509002,6416540002,2026-06-11T13:41:02-04:00,2026-09-01T19:48:33-04:00,2026-09-04_16-24-07
8550900002,Sr. Manufacturing Engineer (Starship Components Operations),"Hawthorne, CA",SpaceX,Engineering - Aerospace & Mechanical,https://boards.greenhouse.io/spacex/jobs/8550900002?gh_jid=8550900002,6415350002,2026-05-14T20:35:44-04:00,2026-09-01T19:48:33-04:00,2026-09-04_16-24-07
8574359002,"Sr. Manufacturing Engineer, Tool & Die Machining - 2nd Shift","Bastrop, TX",SpaceX,Engineering - Aerospace & Mechanical,https://boards.greenhouse.io/spacex/jobs/8574359002?gh_jid=8574359002,6424761002,2026-06-03T14:21:14-04:00,2026-09-01T19:48:33-04:00,2026-09-04_16-24-07
8612932002,"Sr. Manufacturing Engineer, Tool & Die Machining (Starlink)","Bastrop, TX",SpaceX,Engineering - Aerospace & Mechanical,https://boards.greenhouse.io/spacex/jobs/8612932002?gh_jid=8612932002,6439931002,2026-06-30T16:27:58-04:00,2026-09-01T19:48:33-04:00,2026-09-04_16-24-07
8645172002,"Sr. Materials Engineer, AI Satellites (Starmind)","Bastrop, TX",SpaceX,Engineering - Materials,https://boards.greenhouse.io/spacex/jobs/8645172002?gh_jid=8645172002,6452671002,2026-07-22T11:41:55-04:00,2026-09-01T19:48:33-04:00,2026-09-04_16-24-07
8502953002,"Sr. Materials Engineer, Blades and Vanes Foundry","Bastrop, TX",SpaceX,Engineering - Materials,https://boards.greenhouse.io/spacex/jobs/8502953002?gh_jid=8502953002,6396327002,2026-04-13T13:38:48-04:00,2026-09-01T19:48:33-04:00,2026-09-04_16-24-07
8553017002,"Sr. Materials Engineer, Electronic Materials","Bastrop, TX",SpaceX,Engineering - Materials,https://boards.greenhouse.io/spacex/jobs/8553017002?gh_jid=8553017002,6416252002,2026-05-18T16:16:44-04:00,2026-09-01T19:48:33-04:00,2026-09-04_16-24-07
8584993002,"Sr. Materials Engineer, Materials Laboratory","Hawthorne, CA",SpaceX,Engineering - Materials,https://boards.greenhouse.io/spacex/jobs/8584993002?gh_jid=8584993002,6429060002,2026-06-10T13:24:24-04:00,2026-09-01T19:48:33-04:00,2026-09-04_16-24-07
8617050002,"Sr. Materials Engineer, Metals (Starship)","Starbase, TX",SpaceX,Engineering - Materials,https://boards.greenhouse.io/spacex/jobs/8617050002?gh_jid=8617050002,6441476002,2026-07-06T16:13:09-04:00,2026-09-01T19:48:33-04:00,2026-09-04_16-24-07
8525795002,"Sr. Materials Engineer, Metals (Starship)","Hawthorne, CA",SpaceX,Engineering - Materials,https://boards.greenhouse.io/spacex/jobs/8525795002?gh_jid=8525795002,6405224002,2026-04-29T14:35:01-04:00,2026-09-01T19:48:33-04:00,2026-09-04_16-24-07
8734423002,"Sr. Materials Engineer, Silicon Crystal Growth (Starlink)","Bastrop, TX",SpaceX,Engineering - Materials,https://boards.greenhouse.io/spacex/jobs/8734423002?gh_jid=8734423002,6492284002,2026-08-31T12:06:00-04:00,2026-09-01T19:48:33-04:00,2026-09-04_16-24-07
8675270002,Sr. Materials Engineer (Starlink),"Bastrop, TX",SpaceX,Engineering - Materials,https://boards.greenhouse.io/spacex/jobs/8675270002?gh_jid=8675270002,6465213002,2026-08-04T20:53:04-04:00,2026-09-01T19:48:33-04:00,2026-09-04_16-24-07
8542728002,"Sr. Mechanical Design Engineer, Consumer Hardware (Starlink)","Bastrop, TX",SpaceX,Engineering - Aerospace & Mechanical,https://boards.greenhouse.io/spacex/jobs/8542728002?gh_jid=8542728002,6412445002,2026-05-11T08:17:38-04:00,2026-09-01T19:48:33-04:00,2026-09-04_16-24-07
8542807002,"Sr. Mechanical Design Engineer, Gateways (Starlink)","Bastrop, TX",SpaceX,Engineering - Aerospace & Mechanical,https://boards.greenhouse.io/spacex/jobs/8542807002?gh_jid=8542807002,6412477002,2026-05-11T08:59:54-04:00,2026-09-01T19:48:33-04:00,2026-09-04_16-24-07
8533825002,"Sr. Mechanical Design Engineer, Satellites (Starlink)","Redmond, WA",SpaceX,Engineering - Aerospace & Mechanical,https://boards.greenhouse.io/spacex/jobs/8533825002?gh_jid=8533825002,6408146002,2026-05-05T15:28:54-04:00,2026-09-01T19:48:33-04:00,2026-09-04_16-24-07
8735057002,Sr. Mechanical Design Engineer (Starfall),"Hawthorne, CA",SpaceX,Engineering - Aerospace & Mechanical,https://boards.greenhouse.io/spacex/jobs/8735057002?gh_jid=8735057002,6492525002,2026-08-20T18:04:40-04:00,2026-09-01T19:48:33-04:00,2026-09-04_16-24-07
8606391002,Sr. Mechanical Design Engineer (Starship Components),"Hawthorne, CA",SpaceX,Engineering - Aerospace & Mechanical,https://boards.greenhouse.io/spacex/jobs/8606391002?gh_jid=8606391002,6437443002,2026-06-24T16:05:07-04:00,2026-09-01T19:48:33-04:00,2026-09-04_16-24-07
8642545002,"Sr. Mechanical Engineer, AI Satellites (Starmind)","Bastrop, TX",SpaceX,Engineering - Aerospace & Mechanical,https://boards.greenhouse.io/spacex/jobs/8642545002?gh_jid=8642545002,6451602002,2026-07-21T08:58:00-04:00,2026-09-01T19:48:33-04:00,2026-09-04_16-24-07
8531605002,"Sr. Mechanical Engineer, Facilities (Starlink)","Redmond, WA",SpaceX,Engineering - Aerospace & Mechanical,https://boards.greenhouse.io/spacex/jobs/8531605002?gh_jid=8531605002,6407180002,2026-04-30T17:08:21-04:00,2026-09-01T19:48:33-04:00,2026-09-04_16-24-07
8604752002,"Sr. Mechanical Engineer, Flight Termination System (Starship)","Hawthorne, CA",SpaceX,Engineering - Aerospace & Mechanical,https://boards.greenhouse.io/spacex/jobs/8604752002?gh_jid=8604752002,6436860002,2026-06-23T16:35:31-04:00,2026-09-01T19:48:33-04:00,2026-09-04_16-24-07
8579761002,Sr. Mechanical Engineer (HVAC),"Hawthorne, CA",SpaceX,Engineering - Aerospace & Mechanical,https://boards.greenhouse.io/spacex/jobs/8579761002?gh_jid=8579761002,6426941002,2026-06-05T19:06:22-04:00,2026-09-01T19:48:33-04:00,2026-09-04_16-24-07
8540007002,"Sr. Mechanical Engineer, HVAC & Controls (Facilities Infrastructure)","Vandenberg, CA",SpaceX,Engineering - Industrial & Operations,https://boards.greenhouse.io/spacex/jobs/8540007002?gh_jid=8540007002,6410702002,2026-05-07T16:48:36-04:00,2026-09-01T19:48:33-04:00,2026-09-04_16-24-07
8552991002,"Sr. Mechanical Engineer, Insource Manufacturing (Starlink)","Bastrop, TX",SpaceX,Engineering - Aerospace & Mechanical,https://boards.greenhouse.io/spacex/jobs/8552991002?gh_jid=8552991002,6416242002,2026-05-18T16:16:15-04:00,2026-09-01T19:48:33-04:00,2026-09-04_16-24-07
8559178002,"Sr. Mechanical Engineer, Machine Design (Starship)","Starbase, TX",SpaceX,Engineering - Aerospace & Mechanical,https://boards.greenhouse.io/spacex/jobs/8559178002?gh_jid=8559178002,6418922002,2026-05-20T21:51:45-04:00,2026-09-01T19:48:33-04:00,2026-09-04_16-24-07
8729104002,Sr. Mechanical Engineer (MEP/Construction),"Bastrop, TX",SpaceX,Engineering - Aerospace & Mechanical,https://boards.greenhouse.io/spacex/jobs/8729104002?gh_jid=8729104002,6489919002,2026-08-19T11:01:02-04:00,2026-09-01T19:48:33-04:00,2026-09-04_16-24-07
8703208002,"Sr. Mechanical Engineer, Operations (Starship)","Starbase, TX",SpaceX,Engineering - Industrial & Operations,https://boards.greenhouse.io/spacex/jobs/8703208002?gh_jid=8703208002,6444399002,2026-08-12T19:17:59-04:00,2026-09-01T19:48:33-04:00,2026-09-04_16-24-07
8550018002,Sr. Mechanical Engineer (Starship),"Hawthorne, CA",SpaceX,Engineering - Aerospace & Mechanical,https://boards.greenhouse.io/spacex/jobs/8550018002?gh_jid=8550018002,6392633002,2026-05-14T12:31:44-04:00,2026-09-01T19:48:33-04:00,2026-09-04_16-24-07
8493609002,Sr. Mechanical Engineer (Starship),"Starbase, TX",SpaceX,Engineering - Aerospace & Mechanical,https://boards.greenhouse.io/spacex/jobs/8493609002?gh_jid=8493609002,6392633002,2026-05-14T12:31:43-04:00,2026-09-01T19:48:33-04:00,2026-09-04_16-24-07
8521329002,Sr. Mechanical Engineer (Starship Avionics),"Hawthorne, CA",SpaceX,Engineering - Aerospace & Mechanical,https://boards.greenhouse.io/spacex/jobs/8521329002?gh_jid=8521329002,6403638002,2026-04-23T16:56:04-04:00,2026-09-01T19:48:33-04:00,2026-09-04_16-24-07
8456811002,Sr. Mechanical Engineer (Starship Avionics),"Starbase, TX",SpaceX,Engineering - Aerospace & Mechanical,https://boards.greenhouse.io/spacex/jobs/8456811002?gh_jid=8456811002,6378097002,2026-03-10T18:54:03-04:00,2026-09-01T19:48:33-04:00,2026-09-04_16-24-07
8546120002,Sr. Mechanical Integration & Test Engineer (Starshield),"Hawthorne, CA",SpaceX,Engineering - Aerospace & Mechanical,https://boards.greenhouse.io/spacex/jobs/8546120002?gh_jid=8546120002,6413547002,2026-05-12T16:48:49-04:00,2026-09-01T19:48:33-04:00,2026-09-04_16-24-07
8642074002,Sr. MMIC Design Engineer (RFIC Engineering),"Redmond, WA",SpaceX,Engineering - Silicon,https://boards.greenhouse.io/spacex/jobs/8642074002?gh_jid=8642074002,6451379002,2026-07-21T12:18:37-04:00,2026-09-01T19:48:33-04:00,2026-09-04_16-24-07
8501154002,"Sr. NDE Engineer, Radiography Testing","Hawthorne, CA",SpaceX,Manufacturing - NonDestructive Evaluation,https://boards.greenhouse.io/spacex/jobs/8501154002?gh_jid=8501154002,6395767002,2026-04-12T20:51:01-04:00,2026-09-01T19:48:33-04:00,2026-09-04_16-24-07
8692506002,Sr. Network Engineer,"Starbase, TX",SpaceX,Engineering - Network,https://boards.greenhouse.io/spacex/jobs/8692506002?gh_jid=8692506002,6473058002,2026-08-07T23:46:30-04:00,2026-09-01T19:48:33-04:00,2026-09-04_16-24-07
8609666002,Sr. Network Engineer (Starshield),"Hawthorne, CA",SpaceX,Engineering - Network,https://boards.greenhouse.io/spacex/jobs/8609666002?gh_jid=8609666002,6438625002,2026-06-25T20:17:21-04:00,2026-09-01T19:48:33-04:00,2026-09-04_16-24-07
8609670002,Sr. Network Engineer (Starshield),"Redmond, WA",SpaceX,Engineering - Network,https://boards.greenhouse.io/spacex/jobs/8609670002?gh_jid=8609670002,6438625002,2026-06-25T20:17:21-04:00,2026-09-01T19:48:33-04:00,2026-09-04_16-24-07
8627633002,Sr. Network Security Engineer,"Bastrop, TX",SpaceX,Engineering - Security,https://boards.greenhouse.io/spacex/jobs/8627633002?gh_jid=8627633002,6445314002,2026-07-09T22:32:10-04:00,2026-09-01T19:48:33-04:00,2026-09-04_16-24-07
8626661002,Sr. Network Security Engineer,"Hawthorne, CA",SpaceX,Engineering - Security,https://boards.greenhouse.io/spacex/jobs/8626661002?gh_jid=8626661002,6445314002,2026-07-09T14:58:18-04:00,2026-09-01T19:48:33-04:00,2026-09-04_16-24-07
8627630002,Sr. Network Security Engineer,"Redmond, WA",SpaceX,Engineering - Security,https://boards.greenhouse.io/spacex/jobs/8627630002?gh_jid=8627630002,6445314002,2026-07-09T22:32:09-04:00,2026-09-01T19:48:33-04:00,2026-09-04_16-24-07
8627634002,Sr. Network Security Engineer,"Starbase, TX",SpaceX,Engineering - Security,https://boards.greenhouse.io/spacex/jobs/8627634002?gh_jid=8627634002,6445314002,2026-07-09T22:32:11-04:00,2026-09-01T19:48:33-04:00,2026-09-04_16-24-07
8488285002,"Sr. Operations Engineer, Blades and Vanes Foundry","Bastrop, TX",SpaceX,Engineering - Industrial & Operations,https://boards.greenhouse.io/spacex/jobs/8488285002?gh_jid=8488285002,6390593002,2026-04-02T13:32:31-04:00,2026-09-01T19:48:33-04:00,2026-09-04_16-24-07
8523901002,Sr. Operations Engineer (Starlink Growth),"Bastrop, TX",SpaceX,Corporate - Sales & Business Operations,https://boards.greenhouse.io/spacex/jobs/8523901002?gh_jid=8523901002,6404473002,2026-04-27T21:45:27-04:00,2026-09-01T19:48:33-04:00,2026-09-04_16-24-07
8532527002,Sr. Operations Engineer (Starlink Growth),"Redmond, WA",SpaceX,Corporate - Sales & Business Operations,https://boards.greenhouse.io/spacex/jobs/8532527002?gh_jid=8532527002,6404473002,2026-04-30T18:05:19-04:00,2026-09-01T19:48:33-04:00,2026-09-04_16-24-07
8624742002,"Sr. Operations Engineer, Starship Production (Starbase)","Starbase, TX",SpaceX,Engineering - Industrial & Operations,https://boards.greenhouse.io/spacex/jobs/8624742002?gh_jid=8624742002,6444399002,2026-07-08T15:09:09-04:00,2026-09-01T19:48:33-04:00,2026-09-04_16-24-07
8748858002,Sr. Optical Engineer (Starfall),"Hawthorne, CA",SpaceX,Engineering - Electrical,https://boards.greenhouse.io/spacex/jobs/8748858002?gh_jid=8748858002,6499055002,2026-08-25T21:58:12-04:00,2026-09-01T19:48:33-04:00,2026-09-04_16-24-07
8645200002,"Sr. Packaging Engineer - Thermal Materials, AI Satellites (Starmind)","Bastrop, TX",SpaceX,Engineering - Materials,https://boards.greenhouse.io/spacex/jobs/8645200002?gh_jid=8645200002,6452680002,2026-07-22T11:53:06-04:00,2026-09-01T19:48:33-04:00,2026-09-04_16-24-07
8657724002,Sr. Partnerships Manager (Starlink Business Aviation),"Woodinville, WA",SpaceX,Corporate - Sales & Business Operations,https://boards.greenhouse.io/spacex/jobs/8657724002?gh_jid=8657724002,6457171002,2026-07-29T22:08:49-04:00,2026-09-01T19:48:33-04:00,2026-09-04_16-24-07
8721074002,Sr. Partnerships Manager (Starlink Business Aviation),"Bastrop, TX",SpaceX,Corporate - Sales & Business Operations,https://boards.greenhouse.io/spacex/jobs/8721074002?gh_jid=8721074002,6457171002,2026-08-17T11:27:54-04:00,2026-09-01T19:48:33-04:00,2026-09-04_16-24-07
8546317002,Sr. Partnerships Manager (Starlink Commercial Aviation),"Woodinville, WA",SpaceX,Corporate - Sales & Business Operations,https://boards.greenhouse.io/spacex/jobs/8546317002?gh_jid=8546317002,6413646002,2026-05-12T17:25:43-04:00,2026-09-01T19:48:33-04:00,2026-09-04_16-24-07
8546375002,Sr. Partnerships Manager (Starlink Commercial Aviation),"Bastrop, TX",SpaceX,Corporate - Sales & Business Operations,https://boards.greenhouse.io/spacex/jobs/8546375002?gh_jid=8546375002,6413646002,2026-05-12T17:25:43-04:00,2026-09-01T19:48:33-04:00,2026-09-04_16-24-07
8450147002,Sr. PCB Designer,"Hawthorne, CA",SpaceX,Engineering - Electrical,https://boards.greenhouse.io/spacex/jobs/8450147002?gh_jid=8450147002,6375439002,2026-03-05T21:40:36-05:00,2026-09-01T19:48:33-04:00,2026-09-04_16-24-07
8662843002,Sr. PCB Designer (Starlink),"Bastrop, TX",SpaceX,Engineering - Electrical,https://boards.greenhouse.io/spacex/jobs/8662843002?gh_jid=8662843002,6459227002,2026-08-03T11:39:54-04:00,2026-09-01T19:48:33-04:00,2026-09-04_16-24-07
8726753002,Sr. PCB Designer (Starship),"Hawthorne, CA",SpaceX,Engineering - Electrical,https://boards.greenhouse.io/spacex/jobs/8726753002?gh_jid=8726753002,6488832002,2026-08-18T13:16:43-04:00,2026-09-01T19:48:33-04:00,2026-09-04_16-24-07
8697121002,Sr. PDK Engineer (Starlink/Akoustis),"Bastrop, TX",SpaceX,Engineering - Software & Analytics,https://boards.greenhouse.io/spacex/jobs/8697121002?gh_jid=8697121002,6475158002,2026-08-20T15:51:37-04:00,2026-09-01T19:48:33-04:00,2026-09-04_16-24-07
8694862002,Sr. Physical Security Hardware Specialist,"Palo Alto, CA",SpaceX,Operations - Physical Security,https://boards.greenhouse.io/spacex/jobs/8694862002?gh_jid=8694862002,6474086002,2026-08-11T12:19:20-04:00,2026-09-01T19:48:33-04:00,2026-09-04_16-24-07
8622906002,Sr. Platform Integrity Analyst (Starlink),"Bastrop, TX",SpaceX,Corporate - Sales & Business Operations,https://boards.greenhouse.io/spacex/jobs/8622906002?gh_jid=8622906002,6443655002,2026-07-07T13:51:54-04:00,2026-09-01T19:48:33-04:00,2026-09-04_16-24-07
8656694002,Sr. Platform Integrity Analyst (Starlink),"Hawthorne, CA",SpaceX,Corporate - Sales & Business Operations,https://boards.greenhouse.io/spacex/jobs/8656694002?gh_jid=8656694002,6443655002,2026-07-29T13:21:13-04:00,2026-09-01T19:48:33-04:00,2026-09-04_16-24-07
8656693002,Sr. Platform Integrity Analyst (Starlink),"Redmond, WA",SpaceX,Corporate - Sales & Business Operations,https://boards.greenhouse.io/spacex/jobs/8656693002?gh_jid=8656693002,6443655002,2026-07-29T13:21:12-04:00,2026-09-01T19:48:33-04:00,2026-09-04_16-24-07
8639326002,"Sr. Power Electronics Engineer, AI Satellites (Starmind)","Bastrop, TX",SpaceX,Engineering - Electrical,https://boards.greenhouse.io/spacex/jobs/8639326002?gh_jid=8639326002,6450402002,2026-07-17T16:56:47-04:00,2026-09-01T19:48:33-04:00,2026-09-04_16-24-07
8487197002,"Sr. Power Electronics Engineer, Satellites (Starlink)","Redmond, WA",SpaceX,Engineering - Electrical,https://boards.greenhouse.io/spacex/jobs/8487197002?gh_jid=8487197002,6390146002,2026-03-31T23:56:55-04:00,2026-09-01T19:48:33-04:00,2026-09-04_16-24-07
8692896002,Sr. Power Electronics Engineer (Starship),"Hawthorne, CA",SpaceX,Engineering - Electrical,https://boards.greenhouse.io/spacex/jobs/8692896002?gh_jid=8692896002,6473243002,2026-08-09T14:42:32-04:00,2026-09-01T19:48:33-04:00,2026-09-04_16-24-07
8516120002,Sr. Power Electronics Engineer - Traveling Wave Tube Amplifier (Starlink),"Redmond, WA",SpaceX,Engineering - Electrical,https://boards.greenhouse.io/spacex/jobs/8516120002?gh_jid=8516120002,6401789002,2026-04-21T11:15:52-04:00,2026-09-01T19:48:33-04:00,2026-09-04_16-24-07
8753254002,Sr. Power Systems Engineer,"Bastrop, TX",SpaceX,Engineering - Electrical,https://boards.greenhouse.io/spacex/jobs/8753254002?gh_jid=8753254002,6501013002,2026-08-26T19:36:28-04:00,2026-09-01T19:48:33-04:00,2026-09-04_16-24-07
8631444002,Sr. Power Systems Engineer (Starship),"Starbase, TX",SpaceX,Engineering - Electrical,https://boards.greenhouse.io/spacex/jobs/8631444002?gh_jid=8631444002,6447264002,2026-07-13T13:56:00-04:00,2026-09-01T19:48:33-04:00,2026-09-04_16-24-07
8476123002,"Sr. Process Controls Engineer, Solar Cell Factory (Starlink)","Bastrop, TX",SpaceX,Engineering - Automation & Controls,https://boards.greenhouse.io/spacex/jobs/8476123002?gh_jid=8476123002,6385670002,2026-03-24T13:06:26-04:00,2026-09-01T19:48:33-04:00,2026-09-04_16-24-07
8588146002,"Sr. Process Engineer, Industrial Water Treatment (Starlink)","Bastrop, TX",SpaceX,Engineering - Materials,https://boards.greenhouse.io/spacex/jobs/8588146002?gh_jid=8588146002,6418455002,2026-06-11T11:45:12-04:00,2026-09-01T19:48:33-04:00,2026-09-04_16-24-07
8675315002,"Sr. Process Engineer, Starship Materials Production","Hawthorne, CA",SpaceX,Engineering - Materials,https://boards.greenhouse.io/spacex/jobs/8675315002?gh_jid=8675315002,6465235002,2026-08-04T02:22:17-04:00,2026-09-01T19:48:33-04:00,2026-09-04_16-24-07
8645265002,"Sr. Process Engineer - Wafer Level Assembly, AI Satellites (Starmind)","Bastrop, TX",SpaceX,Engineering - Materials,https://boards.greenhouse.io/spacex/jobs/8645265002?gh_jid=8645265002,6452719002,2026-07-22T12:26:31-04:00,2026-09-01T19:48:33-04:00,2026-09-04_16-24-07
8484570002,Sr. Product Compliance Engineer (Starlink),"Bastrop, TX",SpaceX,Engineering - Aerospace & Mechanical,https://boards.greenhouse.io/spacex/jobs/8484570002?gh_jid=8484570002,6389057002,2026-03-29T13:18:09-04:00,2026-09-01T19:48:33-04:00,2026-09-04_16-24-07
8688017002,Sr. Product Sales Manager (High Speed Connectivity),"Hawthorne, CA",SpaceX,Corporate - Sales & Business Operations,https://boards.greenhouse.io/spacex/jobs/8688017002?gh_jid=8688017002,6471008002,2026-08-06T17:34:48-04:00,2026-09-01T19:48:33-04:00,2026-09-04_16-24-07
8687838002,Sr. Product Sales Manager (High Speed Connectivity),"Bastrop, TX",SpaceX,Corporate - Sales & Business Operations,https://boards.greenhouse.io/spacex/jobs/8687838002?gh_jid=8687838002,6471008002,2026-08-06T16:06:32-04:00,2026-09-01T19:48:33-04:00,2026-09-04_16-24-07
8688018002,Sr. Product Sales Manager (High Speed Connectivity),"Redmond, WA",SpaceX,Corporate - Sales & Business Operations,https://boards.greenhouse.io/spacex/jobs/8688018002?gh_jid=8688018002,6471008002,2026-08-06T17:34:49-04:00,2026-09-01T19:48:33-04:00,2026-09-04_16-24-07
8688019002,Sr. Product Sales Manager (High Speed Connectivity),"Palo Alto, CA",SpaceX,Corporate - Sales & Business Operations,https://boards.greenhouse.io/spacex/jobs/8688019002?gh_jid=8688019002,6471008002,2026-08-06T17:34:50-04:00,2026-09-01T19:48:33-04:00,2026-09-04_16-24-07
8515364002,Sr. Product Sales Manager (Starlink),"Hawthorne, CA",SpaceX,Corporate - Sales & Business Operations,https://boards.greenhouse.io/spacex/jobs/8515364002?gh_jid=8515364002,6401482002,2026-04-20T17:29:24-04:00,2026-09-01T19:48:33-04:00,2026-09-04_16-24-07
8686301002,Sr. Product Sales Manager (Starlink Aviaiton),"Bastrop, TX",SpaceX,Corporate - Sales & Business Operations,https://boards.greenhouse.io/spacex/jobs/8686301002?gh_jid=8686301002,6470334002,2026-08-05T18:06:32-04:00,2026-09-01T19:48:33-04:00,2026-09-04_16-24-07
8687992002,Sr. Product Sales Manager (Starlink Aviation),"Redmond, WA",SpaceX,Corporate - Sales & Business Operations,https://boards.greenhouse.io/spacex/jobs/8687992002?gh_jid=8687992002,6470334002,2026-08-06T17:35:22-04:00,2026-09-01T19:48:33-04:00,2026-09-04_16-24-07
8687987002,Sr. Product Sales Manager (Starlink Aviation),"Hawthorne, CA",SpaceX,Corporate - Sales & Business Operations,https://boards.greenhouse.io/spacex/jobs/8687987002?gh_jid=8687987002,6470334002,2026-08-06T17:35:21-04:00,2026-09-01T19:48:33-04:00,2026-09-04_16-24-07
8687994002,Sr. Product Sales Manager (Starlink Aviation),"Palo Alto, CA",SpaceX,Corporate - Sales & Business Operations,https://boards.greenhouse.io/spacex/jobs/8687994002?gh_jid=8687994002,6470334002,2026-08-06T17:35:22-04:00,2026-09-01T19:48:33-04:00,2026-09-04_16-24-07
8686539002,Sr. Product Sales Manager (Starlink Fixed Site),"Bastrop, TX",SpaceX,Corporate - Sales & Business Operations,https://boards.greenhouse.io/spacex/jobs/8686539002?gh_jid=8686539002,6470444002,2026-08-05T18:22:14-04:00,2026-09-01T19:48:33-04:00,2026-09-04_16-24-07
8688016002,Sr. Product Sales Manager (Starlink Fixed Site),"Palo Alto, CA",SpaceX,Corporate - Sales & Business Operations,https://boards.greenhouse.io/spacex/jobs/8688016002?gh_jid=8688016002,6470444002,2026-08-06T17:35:04-04:00,2026-09-01T19:48:33-04:00,2026-09-04_16-24-07
8688012002,Sr. Product Sales Manager (Starlink Fixed Site),"Redmond, WA",SpaceX,Corporate - Sales & Business Operations,https://boards.greenhouse.io/spacex/jobs/8688012002?gh_jid=8688012002,6470444002,2026-08-06T17:35:03-04:00,2026-09-01T19:48:33-04:00,2026-09-04_16-24-07
8688007002,Sr. Product Sales Manager (Starlink Fixed Site),"Hawthorne, CA",SpaceX,Corporate - Sales & Business Operations,https://boards.greenhouse.io/spacex/jobs/8688007002?gh_jid=8688007002,6470444002,2026-08-06T17:35:02-04:00,2026-09-01T19:48:33-04:00,2026-09-04_16-24-07
8687996002,Sr. Product Sales Manager (Starlink Maritime),"Redmond, WA",SpaceX,Corporate - Sales & Business Operations,https://boards.greenhouse.io/spacex/jobs/8687996002?gh_jid=8687996002,6470352002,2026-08-06T17:35:17-04:00,2026-09-01T19:48:33-04:00,2026-09-04_16-24-07
8686339002,Sr. Product Sales Manager (Starlink Maritime),"Bastrop, TX",SpaceX,Corporate - Sales & Business Operations,https://boards.greenhouse.io/spacex/jobs/8686339002?gh_jid=8686339002,6470352002,2026-08-05T18:06:41-04:00,2026-09-01T19:48:33-04:00,2026-09-04_16-24-07
8688005002,Sr. Product Sales Manager (Starlink Maritime),"Palo Alto, CA",SpaceX,Corporate - Sales & Business Operations,https://boards.greenhouse.io/spacex/jobs/8688005002?gh_jid=8688005002,6470352002,2026-08-06T17:35:18-04:00,2026-09-01T19:48:33-04:00,2026-09-04_16-24-07
8688001002,Sr. Product Sales Manager (Starlink Maritime),"Hawthorne, CA",SpaceX,Corporate - Sales & Business Operations,https://boards.greenhouse.io/spacex/jobs/8688001002?gh_jid=8688001002,6470352002,2026-08-06T17:35:17-04:00,2026-09-01T19:48:33-04:00,2026-09-04_16-24-07
8624707002,Sr. Product Security Engineer (Starlink),"Redmond, WA",SpaceX,Engineering - Security,https://boards.greenhouse.io/spacex/jobs/8624707002?gh_jid=8624707002,6444380002,2026-07-09T14:32:02-04:00,2026-09-01T19:48:33-04:00,2026-09-04_16-24-07
8624867002,Sr. Product Security Engineer (Starlink),"Bastrop, TX",SpaceX,Engineering - Security,https://boards.greenhouse.io/spacex/jobs/8624867002?gh_jid=8624867002,6444460002,2026-07-09T14:30:23-04:00,2026-09-01T19:48:33-04:00,2026-09-04_16-24-07
8675304002,Sr. Professional Geologist,"Hawthorne, CA",SpaceX,Corporate - Environmental Health & Safety,https://boards.greenhouse.io/spacex/jobs/8675304002?gh_jid=8675304002,6465230002,2026-08-04T12:06:50-04:00,2026-09-01T19:48:33-04:00,2026-09-04_16-24-07
8703248002,"Sr. Propulsion Analyst, Chamber and Nozzle (Raptor)","Hawthorne, CA",SpaceX,Engineering - Aerospace & Mechanical,https://boards.greenhouse.io/spacex/jobs/8703248002?gh_jid=8703248002,6477913002,2026-08-13T12:54:16-04:00,2026-09-01T19:48:33-04:00,2026-09-04_16-24-07
8628593002,Sr. Propulsion Design Engineer (Raptor Engine Systems),"Hawthorne, CA",SpaceX,Engineering - Aerospace & Mechanical,https://boards.greenhouse.io/spacex/jobs/8628593002?gh_jid=8628593002,6446010002,2026-07-10T15:27:09-04:00,2026-09-01T19:48:33-04:00,2026-09-04_16-24-07
8654586002,Sr. Propulsion Engineer (Raptor Combustion Devices),"Hawthorne, CA",SpaceX,Engineering - Aerospace & Mechanical,https://boards.greenhouse.io/spacex/jobs/8654586002?gh_jid=8654586002,6456337002,2026-07-29T12:06:12-04:00,2026-09-01T19:48:33-04:00,2026-09-04_16-24-07
8665258002,Sr. Propulsion Engineer (Raptor Flight),"Hawthorne, CA",SpaceX,Engineering - Aerospace & Mechanical,https://boards.greenhouse.io/spacex/jobs/8665258002?gh_jid=8665258002,6460428002,2026-08-01T00:01:56-04:00,2026-09-01T19:48:33-04:00,2026-09-04_16-24-07
8721899002,Sr. Propulsion Engineer (Starship),"Starbase, TX",SpaceX,Engineering - Aerospace & Mechanical,https://boards.greenhouse.io/spacex/jobs/8721899002?gh_jid=8721899002,6486543002,2026-08-18T11:50:40-04:00,2026-09-01T19:48:33-04:00,2026-09-04_16-24-07
8605151002,Sr. Propulsion Fluids Analyst (Raptor Systems Engineering),"Hawthorne, CA",SpaceX,Engineering - Aerospace & Mechanical,https://boards.greenhouse.io/spacex/jobs/8605151002?gh_jid=8605151002,6437030002,2026-06-23T20:29:43-04:00,2026-09-01T19:48:33-04:00,2026-09-04_16-24-07
8517106002,Sr. Propulsion Thermal Analyst (Raptor Combustion Devices),"Hawthorne, CA",SpaceX,Engineering - Aerospace & Mechanical,https://boards.greenhouse.io/spacex/jobs/8517106002?gh_jid=8517106002,6402198002,2026-04-21T15:14:29-04:00,2026-09-01T19:48:33-04:00,2026-09-04_16-24-07
8511399002,Sr. Quality Systems Engineer (Starlink),"Bastrop, TX",SpaceX,Engineering - Industrial & Operations,https://boards.greenhouse.io/spacex/jobs/8511399002?gh_jid=8511399002,6399876002,2026-04-17T10:12:27-04:00,2026-09-01T19:48:33-04:00,2026-09-04_16-24-07
8727601002,Sr. Radiation Effects Engineer,"Redmond, WA",SpaceX,Engineering - Electrical,https://boards.greenhouse.io/spacex/jobs/8727601002?gh_jid=8727601002,6489219002,2026-08-20T15:50:21-04:00,2026-09-01T19:48:33-04:00,2026-09-04_16-24-07
8727578002,Sr. Radiation Effects Engineer,"Hawthorne, CA",SpaceX,Engineering - Electrical,https://boards.greenhouse.io/spacex/jobs/8727578002?gh_jid=8727578002,6489219002,2026-08-20T15:50:20-04:00,2026-09-01T19:48:33-04:00,2026-09-04_16-24-07
8673035002,Sr. RAN Software Engineer (Starlink Mobile),"Redmond, WA",SpaceX,Engineering - Software & Analytics,https://boards.greenhouse.io/spacex/jobs/8673035002?gh_jid=8673035002,6464055002,2026-08-05T18:18:06-04:00,2026-09-01T19:48:33-04:00,2026-09-04_16-24-07
8672784002,Sr. RAN Software Engineer (Starlink Mobile),"Palo Alto, CA",SpaceX,Engineering - Software & Analytics,https://boards.greenhouse.io/spacex/jobs/8672784002?gh_jid=8672784002,6464055002,2026-08-05T18:18:05-04:00,2026-09-01T19:48:33-04:00,2026-09-04_16-24-07
8568912002,Sr. Real Estate Analyst,"Hawthorne, CA",SpaceX,Operations - Facilities,https://boards.greenhouse.io/spacex/jobs/8568912002?gh_jid=8568912002,6422596002,2026-05-28T12:54:38-04:00,2026-09-01T19:48:33-04:00,2026-09-04_16-24-07
8765610002,Sr. Real Estate Analyst,"Cape Canaveral, FL",SpaceX,Operations - Facilities,https://boards.greenhouse.io/spacex/jobs/8765610002?gh_jid=8765610002,6506770002,2026-09-01T08:32:06-04:00,2026-09-01T19:48:33-04:00,2026-09-04_16-24-07
8642250002,Sr. Responsible Engineer - Turbomachinery (Starship),"McGregor, TX",SpaceX,Engineering - Aerospace & Mechanical,https://boards.greenhouse.io/spacex/jobs/8642250002?gh_jid=8642250002,6451454002,2026-07-20T21:08:46-04:00,2026-09-01T19:48:33-04:00,2026-09-04_16-24-07
8621992002,Sr. RF Engineer (Starlink),"Bastrop, TX",SpaceX,Engineering - Electrical,https://boards.greenhouse.io/spacex/jobs/8621992002?gh_jid=8621992002,6443269002,2026-07-09T23:59:35-04:00,2026-09-01T19:48:33-04:00,2026-09-04_16-24-07
8521153002,Sr. RF Engineer (Starshield),"Hawthorne, CA",SpaceX,Engineering - Electrical,https://boards.greenhouse.io/spacex/jobs/8521153002?gh_jid=8521153002,6403569002,2026-04-24T11:19:48-04:00,2026-09-01T19:48:33-04:00,2026-09-04_16-24-07
8562302002,Sr. RF Front-End Module Design Engineer (RFIC Engineering),"Sunnyvale, CA",SpaceX,Engineering - Silicon,https://boards.greenhouse.io/spacex/jobs/8562302002?gh_jid=8562302002,6394922002,2026-05-22T11:43:57-04:00,2026-09-01T19:48:33-04:00,2026-09-04_16-24-07
8562301002,Sr. RF Front-End Module Design Engineer (RFIC Engineering),"Irvine, CA",SpaceX,Engineering - Silicon,https://boards.greenhouse.io/spacex/jobs/8562301002?gh_jid=8562301002,6394922002,2026-05-22T11:42:58-04:00,2026-09-01T19:48:33-04:00,2026-09-04_16-24-07
8499101002,Sr. RF Front-End Module Design Engineer (RFIC Engineering),"Redmond, WA",SpaceX,Engineering - Silicon,https://boards.greenhouse.io/spacex/jobs/8499101002?gh_jid=8499101002,6394922002,2026-04-09T10:57:23-04:00,2026-09-01T19:48:33-04:00,2026-09-04_16-24-07
8642078002,Sr. RFIC Design Engineer (RFIC Engineering),"Irvine, CA",SpaceX,Engineering - Silicon,https://boards.greenhouse.io/spacex/jobs/8642078002?gh_jid=8642078002,6451382002,2026-07-21T11:56:26-04:00,2026-09-01T19:48:33-04:00,2026-09-04_16-24-07
8642084002,Sr. RFIC Design Engineer (RFIC Engineering),"Palo Alto, CA",SpaceX,Engineering - Silicon,https://boards.greenhouse.io/spacex/jobs/8642084002?gh_jid=8642084002,6451382002,2026-07-21T11:56:56-04:00,2026-09-01T19:48:33-04:00,2026-09-04_16-24-07
8642083002,Sr. RFIC Design Engineer (RFIC Engineering),"Redmond, WA",SpaceX,Engineering - Silicon,https://boards.greenhouse.io/spacex/jobs/8642083002?gh_jid=8642083002,6451382002,2026-07-21T11:56:44-04:00,2026-09-01T19:48:33-04:00,2026-09-04_16-24-07
8567083002,Sr. RFIC Engineer (Starshield),"Hawthorne, CA",SpaceX,Engineering - Silicon,https://boards.greenhouse.io/spacex/jobs/8567083002?gh_jid=8567083002,6421882002,2026-05-27T17:00:29-04:00,2026-09-01T19:48:33-04:00,2026-09-04_16-24-07
8642095002,Sr. RFIC Layout Designer (RFIC Engineering),"Redmond, WA",SpaceX,Engineering - Silicon,https://boards.greenhouse.io/spacex/jobs/8642095002?gh_jid=8642095002,6451387002,2026-07-21T11:17:43-04:00,2026-09-01T19:48:33-04:00,2026-09-04_16-24-07
8642096002,Sr. RFIC Layout Designer (RFIC Engineering),"Palo Alto, CA",SpaceX,Engineering - Silicon,https://boards.greenhouse.io/spacex/jobs/8642096002?gh_jid=8642096002,6451387002,2026-07-21T11:19:46-04:00,2026-09-01T19:48:33-04:00,2026-09-04_16-24-07
8642092002,Sr. RFIC Layout Designer (RFIC Engineering),"Irvine, CA",SpaceX,Engineering - Silicon,https://boards.greenhouse.io/spacex/jobs/8642092002?gh_jid=8642092002,6451387002,2026-07-21T11:17:30-04:00,2026-09-01T19:48:33-04:00,2026-09-04_16-24-07
8633426002,Sr. RFIC Layout Designer (Starshield Silicon),"Hawthorne, CA",SpaceX,Engineering - Silicon,https://boards.greenhouse.io/spacex/jobs/8633426002?gh_jid=8633426002,6448082002,2026-07-14T16:50:55-04:00,2026-09-01T19:48:33-04:00,2026-09-04_16-24-07
8642097002,Sr. RF/Microwave Engineer (RFIC Engineering),"Redmond, WA",SpaceX,Engineering - Silicon,https://boards.greenhouse.io/spacex/jobs/8642097002?gh_jid=8642097002,6451389002,2026-07-21T11:11:46-04:00,2026-09-01T19:48:33-04:00,2026-09-04_16-24-07
8461541002,"Sr. RF/Microwave Engineer, Satellites (Starlink)","Redmond, WA",SpaceX,Engineering - Electrical,https://boards.greenhouse.io/spacex/jobs/8461541002?gh_jid=8461541002,6379858002,2026-03-16T13:46:28-04:00,2026-09-01T19:48:33-04:00,2026-09-04_16-24-07
8624890002,Sr. RF Software Engineer (Starlink),"Bastrop, TX",SpaceX,Engineering - Software & Analytics,https://boards.greenhouse.io/spacex/jobs/8624890002?gh_jid=8624890002,6444468002,2026-07-10T00:01:06-04:00,2026-09-01T19:48:33-04:00,2026-09-04_16-24-07
8573920002,Sr. RF Software Engineer (Starshield),"Hawthorne, CA",SpaceX,Engineering - Software & Analytics,https://boards.greenhouse.io/spacex/jobs/8573920002?gh_jid=8573920002,6424556002,2026-06-02T11:30:38-04:00,2026-09-01T19:48:33-04:00,2026-09-04_16-24-07
8687990002,"Sr. RF Systems Analysis Engineer, Regulatory (Starlink)","Washington, DC",SpaceX,Engineering - Electrical,https://boards.greenhouse.io/spacex/jobs/8687990002?gh_jid=8687990002,6471079002,2026-08-07T11:28:58-04:00,2026-09-01T19:48:33-04:00,2026-09-04_16-24-07
8484566002,Sr. RF & Wireless Compliance Engineer (Starlink),"Bastrop, TX",SpaceX,Engineering - Electrical,https://boards.greenhouse.io/spacex/jobs/8484566002?gh_jid=8484566002,6389055002,2026-03-29T13:00:18-04:00,2026-09-01T19:48:33-04:00,2026-09-04_16-24-07
8461485002,Sr. RTL Design Engineer (Silicon Engineering),"Austin, TX",SpaceX,Engineering - Silicon,https://boards.greenhouse.io/spacex/jobs/8461485002?gh_jid=8461485002,6379826002,2026-03-13T11:53:05-04:00,2026-09-01T19:48:33-04:00,2026-09-04_16-24-07
8560224002,Sr. RTL Design Engineer (Silicon Engineering),"Palo Alto, CA",SpaceX,Engineering - Silicon,https://boards.greenhouse.io/spacex/jobs/8560224002?gh_jid=8560224002,6379826002,2026-05-21T11:39:14-04:00,2026-09-01T19:48:33-04:00,2026-09-04_16-24-07
8560208002,Sr. RTL Design Engineer (Silicon Engineering),"Redmond, WA",SpaceX,Engineering - Silicon,https://boards.greenhouse.io/spacex/jobs/8560208002?gh_jid=8560208002,6379826002,2026-05-21T11:35:52-04:00,2026-09-01T19:48:33-04:00,2026-09-04_16-24-07
8560209002,Sr. RTL Design Engineer (Silicon Engineering),"Irvine, CA",SpaceX,Engineering - Silicon,https://boards.greenhouse.io/spacex/jobs/8560209002?gh_jid=8560209002,6379826002,2026-05-21T11:37:16-04:00,2026-09-01T19:48:33-04:00,2026-09-04_16-24-07
8748871002,Sr. Sales Manager (Global Starlink Enterprise Sales),Remote - FL,SpaceX,Corporate - Sales & Business Operations,https://boards.greenhouse.io/spacex/jobs/8748871002?gh_jid=8748871002,6421791002,2026-08-25T21:56:43-04:00,2026-09-01T19:48:33-04:00,2026-09-04_16-24-07
8642279002,Sr. Sales Manager (Global Starlink Enterprise Sales),"Redmond, WA",SpaceX,Corporate - Sales & Business Operations,https://boards.greenhouse.io/spacex/jobs/8642279002?gh_jid=8642279002,6421791002,2026-07-20T23:14:41-04:00,2026-09-01T19:48:33-04:00,2026-09-04_16-24-07
8642280002,Sr. Sales Manager (Global Starlink Enterprise Sales),"Bastrop, TX",SpaceX,Corporate - Sales & Business Operations,https://boards.greenhouse.io/spacex/jobs/8642280002?gh_jid=8642280002,6421791002,2026-07-20T23:15:40-04:00,2026-09-01T19:48:33-04:00,2026-09-04_16-24-07
8642281002,Sr. Sales Manager (Global Starlink Enterprise Sales),"Washington, DC",SpaceX,Corporate - Sales & Business Operations,https://boards.greenhouse.io/spacex/jobs/8642281002?gh_jid=8642281002,6421791002,2026-07-20T23:16:34-04:00,2026-09-01T19:48:33-04:00,2026-09-04_16-24-07
8642282002,Sr. Sales Manager (Global Starlink Enterprise Sales),"Palo Alto, CA",SpaceX,Corporate - Sales & Business Operations,https://boards.greenhouse.io/spacex/jobs/8642282002?gh_jid=8642282002,6421791002,2026-07-20T23:17:54-04:00,2026-09-01T19:48:33-04:00,2026-09-04_16-24-07
8689192002,Sr. Sales Manager (Global Starlink Enterprise Sales),Remote - CA,SpaceX,Corporate - Sales & Business Operations,https://boards.greenhouse.io/spacex/jobs/8689192002?gh_jid=8689192002,6421791002,2026-08-06T19:35:06-04:00,2026-09-01T19:48:33-04:00,2026-09-04_16-24-07
8701938002,Sr. Sales Manager (Global Starlink Enterprise Sales),Remote - TX,SpaceX,Corporate - Sales & Business Operations,https://boards.greenhouse.io/spacex/jobs/8701938002?gh_jid=8701938002,6421791002,2026-08-12T15:46:49-04:00,2026-09-01T19:48:33-04:00,2026-09-04_16-24-07
8566839002,Sr. Sales Manager (Global Starlink Enterprise Sales),"Hawthorne, CA",SpaceX,Corporate - Sales & Business Operations,https://boards.greenhouse.io/spacex/jobs/8566839002?gh_jid=8566839002,6421791002,2026-05-29T14:30:51-04:00,2026-09-01T19:48:33-04:00,2026-09-04_16-24-07
8566905002,Sr. Sales Manager (Global Starlink Enterprise Sales),Remote - MI,SpaceX,Corporate - Sales & Business Operations,https://boards.greenhouse.io/spacex/jobs/8566905002?gh_jid=8566905002,6421791002,2026-05-29T14:30:55-04:00,2026-09-01T19:48:33-04:00,2026-09-04_16-24-07
8716209002,Sr. Sales Manager (Global Starlink Enterprise Sales),"New York City, NY",SpaceX,Corporate - Sales & Business Operations,https://boards.greenhouse.io/spacex/jobs/8716209002?gh_jid=8716209002,6421791002,2026-08-14T14:27:13-04:00,2026-09-01T19:48:33-04:00,2026-09-04_16-24-07
8750691002,Sr. Satellite Policy Associate (Starlink Regulatory Affairs),"Washington, DC",SpaceX,Corporate - Legal,https://boards.greenhouse.io/spacex/jobs/8750691002?gh_jid=8750691002,6499893002,2026-08-26T11:09:38-04:00,2026-09-01T19:48:33-04:00,2026-09-04_16-24-07
8624755002,Sr. Satellite Policy Manager (Starlink Mobile),"Washington, DC",SpaceX,Corporate - Government Affairs,https://boards.greenhouse.io/spacex/jobs/8624755002?gh_jid=8624755002,6444405002,2026-07-08T15:25:29-04:00,2026-09-01T19:48:33-04:00,2026-09-04_16-24-07
8708746002,Sr. Scheduler (Starship),"Starbase, TX",SpaceX,Manufacturing - Other Manufacturing,https://boards.greenhouse.io/spacex/jobs/8708746002?gh_jid=8708746002,6474019002,2026-08-13T16:57:58-04:00,2026-09-01T19:48:33-04:00,2026-09-04_16-24-07
8653957002,"Sr. Screen Printing Equipment Engineer, Solar Cells (Starlink)","Bastrop, TX",SpaceX,Engineering - Aerospace & Mechanical,https://boards.greenhouse.io/spacex/jobs/8653957002?gh_jid=8653957002,6456068002,2026-07-28T17:38:45-04:00,2026-09-01T19:48:33-04:00,2026-09-04_16-24-07
8624705002,Sr. Security Software Engineer (Starlink),"Redmond, WA",SpaceX,Engineering - Security,https://boards.greenhouse.io/spacex/jobs/8624705002?gh_jid=8624705002,6444380002,2026-07-09T14:32:03-04:00,2026-09-01T19:48:33-04:00,2026-09-04_16-24-07
8624864002,Sr. Security Software Engineer (Starlink),"Bastrop, TX",SpaceX,Engineering - Security,https://boards.greenhouse.io/spacex/jobs/8624864002?gh_jid=8624864002,6444460002,2026-07-09T14:30:24-04:00,2026-09-01T19:48:33-04:00,2026-09-04_16-24-07
8738736002,Sr. Security Software Enginer (Starshield),"Washington, DC",SpaceX,Engineering - Security,https://boards.greenhouse.io/spacex/jobs/8738736002?gh_jid=8738736002,6494268002,2026-08-21T18:28:07-04:00,2026-09-01T19:48:33-04:00,2026-09-04_16-24-07
8738721002,Sr. Security Software Enginer (Starshield),"Hawthorne, CA",SpaceX,Engineering - Security,https://boards.greenhouse.io/spacex/jobs/8738721002?gh_jid=8738721002,6494268002,2026-08-21T18:27:22-04:00,2026-09-01T19:48:33-04:00,2026-09-04_16-24-07
8571785002,Sr. Sensor Development Engineer (Starship),"Hawthorne, CA",SpaceX,Engineering - Electrical,https://boards.greenhouse.io/spacex/jobs/8571785002?gh_jid=8571785002,6423739002,2026-06-04T13:47:49-04:00,2026-09-01T19:48:33-04:00,2026-09-04_16-24-07
8627692002,"Sr. Signal Integrity Engineer - Serdes, Satellites (Starlink)","Palo Alto, CA",SpaceX,Engineering - Electrical,https://boards.greenhouse.io/spacex/jobs/8627692002?gh_jid=8627692002,6445674002,2026-07-10T11:37:19-04:00,2026-09-01T19:48:33-04:00,2026-09-04_16-24-07
8517479002,"Sr. Silicon Packaging Process Engineer, Silicon Technology (Starlink)","Bastrop, TX",SpaceX,Engineering - Silicon,https://boards.greenhouse.io/spacex/jobs/8517479002?gh_jid=8517479002,6402362002,2026-04-21T23:53:56-04:00,2026-09-01T19:48:33-04:00,2026-09-04_16-24-07
8642116002,Sr. Silicon Photonics Design Engineer (RFIC Engineering),"Redmond, WA",SpaceX,Engineering - Silicon,https://boards.greenhouse.io/spacex/jobs/8642116002?gh_jid=8642116002,6451396002,2026-07-21T11:13:31-04:00,2026-09-01T19:48:33-04:00,2026-09-04_16-24-07
8487924002,Sr. Simulation Software Engineer (Application Software),"Hawthorne, CA",SpaceX,Engineering - Software & Analytics,https://boards.greenhouse.io/spacex/jobs/8487924002?gh_jid=8487924002,6390234002,2026-03-31T16:32:28-04:00,2026-09-01T19:48:33-04:00,2026-09-04_16-24-07
8627694002,"Sr. SI/PI Engineer - Serdes, Satellites (Starlink)","Palo Alto, CA",SpaceX,Engineering - Electrical,https://boards.greenhouse.io/spacex/jobs/8627694002?gh_jid=8627694002,6445674002,2026-07-10T11:37:20-04:00,2026-09-01T19:48:33-04:00,2026-09-04_16-24-07
8611174002,Sr. Site Reliability Engineer (Application Software),"Hawthorne, CA",SpaceX,Engineering - Software & Analytics,https://boards.greenhouse.io/spacex/jobs/8611174002?gh_jid=8611174002,6439248002,2026-06-26T19:35:52-04:00,2026-09-01T19:48:33-04:00,2026-09-04_16-24-07
8654200002,Sr. Site Reliability Engineer (Starlink),"Redmond, WA",SpaceX,Engineering - Software & Analytics,https://boards.greenhouse.io/spacex/jobs/8654200002?gh_jid=8654200002,6450473002,2026-07-28T15:59:12-04:00,2026-09-01T19:48:33-04:00,2026-09-04_16-24-07
8654199002,Sr. Site Reliability Engineer (Starlink),"Palo Alto, CA",SpaceX,Engineering - Software & Analytics,https://boards.greenhouse.io/spacex/jobs/8654199002?gh_jid=8654199002,6450473002,2026-07-28T15:59:11-04:00,2026-09-01T19:48:33-04:00,2026-09-04_16-24-07
8639503002,Sr. Site Reliability Engineer (Starlink),"Hawthorne, CA",SpaceX,Engineering - Software & Analytics,https://boards.greenhouse.io/spacex/jobs/8639503002?gh_jid=8639503002,6450473002,2026-07-28T15:08:59-04:00,2026-09-01T19:48:33-04:00,2026-09-04_16-24-07
8597547002,Sr. Site Reliability Engineer (Starshield),"Washington, DC",SpaceX,Engineering - Software & Analytics,https://boards.greenhouse.io/spacex/jobs/8597547002?gh_jid=8597547002,6433796002,2026-06-17T18:53:32-04:00,2026-09-01T19:48:33-04:00,2026-09-04_16-24-07
8597497002,Sr. Site Reliability Engineer (Starshield),"Hawthorne, CA",SpaceX,Engineering - Software & Analytics,https://boards.greenhouse.io/spacex/jobs/8597497002?gh_jid=8597497002,6433796002,2026-06-17T18:53:30-04:00,2026-09-01T19:48:33-04:00,2026-09-04_16-24-07
8597536002,Sr. Site Reliability Engineer (Starshield),"Redmond, WA",SpaceX,Engineering - Software & Analytics,https://boards.greenhouse.io/spacex/jobs/8597536002?gh_jid=8597536002,6433796002,2026-06-17T18:53:31-04:00,2026-09-01T19:48:33-04:00,2026-09-04_16-24-07
8640515002,Sr. Site Reliability Engineer - Top Secret Clearance (Starlink),"Hawthorne, CA",SpaceX,Engineering - Software & Analytics,https://boards.greenhouse.io/spacex/jobs/8640515002?gh_jid=8640515002,6450957002,2026-07-30T10:07:14-04:00,2026-09-01T19:48:33-04:00,2026-09-04_16-24-07
8701706002,Sr. Site Reliability Engineer - Top Secret Clearance (Starlink),"Redmond, WA",SpaceX,Engineering - Software & Analytics,https://boards.greenhouse.io/spacex/jobs/8701706002?gh_jid=8701706002,6450957002,2026-08-12T15:28:40-04:00,2026-09-01T19:48:33-04:00,2026-09-04_16-24-07
8564795002,Sr. SOC/ASIC Physical Design Engineer (Silicon Engineering),"Irvine, CA",SpaceX,Engineering - Silicon,https://boards.greenhouse.io/spacex/jobs/8564795002?gh_jid=8564795002,6421066002,2026-05-26T15:33:47-04:00,2026-09-01T19:48:33-04:00,2026-09-04_16-24-07
8564796002,Sr. SOC/ASIC Physical Design Engineer (Silicon Engineering),"Austin, TX",SpaceX,Engineering - Silicon,https://boards.greenhouse.io/spacex/jobs/8564796002?gh_jid=8564796002,6421066002,2026-05-26T15:33:48-04:00,2026-09-01T19:48:33-04:00,2026-09-04_16-24-07
8564781002,Sr. SOC/ASIC Physical Design Engineer (Silicon Engineering),"Palo Alto, CA",SpaceX,Engineering - Silicon,https://boards.greenhouse.io/spacex/jobs/8564781002?gh_jid=8564781002,6421066002,2026-05-26T15:33:46-04:00,2026-09-01T19:48:33-04:00,2026-09-04_16-24-07
8726252002,Sr. Software Engineer,"Hawthorne, CA",SpaceX,Engineering - Software & Analytics,https://boards.greenhouse.io/spacex/jobs/8726252002?gh_jid=8726252002,6432741002,2026-08-18T11:27:41-04:00,2026-09-01T19:48:33-04:00,2026-09-04_16-24-07
8763488002,Sr. Software Engineer,"Bastrop, TX",SpaceX,Engineering - Software & Analytics,https://boards.greenhouse.io/spacex/jobs/8763488002?gh_jid=8763488002,6439827002,2026-08-30T02:00:40-04:00,2026-09-01T19:48:33-04:00,2026-09-04_16-24-07
8490889002,"Sr. Software Engineer, Additive Manufacturing (Raptor)","Hawthorne, CA",SpaceX,Engineering - Software & Analytics,https://boards.greenhouse.io/spacex/jobs/8490889002?gh_jid=8490889002,6391613002,2026-04-02T13:33:45-04:00,2026-09-01T19:48:33-04:00,2026-09-04_16-24-07
8579125002,"Sr. Software Engineer, Beam Planning (Starlink)","Palo Alto, CA",SpaceX,Engineering - Software & Analytics,https://boards.greenhouse.io/spacex/jobs/8579125002?gh_jid=8579125002,6426693002,2026-06-09T17:04:03-04:00,2026-09-01T19:48:33-04:00,2026-09-04_16-24-07
8579130002,"Sr. Software Engineer, Beam Planning (Starlink)","Redmond, WA",SpaceX,Engineering - Software & Analytics,https://boards.greenhouse.io/spacex/jobs/8579130002?gh_jid=8579130002,6426693002,2026-06-09T17:04:04-04:00,2026-09-01T19:48:33-04:00,2026-09-04_16-24-07
8672206002,"Sr. Software Engineer, CDN (Starlink)","Palo Alto, CA",SpaceX,Engineering - Software & Analytics,https://boards.greenhouse.io/spacex/jobs/8672206002?gh_jid=8672206002,6447551002,2026-08-03T10:56:56-04:00,2026-09-01T19:48:33-04:00,2026-09-04_16-24-07
8756086002,"Sr. Software Engineer, CDN (Starlink)","Hawthorne, CA",SpaceX,Engineering - Software & Analytics,https://boards.greenhouse.io/spacex/jobs/8756086002?gh_jid=8756086002,6447551002,2026-08-27T12:35:35-04:00,2026-09-01T19:48:33-04:00,2026-09-04_16-24-07
8632177002,"Sr. Software Engineer, CDN (Starlink)","Redmond, WA",SpaceX,Engineering - Software & Analytics,https://boards.greenhouse.io/spacex/jobs/8632177002?gh_jid=8632177002,6447551002,2026-08-03T10:56:54-04:00,2026-09-01T19:48:33-04:00,2026-09-04_16-24-07
8602061002,"Sr. Software Engineer, C++ (Dragon)","Hawthorne, CA",SpaceX,Engineering - Software & Analytics,https://boards.greenhouse.io/spacex/jobs/8602061002?gh_jid=8602061002,6435730002,2026-06-21T13:43:03-04:00,2026-09-01T19:48:33-04:00,2026-09-04_16-24-07
8628394002,Sr. Software Engineer (Components),"Hawthorne, CA",SpaceX,Engineering - Software & Analytics,https://boards.greenhouse.io/spacex/jobs/8628394002?gh_jid=8628394002,6445933002,2026-07-10T14:52:13-04:00,2026-09-01T19:48:33-04:00,2026-09-04_16-24-07
8568934002,"Sr. Software Engineer, Components Test (Starshield)","Hawthorne, CA",SpaceX,Engineering - Software & Analytics,https://boards.greenhouse.io/spacex/jobs/8568934002?gh_jid=8568934002,6422603002,2026-05-28T18:03:55-04:00,2026-09-01T19:48:33-04:00,2026-09-04_16-24-07
8517346002,"Sr. Software Engineer, Computer Vision","Hawthorne, CA",SpaceX,Engineering - Software & Analytics,https://boards.greenhouse.io/spacex/jobs/8517346002?gh_jid=8517346002,6402288002,2026-04-21T17:04:15-04:00,2026-09-01T19:48:33-04:00,2026-09-04_16-24-07
8533836002,"Sr. Software Engineer, Continuous Integration (Starship)","Starbase, TX",SpaceX,Engineering - Software & Analytics,https://boards.greenhouse.io/spacex/jobs/8533836002?gh_jid=8533836002,6408151002,2026-05-01T21:55:28-04:00,2026-09-01T19:48:33-04:00,2026-09-04_16-24-07
8533833002,"Sr. Software Engineer, Continuous Integration (Starship)","Hawthorne, CA",SpaceX,Engineering - Software & Analytics,https://boards.greenhouse.io/spacex/jobs/8533833002?gh_jid=8533833002,6408151002,2026-05-01T21:55:28-04:00,2026-09-01T19:48:33-04:00,2026-09-04_16-24-07
8603611002,"Sr. Software Engineer, C++ (Simulations)","Hawthorne, CA",SpaceX,Engineering - Software & Analytics,https://boards.greenhouse.io/spacex/jobs/8603611002?gh_jid=8603611002,6390234002,2026-06-22T19:35:08-04:00,2026-09-01T19:48:33-04:00,2026-09-04_16-24-07
8750881002,"Sr. Software Engineer, Data Platform (Starlink)","Redmond, WA",SpaceX,Engineering - Software & Analytics,https://boards.greenhouse.io/spacex/jobs/8750881002?gh_jid=8750881002,6499962002,2026-08-26T12:16:25-04:00,2026-09-01T19:48:33-04:00,2026-09-04_16-24-07
8750868002,"Sr. Software Engineer, Data (Starlink)","Hawthorne, CA",SpaceX,Engineering - Software & Analytics,https://boards.greenhouse.io/spacex/jobs/8750868002?gh_jid=8750868002,6499962002,2026-08-26T12:15:42-04:00,2026-09-01T19:48:33-04:00,2026-09-04_16-24-07
8466962002,"Sr. Software Engineer, Design Software (Starship)","Hawthorne, CA",SpaceX,Engineering - Software & Analytics,https://boards.greenhouse.io/spacex/jobs/8466962002?gh_jid=8466962002,6382124002,2026-03-18T17:07:48-04:00,2026-09-01T19:48:33-04:00,2026-09-04_16-24-07
8576894002,"Sr. Software Engineer, DevOps (Starlink)","Redmond, WA",SpaceX,Engineering - Software & Analytics,https://boards.greenhouse.io/spacex/jobs/8576894002?gh_jid=8576894002,6425838002,2026-06-05T18:00:36-04:00,2026-09-01T19:48:33-04:00,2026-09-04_16-24-07
8530108002,Sr. Software Engineer (Flight Reliability),"Hawthorne, CA",SpaceX,Engineering - Software & Analytics,https://boards.greenhouse.io/spacex/jobs/8530108002?gh_jid=8530108002,6406622002,2026-04-29T15:44:03-04:00,2026-09-01T19:48:33-04:00,2026-09-04_16-24-07
8562412002,"Sr. Software Engineer, Flight Software (Starship)","Hawthorne, CA",SpaceX,Engineering - Software & Analytics,https://boards.greenhouse.io/spacex/jobs/8562412002?gh_jid=8562412002,6419997002,2026-05-22T16:38:22-04:00,2026-09-01T19:48:33-04:00,2026-09-04_16-24-07
8562073002,"Sr. Software Engineer, Flight Software (Starship)","Starbase, TX",SpaceX,Engineering - Software & Analytics,https://boards.greenhouse.io/spacex/jobs/8562073002?gh_jid=8562073002,6419896002,2026-05-22T16:15:19-04:00,2026-09-01T19:48:33-04:00,2026-09-04_16-24-07
8546146002,"Sr. Software Engineer, Hardware Test & Automation (Starshield)","Hawthorne, CA",SpaceX,Engineering - Software & Analytics,https://boards.greenhouse.io/spacex/jobs/8546146002?gh_jid=8546146002,6413559002,2026-05-12T16:48:00-04:00,2026-09-01T19:48:33-04:00,2026-09-04_16-24-07
8579126002,"Sr. Software Engineer, High Performance Computing (Starlink)","Palo Alto, CA",SpaceX,Engineering - Software & Analytics,https://boards.greenhouse.io/spacex/jobs/8579126002?gh_jid=8579126002,6426693002,2026-06-09T17:04:05-04:00,2026-09-01T19:48:33-04:00,2026-09-04_16-24-07
8579131002,"Sr. Software Engineer, High Performance Computing (Starlink)","Redmond, WA",SpaceX,Engineering - Software & Analytics,https://boards.greenhouse.io/spacex/jobs/8579131002?gh_jid=8579131002,6426693002,2026-06-09T17:04:05-04:00,2026-09-01T19:48:33-04:00,2026-09-04_16-24-07
8749217002,"Sr. Software Engineer, HITL - Top Secret Clearance","Hawthorne, CA",SpaceX,Engineering - Software & Analytics,https://boards.greenhouse.io/spacex/jobs/8749217002?gh_jid=8749217002,6499239002,2026-08-31T01:12:40-04:00,2026-09-01T19:48:33-04:00,2026-09-04_16-24-07
8579127002,"Sr. Software Engineer, Low Latency Computing (Starlink)","Palo Alto, CA",SpaceX,Engineering - Software & Analytics,https://boards.greenhouse.io/spacex/jobs/8579127002?gh_jid=8579127002,6426693002,2026-06-09T17:04:06-04:00,2026-09-01T19:48:33-04:00,2026-09-04_16-24-07
8579128002,"Sr. Software Engineer, Low Latency Computing (Starlink)","Redmond, WA",SpaceX,Engineering - Software & Analytics,https://boards.greenhouse.io/spacex/jobs/8579128002?gh_jid=8579128002,6426693002,2026-06-09T17:04:07-04:00,2026-09-01T19:48:33-04:00,2026-09-04_16-24-07
8560569002,Sr. Software Engineer (Platform Team),"Starbase, TX",SpaceX,Engineering - Software & Analytics,https://boards.greenhouse.io/spacex/jobs/8560569002?gh_jid=8560569002,6393560002,2026-05-21T13:14:38-04:00,2026-09-01T19:48:33-04:00,2026-09-04_16-24-07
8560570002,Sr. Software Engineer (Platform Team),"Bastrop, TX",SpaceX,Engineering - Software & Analytics,https://boards.greenhouse.io/spacex/jobs/8560570002?gh_jid=8560570002,6393560002,2026-05-21T13:14:39-04:00,2026-09-01T19:48:33-04:00,2026-09-04_16-24-07
8495853002,Sr. Software Engineer (Platform Team),"Hawthorne, CA",SpaceX,Engineering - Software & Analytics,https://boards.greenhouse.io/spacex/jobs/8495853002?gh_jid=8495853002,6393560002,2026-04-07T10:26:02-04:00,2026-09-01T19:48:33-04:00,2026-09-04_16-24-07
8558871002,Sr. Software Engineer (Platform Team),"Palo Alto, CA",SpaceX,Engineering - Software & Analytics,https://boards.greenhouse.io/spacex/jobs/8558871002?gh_jid=8558871002,6393560002,2026-05-20T17:26:55-04:00,2026-09-01T19:48:33-04:00,2026-09-04_16-24-07
8558870002,Sr. Software Engineer (Platform Team),"Sunnyvale, CA",SpaceX,Engineering - Software & Analytics,https://boards.greenhouse.io/spacex/jobs/8558870002?gh_jid=8558870002,6393560002,2026-05-20T17:26:54-04:00,2026-09-01T19:48:33-04:00,2026-09-04_16-24-07
8558869002,Sr. Software Engineer (Platform Team),"Redmond, WA",SpaceX,Engineering - Software & Analytics,https://boards.greenhouse.io/spacex/jobs/8558869002?gh_jid=8558869002,6393560002,2026-05-20T17:26:53-04:00,2026-09-01T19:48:33-04:00,2026-09-04_16-24-07
8581310002,"Sr. Software Engineer, Propulsion Simulation & Data Analysis (Raptor)","Hawthorne, CA",SpaceX,Engineering - Aerospace & Mechanical,https://boards.greenhouse.io/spacex/jobs/8581310002?gh_jid=8581310002,6427546002,2026-06-05T20:10:58-04:00,2026-09-01T19:48:33-04:00,2026-09-04_16-24-07
8562402002,"Sr. Software Engineer, Security (Starship)","Hawthorne, CA",SpaceX,Engineering - Software & Analytics,https://boards.greenhouse.io/spacex/jobs/8562402002?gh_jid=8562402002,6419993002,2026-05-22T16:40:36-04:00,2026-09-01T19:48:33-04:00,2026-09-04_16-24-07
8487481002,"Sr. Software Engineer, Simulations (Application Software)","Hawthorne, CA",SpaceX,Engineering - Software & Analytics,https://boards.greenhouse.io/spacex/jobs/8487481002?gh_jid=8487481002,6390234002,2026-03-31T16:28:32-04:00,2026-09-01T19:48:33-04:00,2026-09-04_16-24-07
8568980002,Sr. Software Engineer (Special Projects) - Top Secret Clearance,"Hawthorne, CA",SpaceX,Engineering - Software & Analytics,https://boards.greenhouse.io/spacex/jobs/8568980002?gh_jid=8568980002,6422617002,2026-06-09T18:56:26-04:00,2026-09-01T19:48:33-04:00,2026-09-04_16-24-07
8642277002,Sr. Software Engineer (Starfall),"Hawthorne, CA",SpaceX,Engineering - Software & Analytics,https://boards.greenhouse.io/spacex/jobs/8642277002?gh_jid=8642277002,6451468002,2026-07-20T23:19:22-04:00,2026-09-01T19:48:33-04:00,2026-09-04_16-24-07
8716848002,"Sr. Software Engineer, Starlink Enterprise Product (Space Lasers)","Redmond, WA",SpaceX,Engineering - Software & Analytics,https://boards.greenhouse.io/spacex/jobs/8716848002?gh_jid=8716848002,6484160002,2026-08-20T15:23:09-04:00,2026-09-01T19:48:33-04:00,2026-09-04_16-24-07
8458038002,"Sr. Software Engineer, Starlink Network","Redmond, WA",SpaceX,Engineering - Software & Analytics,https://boards.greenhouse.io/spacex/jobs/8458038002?gh_jid=8458038002,6378578002,2026-03-11T20:03:45-04:00,2026-09-01T19:48:33-04:00,2026-09-04_16-24-07
8684403002,Sr. Software Engineer (Starshield),"Hawthorne, CA",SpaceX,Engineering - Software & Analytics,https://boards.greenhouse.io/spacex/jobs/8684403002?gh_jid=8684403002,6469503002,2026-08-05T16:38:56-04:00,2026-09-01T19:48:33-04:00,2026-09-04_16-24-07
8656520002,"Sr. Software Engineer, Telemetry (Starlink)","Redmond, WA",SpaceX,Engineering - Software & Analytics,https://boards.greenhouse.io/spacex/jobs/8656520002?gh_jid=8656520002,6447456002,2026-07-29T12:31:26-04:00,2026-09-01T19:48:33-04:00,2026-09-04_16-24-07
8631952002,"Sr. Software Engineer, Telemetry (Starlink)","Hawthorne, CA",SpaceX,Engineering - Software & Analytics,https://boards.greenhouse.io/spacex/jobs/8631952002?gh_jid=8631952002,6447456002,2026-07-29T12:31:25-04:00,2026-09-01T19:48:33-04:00,2026-09-04_16-24-07
8555142002,Sr. Software Engineer (Vehicle Engineering),"Hawthorne, CA",SpaceX,Engineering - Software & Analytics,https://boards.greenhouse.io/spacex/jobs/8555142002?gh_jid=8555142002,6417189002,2026-05-18T13:31:30-04:00,2026-09-01T19:48:33-04:00,2026-09-04_16-24-07
8573254002,Sr. Software Infrastructure Engineer (Starlink),"Redmond, WA",SpaceX,Engineering - Software & Analytics,https://boards.greenhouse.io/spacex/jobs/8573254002?gh_jid=8573254002,6424293002,2026-06-08T11:27:53-04:00,2026-09-01T19:48:33-04:00,2026-09-04_16-24-07
8653969002,Sr. Solar Cell Reliability Engineer (Starlink),"Bastrop, TX",SpaceX,Engineering - Materials,https://boards.greenhouse.io/spacex/jobs/8653969002?gh_jid=8653969002,6456075002,2026-07-28T14:54:15-04:00,2026-09-01T19:48:33-04:00,2026-09-04_16-24-07
8738176002,"Sr. Sourcing Specialist, Construction","Starbase, TX",SpaceX,Supply Chain & Logistics - Sourcing & Planning,https://boards.greenhouse.io/spacex/jobs/8738176002?gh_jid=8738176002,6494002002,2026-08-21T21:20:11-04:00,2026-09-01T19:48:33-04:00,2026-09-04_16-24-07
8738193002,"Sr. Sourcing Specialist, Construction","Cape Canaveral, FL",SpaceX,Supply Chain & Logistics - Sourcing & Planning,https://boards.greenhouse.io/spacex/jobs/8738193002?gh_jid=8738193002,6494002002,2026-08-21T21:20:13-04:00,2026-09-01T19:48:33-04:00,2026-09-04_16-24-07
8558360002,"Sr. Sourcing Specialist, Electronics (Starlink)","Redmond, WA",SpaceX,Supply Chain & Logistics - Sourcing & Planning,https://boards.greenhouse.io/spacex/jobs/8558360002?gh_jid=8558360002,6418547002,2026-05-29T12:33:56-04:00,2026-09-01T19:48:33-04:00,2026-09-04_16-24-07
8628532002,"Sr. Sourcing Specialist, Ground Support Equipment & Facilities","McGregor, TX",SpaceX,Supply Chain & Logistics - Sourcing & Planning,https://boards.greenhouse.io/spacex/jobs/8628532002?gh_jid=8628532002,6445987002,2026-07-13T17:39:07-04:00,2026-09-01T19:48:33-04:00,2026-09-04_16-24-07
8692434002,"Sr. Sourcing Specialist, Mechanical (Starship)","Hawthorne, CA",SpaceX,Supply Chain & Logistics - Sourcing & Planning,https://boards.greenhouse.io/spacex/jobs/8692434002?gh_jid=8692434002,6432349002,2026-08-07T18:55:08-04:00,2026-09-01T19:48:33-04:00,2026-09-04_16-24-07
8719838002,"Sr. Sourcing Specialist, PCB/PCBA (Starshield)","Hawthorne, CA",SpaceX,Supply Chain & Logistics - Sourcing & Planning,https://boards.greenhouse.io/spacex/jobs/8719838002?gh_jid=8719838002,6485671002,2026-08-18T16:03:41-04:00,2026-09-01T19:48:33-04:00,2026-09-04_16-24-07
8731218002,"Sr. Sourcing Specialist, Solar (Starlink)","Bastrop, TX",SpaceX,Supply Chain & Logistics - Sourcing & Planning,https://boards.greenhouse.io/spacex/jobs/8731218002?gh_jid=8731218002,6400028002,2026-08-19T16:43:25-04:00,2026-09-02T16:12:54-04:00,2026-09-04_16-24-07
8706220002,Sr. Sourcing Specialist (Starship),"Starbase, TX",SpaceX,Supply Chain & Logistics - Sourcing & Planning,https://boards.greenhouse.io/spacex/jobs/8706220002?gh_jid=8706220002,6479265002,2026-08-16T22:40:38-04:00,2026-09-01T19:48:33-04:00,2026-09-04_16-24-07
8593375002,Sr. Sourcing Specialist (Starship),"Hawthorne, CA",SpaceX,Supply Chain & Logistics - Sourcing & Planning,https://boards.greenhouse.io/spacex/jobs/8593375002?gh_jid=8593375002,6432349002,2026-06-16T21:15:02-04:00,2026-09-01T19:48:33-04:00,2026-09-04_16-24-07
8730689002,Sr. Sourcing Specialist (Starship Pad),"Cape Canaveral, FL",SpaceX,Supply Chain & Logistics - Sourcing & Planning,https://boards.greenhouse.io/spacex/jobs/8730689002?gh_jid=8730689002,6490639002,2026-08-19T15:31:29-04:00,2026-09-01T19:48:33-04:00,2026-09-04_16-24-07
8483195002,"Sr. Space Lasers Engineer, Satellites (Starlink)","Redmond, WA",SpaceX,Engineering - Electrical,https://boards.greenhouse.io/spacex/jobs/8483195002?gh_jid=8483195002,6388416002,2026-03-27T16:22:36-04:00,2026-09-01T19:48:33-04:00,2026-09-04_16-24-07
8766976002,Sr. Stock Plan Administrator,"Hawthorne, CA",SpaceX,Corporate - Finance & Accounting,https://boards.greenhouse.io/spacex/jobs/8766976002?gh_jid=8766976002,6507392002,2026-09-01T17:54:24-04:00,2026-09-01T19:48:33-04:00,2026-09-04_16-24-07
8512920002,Sr. Structural Engineer,"Hawthorne, CA",SpaceX,Operations - Construction,https://boards.greenhouse.io/spacex/jobs/8512920002?gh_jid=8512920002,6400493002,2026-04-17T19:53:59-04:00,2026-09-01T19:48:33-04:00,2026-09-04_16-24-07
8682899002,"Sr. Structural Engineer, Structural Test (Starship)","Starbase, TX",SpaceX,Engineering - Civil,https://boards.greenhouse.io/spacex/jobs/8682899002?gh_jid=8682899002,6468834002,2026-08-05T12:49:16-04:00,2026-09-01T19:48:33-04:00,2026-09-04_16-24-07
8558849002,"Sr. Structures Engineer, Build (Starship)","Starbase, TX",SpaceX,Engineering - Aerospace & Mechanical,https://boards.greenhouse.io/spacex/jobs/8558849002?gh_jid=8558849002,6418767002,2026-05-20T21:17:28-04:00,2026-09-01T19:48:33-04:00,2026-09-04_16-24-07
8594391002,"Sr. Supplier Development Engineer, Battery (Starlink)","Redmond, WA",SpaceX,Engineering - Aerospace & Mechanical,https://boards.greenhouse.io/spacex/jobs/8594391002?gh_jid=8594391002,6432820002,2026-06-18T17:28:07-04:00,2026-09-01T19:48:33-04:00,2026-09-04_16-24-07
8653632002,"Sr. Supplier Development Engineer, Data Center (Starlink)","Memphis, TN",SpaceX,Supply Chain & Logistics - Supply Chain Engineering,https://boards.greenhouse.io/spacex/jobs/8653632002?gh_jid=8653632002,6451761002,2026-07-28T11:30:29-04:00,2026-09-01T19:48:33-04:00,2026-09-04_16-24-07
8642976002,"Sr. Supplier Development Engineer, Data Center (Starlink)","Bastrop, TX",SpaceX,Supply Chain & Logistics - Supply Chain Engineering,https://boards.greenhouse.io/spacex/jobs/8642976002?gh_jid=8642976002,6451761002,2026-07-21T20:27:53-04:00,2026-09-01T19:48:33-04:00,2026-09-04_16-24-07
8645827002,"Sr. Supplier Development Engineer, Data Center (Starlink)","Palo Alto, CA",SpaceX,Supply Chain & Logistics - Supply Chain Engineering,https://boards.greenhouse.io/spacex/jobs/8645827002?gh_jid=8645827002,6451761002,2026-07-23T13:59:28-04:00,2026-09-01T19:48:33-04:00,2026-09-04_16-24-07
8622760002,"Sr. Supplier Development Engineer, Mechanical Metrology (Starlink)","Bastrop, TX",SpaceX,Supply Chain & Logistics - Supply Chain Engineering,https://boards.greenhouse.io/spacex/jobs/8622760002?gh_jid=8622760002,6443600002,2026-07-08T12:18:25-04:00,2026-09-01T19:48:33-04:00,2026-09-04_16-24-07
8586113002,Sr. Supplier Development Engineer (Starshield),"Hawthorne, CA",SpaceX,Supply Chain & Logistics - Supply Chain Engineering,https://boards.greenhouse.io/spacex/jobs/8586113002?gh_jid=8586113002,6429458002,2026-06-22T19:01:16-04:00,2026-09-01T19:48:33-04:00,2026-09-04_16-24-07
8643828002,"Sr. Supplier Quality Specialist, Data Center (Starlink)","Bastrop, TX",SpaceX,Supply Chain & Logistics - Supply Chain Engineering,https://boards.greenhouse.io/spacex/jobs/8643828002?gh_jid=8643828002,6452089002,2026-07-21T20:28:00-04:00,2026-09-01T19:48:33-04:00,2026-09-04_16-24-07
8653649002,"Sr. Supplier Quality Specialist, Data Center (Starlink)","Memphis, TN",SpaceX,Supply Chain & Logistics - Supply Chain Engineering,https://boards.greenhouse.io/spacex/jobs/8653649002?gh_jid=8653649002,6452089002,2026-07-28T11:33:39-04:00,2026-09-01T19:48:33-04:00,2026-09-04_16-24-07
8753281002,Sr. Supply Chain Planner (Launch Site),"Cape Canaveral, FL",SpaceX,Supply Chain & Logistics - Sourcing & Planning,https://boards.greenhouse.io/spacex/jobs/8753281002?gh_jid=8753281002,6501025002,2026-08-26T19:33:25-04:00,2026-09-01T19:48:33-04:00,2026-09-04_16-24-07
8643675002,Sr. Supply Chain Planner (Launch Vehicle Electronic Systems),"Hawthorne, CA",SpaceX,Supply Chain & Logistics - Sourcing & Planning,https://boards.greenhouse.io/spacex/jobs/8643675002?gh_jid=8643675002,6452036002,2026-07-24T12:47:01-04:00,2026-09-01T19:48:33-04:00,2026-09-04_16-24-07
8490731002,Sr. Supply Chain Planner (Starship),"Starbase, TX",SpaceX,Supply Chain & Logistics - Sourcing & Planning,https://boards.greenhouse.io/spacex/jobs/8490731002?gh_jid=8490731002,6391535002,2026-04-13T12:58:19-04:00,2026-09-01T19:48:33-04:00,2026-09-04_16-24-07
8606899002,"Sr. Supply Chain Planner, xAI (Starlink)","Bastrop, TX",SpaceX,Supply Chain & Logistics - Sourcing & Planning,https://boards.greenhouse.io/spacex/jobs/8606899002?gh_jid=8606899002,6437619002,2026-06-29T11:00:30-04:00,2026-09-01T19:48:33-04:00,2026-09-04_16-24-07
8515826002,Sr. Tax Analyst,"Hawthorne, CA",SpaceX,Corporate - Finance & Accounting,https://boards.greenhouse.io/spacex/jobs/8515826002?gh_jid=8515826002,6401661002,2026-04-20T18:19:55-04:00,2026-09-01T19:48:33-04:00,2026-09-04_16-24-07
8570129002,Sr. Technical Business Development Manager (Starlink),"Redmond, WA",SpaceX,Corporate - Sales & Business Operations,https://boards.greenhouse.io/spacex/jobs/8570129002?gh_jid=8570129002,6423063002,2026-05-28T22:02:54-04:00,2026-09-01T19:48:33-04:00,2026-09-04_16-24-07
8570105002,Sr. Technical Business Development Manager (Starlink),"Bastrop, TX",SpaceX,Corporate - Sales & Business Operations,https://boards.greenhouse.io/spacex/jobs/8570105002?gh_jid=8570105002,6423063002,2026-05-28T22:02:53-04:00,2026-09-01T19:48:33-04:00,2026-09-04_16-24-07
8439487002,"Sr. Technical Operations Engineer, Customer Success (Starlink)","Bastrop, TX",SpaceX,Corporate - Sales & Business Operations,https://boards.greenhouse.io/spacex/jobs/8439487002?gh_jid=8439487002,6371227002,2026-03-02T14:55:41-05:00,2026-09-01T19:48:33-04:00,2026-09-04_16-24-07
8444679002,"Sr. Technical Operations Engineer, Customer Success (Starlink)","Redmond, WA",SpaceX,Corporate - Sales & Business Operations,https://boards.greenhouse.io/spacex/jobs/8444679002?gh_jid=8444679002,6373387002,2026-03-02T18:17:14-05:00,2026-09-01T19:48:33-04:00,2026-09-04_16-24-07
8610397002,Sr. Technical Project Lead (Silicon Engineering),"Redmond, WA",SpaceX,Engineering - Silicon,https://boards.greenhouse.io/spacex/jobs/8610397002?gh_jid=8610397002,6438900002,2026-06-26T14:27:58-04:00,2026-09-01T19:48:33-04:00,2026-09-04_16-24-07
8610400002,Sr. Technical Project Lead (Silicon Engineering),"Palo Alto, CA",SpaceX,Engineering - Silicon,https://boards.greenhouse.io/spacex/jobs/8610400002?gh_jid=8610400002,6438900002,2026-06-26T14:28:01-04:00,2026-09-01T19:48:33-04:00,2026-09-04_16-24-07
8610399002,Sr. Technical Project Lead (Silicon Engineering),"Irvine, CA",SpaceX,Engineering - Silicon,https://boards.greenhouse.io/spacex/jobs/8610399002?gh_jid=8610399002,6438900002,2026-06-26T14:28:00-04:00,2026-09-01T19:48:33-04:00,2026-09-04_16-24-07
8610398002,Sr. Technical Project Lead (Silicon Engineering),"Austin, TX",SpaceX,Engineering - Silicon,https://boards.greenhouse.io/spacex/jobs/8610398002?gh_jid=8610398002,6438900002,2026-06-26T14:27:59-04:00,2026-09-01T19:48:33-04:00,2026-09-04_16-24-07
8639395002,Sr. Technical Recruiter,"Hawthorne, CA",SpaceX,Corporate - Human Resources,https://boards.greenhouse.io/spacex/jobs/8639395002?gh_jid=8639395002,6450426002,2026-07-17T17:26:32-04:00,2026-09-01T19:48:33-04:00,2026-09-04_16-24-07
8694846002,Sr. Technical Recruiter (Bastrop),"Bastrop, TX",SpaceX,Corporate - Human Resources,https://boards.greenhouse.io/spacex/jobs/8694846002?gh_jid=8694846002,6474081002,2026-08-10T22:54:29-04:00,2026-09-01T19:48:33-04:00,2026-09-04_16-24-07
8694879002,Sr. Technical Recruiter (Redmond),"Redmond, WA",SpaceX,Corporate - Human Resources,https://boards.greenhouse.io/spacex/jobs/8694879002?gh_jid=8694879002,6474094002,2026-08-10T22:54:20-04:00,2026-09-01T19:48:33-04:00,2026-09-04_16-24-07
8681168002,Sr. Technical Recruiter (Starbase),"Starbase, TX",SpaceX,Corporate - Human Resources,https://boards.greenhouse.io/spacex/jobs/8681168002?gh_jid=8681168002,6468082002,2026-08-06T20:40:59-04:00,2026-09-01T19:48:33-04:00,2026-09-04_16-24-07
8777073002,Sr. Telecommunications Engineer,"Starbase, TX",SpaceX,Engineering - Information Technology,https://boards.greenhouse.io/spacex/jobs/8777073002?gh_jid=8777073002,6511057002,2026-09-02T14:10:14-04:00,2026-09-02T14:10:14-04:00,2026-09-04_16-24-07
8550231002,Sr. Terrestrial Services Sales Manager (Starlink Aviation),"Bastrop, TX",SpaceX,Corporate - Sales & Business Operations,https://boards.greenhouse.io/spacex/jobs/8550231002?gh_jid=8550231002,6415075002,2026-05-14T17:33:24-04:00,2026-09-01T19:48:33-04:00,2026-09-04_16-24-07
8550162002,Sr. Terrestrial Services Sales Manager (Starlink Aviation),"Woodinville, WA",SpaceX,Corporate - Sales & Business Operations,https://boards.greenhouse.io/spacex/jobs/8550162002?gh_jid=8550162002,6415075002,2026-05-14T17:33:23-04:00,2026-09-01T19:48:33-04:00,2026-09-04_16-24-07
8647020002,"Sr. Thermal Engineer - Fluids Analysis, AI Satellites (Starmind)","Bastrop, TX",SpaceX,Engineering - Aerospace & Mechanical,https://boards.greenhouse.io/spacex/jobs/8647020002?gh_jid=8647020002,6453339002,2026-07-23T09:55:00-04:00,2026-09-01T19:48:33-04:00,2026-09-04_16-24-07
8647000002,"Sr. Thermal Engineer - Spacecraft Analysis, AI Satellites (Starmind)","Bastrop, TX",SpaceX,Engineering - Aerospace & Mechanical,https://boards.greenhouse.io/spacex/jobs/8647000002?gh_jid=8647000002,6453332002,2026-07-23T09:49:34-04:00,2026-09-01T19:48:33-04:00,2026-09-04_16-24-07
8562361002,"Sr. Thermal Engineer, Thermal & Fluid Analysis (Starship)","Hawthorne, CA",SpaceX,Engineering - Aerospace & Mechanical,https://boards.greenhouse.io/spacex/jobs/8562361002?gh_jid=8562361002,6419977002,2026-05-22T17:25:46-04:00,2026-09-01T19:48:33-04:00,2026-09-04_16-24-07
8493185002,"Sr. Tooling Design Engineer, Investment Casting","Bastrop, TX",SpaceX,Engineering - Aerospace & Mechanical,https://boards.greenhouse.io/spacex/jobs/8493185002?gh_jid=8493185002,6392458002,2026-04-03T18:53:29-04:00,2026-09-01T19:48:33-04:00,2026-09-04_16-24-07
8633924002,"Sr. Tooling Designer, Injection Molding","Bastrop, TX",SpaceX,Manufacturing - Other Manufacturing,https://boards.greenhouse.io/spacex/jobs/8633924002?gh_jid=8633924002,6448278002,2026-07-16T20:25:46-04:00,2026-09-01T19:48:33-04:00,2026-09-04_16-24-07
8574347002,"Sr. Tooling Engineer, Plastic Injection Molding (Starlink)","Bastrop, TX",SpaceX,Engineering - Aerospace & Mechanical,https://boards.greenhouse.io/spacex/jobs/8574347002?gh_jid=8574347002,6424756002,2026-06-03T14:18:06-04:00,2026-09-01T19:48:33-04:00,2026-09-04_16-24-07
8584829002,Sr. Trajectory Analysis Engineer (Starship),"Starbase, TX",SpaceX,Engineering - Software & Analytics,https://boards.greenhouse.io/spacex/jobs/8584829002?gh_jid=8584829002,6428968002,2026-06-09T20:17:20-04:00,2026-09-01T19:48:33-04:00,2026-09-04_16-24-07
8584754002,Sr. Trajectory Analysis Engineer (Starship),"Hawthorne, CA",SpaceX,Engineering - Software & Analytics,https://boards.greenhouse.io/spacex/jobs/8584754002?gh_jid=8584754002,6428968002,2026-06-09T20:17:19-04:00,2026-09-01T19:48:33-04:00,2026-09-04_16-24-07
8643595002,Sr. Treasury Analyst,"Hawthorne, CA",SpaceX,Corporate - Finance & Accounting,https://boards.greenhouse.io/spacex/jobs/8643595002?gh_jid=8643595002,6452014002,2026-07-21T19:51:10-04:00,2026-09-01T19:48:33-04:00,2026-09-04_16-24-07
8558147002,"Sr. Water Treatment Engineer, Solar Cell Factory (Starlink)","Bastrop, TX",SpaceX,Engineering - Materials,https://boards.greenhouse.io/spacex/jobs/8558147002?gh_jid=8558147002,6418455002,2026-06-01T10:56:36-04:00,2026-09-01T19:48:33-04:00,2026-09-04_16-24-07
8616920002,Sr. Welding Engineer,"Hawthorne, CA",SpaceX,Engineering - Materials,https://boards.greenhouse.io/spacex/jobs/8616920002?gh_jid=8616920002,6441444002,2026-07-06T14:09:16-04:00,2026-09-01T19:48:33-04:00,2026-09-04_16-24-07
8614946002,Sr. Welding Engineer (Starship Components),"Hawthorne, CA",SpaceX,Engineering - Materials,https://boards.greenhouse.io/spacex/jobs/8614946002?gh_jid=8614946002,6440693002,2026-07-01T13:54:52-04:00,2026-09-01T19:48:33-04:00,2026-09-04_16-24-07
8700413002,"Sr. Wet Process Equipment Engineer, Solar Cells (Starlink)","Bastrop, TX",SpaceX,Engineering - Materials,https://boards.greenhouse.io/spacex/jobs/8700413002?gh_jid=8700413002,6456061002,2026-08-12T10:55:16-04:00,2026-09-01T19:48:33-04:00,2026-09-04_16-24-07
8716120002,Sr. Wi-Fi Software Engineer (Starlink),"Bastrop, TX",SpaceX,Engineering - Software & Analytics,https://boards.greenhouse.io/spacex/jobs/8716120002?gh_jid=8716120002,6483838002,2026-08-24T21:45:39-04:00,2026-09-01T19:48:33-04:00,2026-09-04_16-24-07
8716131002,Sr. Wi-Fi Software Engineer (Starlink),"Palo Alto, CA",SpaceX,Engineering - Software & Analytics,https://boards.greenhouse.io/spacex/jobs/8716131002?gh_jid=8716131002,6483838002,2026-08-24T21:45:41-04:00,2026-09-01T19:48:33-04:00,2026-09-04_16-24-07
8546682002,Sr. Wireless Firmware Engineer (Starlink Mobile),"Palo Alto, CA",SpaceX,Engineering - Software & Analytics,https://boards.greenhouse.io/spacex/jobs/8546682002?gh_jid=8546682002,6413823002,2026-05-19T17:33:10-04:00,2026-09-01T19:48:33-04:00,2026-09-04_16-24-07
8546720002,Sr. Wireless Firmware Engineer (Starlink Mobile),"Redmond, WA",SpaceX,Engineering - Software & Analytics,https://boards.greenhouse.io/spacex/jobs/8546720002?gh_jid=8546720002,6413823002,2026-05-19T17:33:11-04:00,2026-09-01T19:48:33-04:00,2026-09-04_16-24-07
8637796002,Sr. Wireless Software Engineer (Starlink),"Palo Alto, CA",SpaceX,Engineering - Software & Analytics,https://boards.greenhouse.io/spacex/jobs/8637796002?gh_jid=8637796002,6449823002,2026-07-20T12:34:57-04:00,2026-09-01T19:48:33-04:00,2026-09-04_16-24-07
8637824002,Sr. Wireless Software Engineer (Starlink),"Redmond, WA",SpaceX,Engineering - Software & Analytics,https://boards.greenhouse.io/spacex/jobs/8637824002?gh_jid=8637824002,6449823002,2026-07-20T12:34:58-04:00,2026-09-01T19:48:33-04:00,2026-09-04_16-24-07
8760870002,"Sr. Yield Engineer, RF Final Test Integration (Starlink/Akoustis)","Bastrop, TX",SpaceX,Engineering - Electrical,https://boards.greenhouse.io/spacex/jobs/8760870002?gh_jid=8760870002,6504465002,2026-08-28T15:57:01-04:00,2026-09-01T19:48:33-04:00,2026-09-04_16-24-07
8480140002,Starlink Account Lead (State & Local Government),"Hawthorne, CA",SpaceX,Corporate - Sales & Business Operations,https://boards.greenhouse.io/spacex/jobs/8480140002?gh_jid=8480140002,6387239002,2026-03-26T22:11:57-04:00,2026-09-01T19:48:33-04:00,2026-09-04_16-24-07
8727059002,Starlink Account Manager (Canadian Federal),"Redmond, WA",SpaceX,Corporate - Sales & Business Operations,https://boards.greenhouse.io/spacex/jobs/8727059002?gh_jid=8727059002,6488974002,2026-08-18T14:45:16-04:00,2026-09-01T19:48:33-04:00,2026-09-04_16-24-07
8727400002,Starlink Account Manager (Canadian Federal),"Washington, DC",SpaceX,Corporate - Sales & Business Operations,https://boards.greenhouse.io/spacex/jobs/8727400002?gh_jid=8727400002,6488974002,2026-08-18T14:45:17-04:00,2026-09-01T19:48:33-04:00,2026-09-04_16-24-07
8727052002,Starlink Account Manager (State & Local Government),"Bastrop, TX",SpaceX,Corporate - Sales & Business Operations,https://boards.greenhouse.io/spacex/jobs/8727052002?gh_jid=8727052002,6488967002,2026-08-18T14:19:52-04:00,2026-09-01T19:48:33-04:00,2026-09-04_16-24-07
8727043002,Starlink Account Manager (State & Local Government),"Hawthorne, CA",SpaceX,Corporate - Sales & Business Operations,https://boards.greenhouse.io/spacex/jobs/8727043002?gh_jid=8727043002,6488967002,2026-08-18T14:19:51-04:00,2026-09-01T19:48:33-04:00,2026-09-04_16-24-07
8675291002,Starlink Account Manager (US Federal),"Hawthorne, CA",SpaceX,Corporate - Sales & Business Operations,https://boards.greenhouse.io/spacex/jobs/8675291002?gh_jid=8675291002,6465225002,2026-08-04T19:10:08-04:00,2026-09-01T19:48:33-04:00,2026-09-04_16-24-07
8675298002,Starlink Account Manager (US Federal),"Washington, DC",SpaceX,Corporate - Sales & Business Operations,https://boards.greenhouse.io/spacex/jobs/8675298002?gh_jid=8675298002,6465225002,2026-08-04T19:10:08-04:00,2026-09-01T19:48:33-04:00,2026-09-04_16-24-07
8686885002,Starlink Assembly Technician,"Redmond, WA",SpaceX,Manufacturing - Other Manufacturing,https://boards.greenhouse.io/spacex/jobs/8686885002?gh_jid=8686885002,6452986002,2026-08-06T01:14:54-04:00,2026-09-01T19:48:33-04:00,2026-09-04_16-24-07
8686209002,Starlink Aviation Integration Technician,"Woodinville, WA",SpaceX,Manufacturing - Electronics,https://boards.greenhouse.io/spacex/jobs/8686209002?gh_jid=8686209002,6470287002,2026-08-06T15:48:15-04:00,2026-09-01T19:48:33-04:00,2026-09-04_16-24-07
8737007002,Starlink Aviation Specialist,"Woodinville, WA",SpaceX,Engineering - Information Technology,https://boards.greenhouse.io/spacex/jobs/8737007002?gh_jid=8737007002,6493491002,2026-08-21T17:26:26-04:00,2026-09-01T19:48:33-04:00,2026-09-04_16-24-07
8782703002,Starlink Communications Manager (Consumer Lifecycle),"Hawthorne, CA",SpaceX,Corporate - Marketing & Communications,https://boards.greenhouse.io/spacex/jobs/8782703002?gh_jid=8782703002,6513558002,2026-09-03T15:41:24-04:00,2026-09-03T16:05:35-04:00,2026-09-04_16-24-07
8782632002,Starlink Communications Manager (LatAm),"Bastrop, TX",SpaceX,Corporate - Marketing & Communications,https://boards.greenhouse.io/spacex/jobs/8782632002?gh_jid=8782632002,6513522002,2026-09-03T15:07:28-04:00,2026-09-03T15:07:28-04:00,2026-09-04_16-24-07
8782664002,Starlink Communications Manager (Multi-Region),"Bastrop, TX",SpaceX,Corporate - Marketing & Communications,https://boards.greenhouse.io/spacex/jobs/8782664002?gh_jid=8782664002,6513538002,2026-09-03T15:16:18-04:00,2026-09-03T15:36:11-04:00,2026-09-04_16-24-07
8623042002,Starlink Consumer Growth Strategy Lead (Demand Planning & Analysis),"Hawthorne, CA",SpaceX,Corporate - Sales & Business Operations,https://boards.greenhouse.io/spacex/jobs/8623042002?gh_jid=8623042002,6443698002,2026-07-08T17:06:02-04:00,2026-09-01T19:48:33-04:00,2026-09-04_16-24-07
8637609002,Starlink Consumer Strategy Lead (Forecasting),"Hawthorne, CA",SpaceX,Corporate - Sales & Business Operations,https://boards.greenhouse.io/spacex/jobs/8637609002?gh_jid=8637609002,6443698002,2026-07-16T18:37:19-04:00,2026-09-01T19:48:33-04:00,2026-09-04_16-24-07
8642089002,Starlink Crisis Response Lead,"Bastrop, TX",SpaceX,Corporate - Sales & Business Operations,https://boards.greenhouse.io/spacex/jobs/8642089002?gh_jid=8642089002,6451386002,2026-07-22T16:47:11-04:00,2026-09-01T19:48:33-04:00,2026-09-04_16-24-07
8758583002,Starlink Customer Success Manager (Land Mobile),"Hawthorne, CA",SpaceX,Corporate - Sales & Business Operations,https://boards.greenhouse.io/spacex/jobs/8758583002?gh_jid=8758583002,6503475002,2026-08-28T13:43:04-04:00,2026-09-01T19:48:33-04:00,2026-09-04_16-24-07
8758582002,Starlink Customer Success Manager (Land Mobile),"Bastrop, TX",SpaceX,Corporate - Sales & Business Operations,https://boards.greenhouse.io/spacex/jobs/8758582002?gh_jid=8758582002,6503475002,2026-08-28T13:43:02-04:00,2026-09-01T19:48:33-04:00,2026-09-04_16-24-07
8758566002,Starlink Customer Success Manager (Land Mobile),"Redmond, WA",SpaceX,Corporate - Sales & Business Operations,https://boards.greenhouse.io/spacex/jobs/8758566002?gh_jid=8758566002,6503475002,2026-08-28T13:42:59-04:00,2026-09-01T19:48:33-04:00,2026-09-04_16-24-07
8758598002,Starlink Customer Success Manager (Latam Backhaul),"Bastrop, TX",SpaceX,Corporate - Sales & Business Operations,https://boards.greenhouse.io/spacex/jobs/8758598002?gh_jid=8758598002,6503484002,2026-08-28T13:49:21-04:00,2026-09-01T19:48:33-04:00,2026-09-04_16-24-07
8758585002,Starlink Customer Success Manager (Latam Backhaul),"Redmond, WA",SpaceX,Corporate - Sales & Business Operations,https://boards.greenhouse.io/spacex/jobs/8758585002?gh_jid=8758585002,6503484002,2026-08-28T13:49:19-04:00,2026-09-01T19:48:33-04:00,2026-09-04_16-24-07
8758599002,Starlink Customer Success Manager (Latam Backhaul),"Hawthorne, CA",SpaceX,Corporate - Sales & Business Operations,https://boards.greenhouse.io/spacex/jobs/8758599002?gh_jid=8758599002,6503484002,2026-08-28T13:49:24-04:00,2026-09-01T19:48:33-04:00,2026-09-04_16-24-07
8758321002,Starlink Customer Success Manager (Transit),"Redmond, WA",SpaceX,Corporate - Sales & Business Operations,https://boards.greenhouse.io/spacex/jobs/8758321002?gh_jid=8758321002,6503354002,2026-08-27T21:17:06-04:00,2026-09-01T19:48:33-04:00,2026-09-04_16-24-07
8617157002,"Starlink Enterprise Account Director, Aviation","Redmond, WA",SpaceX,Corporate - Sales & Business Operations,https://boards.greenhouse.io/spacex/jobs/8617157002?gh_jid=8617157002,6441522002,2026-07-01T19:08:56-04:00,2026-09-01T19:48:33-04:00,2026-09-04_16-24-07
8617165002,"Starlink Enterprise Account Director, Aviation","Bastrop, TX",SpaceX,Corporate - Sales & Business Operations,https://boards.greenhouse.io/spacex/jobs/8617165002?gh_jid=8617165002,6441522002,2026-07-01T19:08:58-04:00,2026-09-01T19:48:33-04:00,2026-09-04_16-24-07
8617164002,"Starlink Enterprise Account Director, Aviation","Hawthorne, CA",SpaceX,Corporate - Sales & Business Operations,https://boards.greenhouse.io/spacex/jobs/8617164002?gh_jid=8617164002,6441522002,2026-07-01T19:08:58-04:00,2026-09-01T19:48:33-04:00,2026-09-04_16-24-07
8617163002,"Starlink Enterprise Account Director, Aviation","Woodinville, WA",SpaceX,Corporate - Sales & Business Operations,https://boards.greenhouse.io/spacex/jobs/8617163002?gh_jid=8617163002,6441522002,2026-07-01T19:08:57-04:00,2026-09-01T19:48:33-04:00,2026-09-04_16-24-07
8472687002,Starlink Enterprise Account Lead (Aviation),"Woodinville, WA",SpaceX,Corporate - Sales & Business Operations,https://boards.greenhouse.io/spacex/jobs/8472687002?gh_jid=8472687002,6384105002,2026-03-23T16:45:15-04:00,2026-09-01T19:48:33-04:00,2026-09-04_16-24-07
8594918002,"Starlink Enterprise Account Lead, Latin America","Hawthorne, CA",SpaceX,Corporate - Sales & Business Operations,https://boards.greenhouse.io/spacex/jobs/8594918002?gh_jid=8594918002,6433062002,2026-06-16T20:33:44-04:00,2026-09-01T19:48:33-04:00,2026-09-04_16-24-07
8501183002,Starlink Enterprise Account Manager (Channel Partners),"Redmond, WA",SpaceX,Corporate - Sales & Business Operations,https://boards.greenhouse.io/spacex/jobs/8501183002?gh_jid=8501183002,6395782002,2026-04-09T22:57:35-04:00,2026-09-01T19:48:33-04:00,2026-09-04_16-24-07
8501179002,Starlink Enterprise Account Manager (Channel Partners),"Bastrop, TX",SpaceX,Corporate - Sales & Business Operations,https://boards.greenhouse.io/spacex/jobs/8501179002?gh_jid=8501179002,6395780002,2026-04-09T22:57:19-04:00,2026-09-01T19:48:33-04:00,2026-09-04_16-24-07
8720507002,Starlink Enterprise Account Manager (Fixed-Site),"Hawthorne, CA",SpaceX,Corporate - Sales & Business Operations,https://boards.greenhouse.io/spacex/jobs/8720507002?gh_jid=8720507002,6485973002,2026-08-18T15:09:06-04:00,2026-09-01T19:48:33-04:00,2026-09-04_16-24-07
8720436002,"Starlink Enterprise Account Manager, Latin America","Hawthorne, CA",SpaceX,Corporate - Sales & Business Operations,https://boards.greenhouse.io/spacex/jobs/8720436002?gh_jid=8720436002,6485945002,2026-08-18T15:09:24-04:00,2026-09-01T19:48:33-04:00,2026-09-04_16-24-07
8621938002,Starlink Enterprise Account Manager (Retail),"Redmond, WA",SpaceX,Corporate - Sales & Business Operations,https://boards.greenhouse.io/spacex/jobs/8621938002?gh_jid=8621938002,6443244002,2026-07-07T13:26:54-04:00,2026-09-01T19:48:33-04:00,2026-09-04_16-24-07
8472664002,Starlink Enterprise Account Specialist (Channel Partners),"Redmond, WA",SpaceX,Corporate - Sales & Business Operations,https://boards.greenhouse.io/spacex/jobs/8472664002?gh_jid=8472664002,6384096002,2026-03-20T19:46:03-04:00,2026-09-01T19:48:33-04:00,2026-09-04_16-24-07
8683596002,"Starlink Enterprise Sales Director, SLED","Bastrop, TX",SpaceX,Corporate - Sales & Business Operations,https://boards.greenhouse.io/spacex/jobs/8683596002?gh_jid=8683596002,6469151002,2026-08-05T16:40:50-04:00,2026-09-01T19:48:33-04:00,2026-09-04_16-24-07
8594668002,"Starlink Growth Lead, Midwest",Remote - OH,SpaceX,Corporate - Sales & Business Operations,https://boards.greenhouse.io/spacex/jobs/8594668002?gh_jid=8594668002,6432938002,2026-06-16T14:58:31-04:00,2026-09-01T19:48:33-04:00,2026-09-04_16-24-07
8703151002,"Starlink Growth Lead, US Northeast",Remote - PA,SpaceX,Corporate - Sales & Business Operations,https://boards.greenhouse.io/spacex/jobs/8703151002?gh_jid=8703151002,6477861002,2026-08-14T12:47:46-04:00,2026-09-01T19:48:33-04:00,2026-09-04_16-24-07
8703146002,"Starlink Growth Lead, US Northeast",Remote - NY,SpaceX,Corporate - Sales & Business Operations,https://boards.greenhouse.io/spacex/jobs/8703146002?gh_jid=8703146002,6477861002,2026-08-14T12:47:45-04:00,2026-09-01T19:48:33-04:00,2026-09-04_16-24-07
8703207002,"Starlink Growth Lead, US South",Remote - TN,SpaceX,Corporate - Sales & Business Operations,https://boards.greenhouse.io/spacex/jobs/8703207002?gh_jid=8703207002,6477884002,2026-08-13T21:40:22-04:00,2026-09-01T19:48:33-04:00,2026-09-04_16-24-07
8703162002,"Starlink Growth Lead, US South",Remote - TX,SpaceX,Corporate - Sales & Business Operations,https://boards.greenhouse.io/spacex/jobs/8703162002?gh_jid=8703162002,6477869002,2026-08-14T11:41:56-04:00,2026-09-01T19:48:33-04:00,2026-09-04_16-24-07
8703196002,"Starlink Growth Lead, US South",Remote - NC,SpaceX,Corporate - Sales & Business Operations,https://boards.greenhouse.io/spacex/jobs/8703196002?gh_jid=8703196002,6477884002,2026-08-13T21:40:21-04:00,2026-09-01T19:48:33-04:00,2026-09-04_16-24-07
8703129002,"Starlink Growth Lead, US West",Remote - CA,SpaceX,Corporate - Sales & Business Operations,https://boards.greenhouse.io/spacex/jobs/8703129002?gh_jid=8703129002,6477856002,2026-08-13T21:40:10-04:00,2026-09-01T19:48:33-04:00,2026-09-04_16-24-07
8681154002,"Starlink Growth Lead, US West",Remote - CO,SpaceX,Corporate - Sales & Business Operations,https://boards.greenhouse.io/spacex/jobs/8681154002?gh_jid=8681154002,6468075002,2026-08-04T21:46:01-04:00,2026-09-01T19:48:33-04:00,2026-09-04_16-24-07
8697970002,Starlink Production Associate,"Bastrop, TX",SpaceX,Manufacturing - Entry Level Manufacturing,https://boards.greenhouse.io/spacex/jobs/8697970002?gh_jid=8697970002,6475547002,2026-08-11T18:44:24-04:00,2026-09-01T19:48:33-04:00,2026-09-04_16-24-07
8646214002,Starlink Production Technician,"Redmond, WA",SpaceX,Manufacturing - Other Manufacturing,https://boards.greenhouse.io/spacex/jobs/8646214002?gh_jid=8646214002,6452986002,2026-07-23T13:31:11-04:00,2026-09-01T19:48:33-04:00,2026-09-04_16-24-07
8647896002,Starlink Production Technician - 2nd Shift,"Redmond, WA",SpaceX,Manufacturing - Other Manufacturing,https://boards.greenhouse.io/spacex/jobs/8647896002?gh_jid=8647896002,6452986002,2026-07-23T16:03:13-04:00,2026-09-01T19:48:33-04:00,2026-09-04_16-24-07
8647897002,Starlink Production Technician - Entry Level,"Redmond, WA",SpaceX,Manufacturing - Other Manufacturing,https://boards.greenhouse.io/spacex/jobs/8647897002?gh_jid=8647897002,6452986002,2026-07-23T16:03:46-04:00,2026-09-01T19:48:33-04:00,2026-09-04_16-24-07
8623022002,Starlink Production Technician - Machining,"Woodinville, WA",SpaceX,Manufacturing - Entry Level Manufacturing,https://boards.greenhouse.io/spacex/jobs/8623022002?gh_jid=8623022002,6443683002,2026-07-08T17:23:45-04:00,2026-09-01T19:48:33-04:00,2026-09-04_16-24-07
8657511002,Starlink Production Technician - PCBA,"Redmond, WA",SpaceX,Manufacturing - Electronics,https://boards.greenhouse.io/spacex/jobs/8657511002?gh_jid=8657511002,6457072002,2026-07-30T14:09:00-04:00,2026-09-01T19:48:33-04:00,2026-09-04_16-24-07
8484033002,Starlink Production Technician - TWTA,"Redmond, WA",SpaceX,Manufacturing - Entry Level Manufacturing,https://boards.greenhouse.io/spacex/jobs/8484033002?gh_jid=8484033002,6386269002,2026-03-27T19:13:32-04:00,2026-09-01T19:48:33-04:00,2026-09-04_16-24-07
8579720002,"Starlink Specialist, Tool and Die Machining","Bastrop, TX",SpaceX,Manufacturing - Machining,https://boards.greenhouse.io/spacex/jobs/8579720002?gh_jid=8579720002,6426924002,2026-06-05T14:20:38-04:00,2026-09-01T19:48:33-04:00,2026-09-04_16-24-07
8585048002,"Starlink Specialist, Tool and Die Machining - 2nd Shift","Bastrop, TX",SpaceX,Manufacturing - Automation & Controls and Maintenance,https://boards.greenhouse.io/spacex/jobs/8585048002?gh_jid=8585048002,6429083002,2026-06-09T20:42:41-04:00,2026-09-01T19:48:33-04:00,2026-09-04_16-24-07
8689262002,"Starship Engineer, FOD Control","Starbase, TX",SpaceX,Engineering - Aerospace & Mechanical,https://boards.greenhouse.io/spacex/jobs/8689262002?gh_jid=8689262002,6471669002,2026-08-06T22:11:42-04:00,2026-09-01T19:48:33-04:00,2026-09-04_16-24-07
8764710002,Strategic Connectivity Manager (Starlink),"Bastrop, TX",SpaceX,Corporate - Sales & Business Operations,https://boards.greenhouse.io/spacex/jobs/8764710002?gh_jid=8764710002,6506335002,2026-09-01T21:13:48-04:00,2026-09-01T21:13:48-04:00,2026-09-04_16-24-07
8679371002,Structural Analyst (Raptor Combustion Devices),"Hawthorne, CA",SpaceX,Engineering - Aerospace & Mechanical,https://boards.greenhouse.io/spacex/jobs/8679371002?gh_jid=8679371002,6467205002,2026-08-04T21:08:31-04:00,2026-09-01T19:48:33-04:00,2026-09-04_16-24-07
8595083002,Structural Engineer (Critical Infrastructure),"Hawthorne, CA",SpaceX,Engineering - Civil,https://boards.greenhouse.io/spacex/jobs/8595083002?gh_jid=8595083002,6433132002,2026-06-18T16:37:38-04:00,2026-09-01T19:48:33-04:00,2026-09-04_16-24-07
8737416002,"Structural Engineer, Launch Infrastructure (Starship)","Cape Canaveral, FL",SpaceX,Engineering - Civil,https://boards.greenhouse.io/spacex/jobs/8737416002?gh_jid=8737416002,6493666002,2026-08-21T10:34:11-04:00,2026-09-01T19:48:33-04:00,2026-09-04_16-24-07
8573793002,"Structural Engineer, Launch Pad (Starship)","Starbase, TX",SpaceX,Engineering - Aerospace & Mechanical,https://boards.greenhouse.io/spacex/jobs/8573793002?gh_jid=8573793002,6424508002,2026-06-01T17:42:24-04:00,2026-09-01T19:48:33-04:00,2026-09-04_16-24-07
8731140002,Structural Engineer (Starlink),"Bastrop, TX",SpaceX,Engineering - Civil,https://boards.greenhouse.io/spacex/jobs/8731140002?gh_jid=8731140002,6490859002,2026-08-19T16:17:36-04:00,2026-09-01T19:48:33-04:00,2026-09-04_16-24-07
8761344002,"Structural Welder, Ground Support Equipment","Starbase, TX",SpaceX,Manufacturing - Welding,https://boards.greenhouse.io/spacex/jobs/8761344002?gh_jid=8761344002,6504676002,2026-08-28T17:34:09-04:00,2026-09-01T19:48:33-04:00,2026-09-04_16-24-07
8455876002,"Structural Welder, Ground Support Equipment - Night Shift","Starbase, TX",SpaceX,Manufacturing - Welding,https://boards.greenhouse.io/spacex/jobs/8455876002?gh_jid=8455876002,6377697002,2026-03-09T15:15:40-04:00,2026-09-01T19:48:33-04:00,2026-09-04_16-24-07
8555271002,"Structural Welder, Massey's Test Site - Night Shift","Starbase, TX",SpaceX,Manufacturing - Welding,https://boards.greenhouse.io/spacex/jobs/8555271002?gh_jid=8555271002,6417230002,2026-05-18T15:37:06-04:00,2026-09-01T19:48:33-04:00,2026-09-04_16-24-07
8493176002,Structures Design Engineer (Starship),"Starbase, TX",SpaceX,Engineering - Aerospace & Mechanical,https://boards.greenhouse.io/spacex/jobs/8493176002?gh_jid=8493176002,6392454002,2026-07-23T15:41:18-04:00,2026-09-01T19:48:33-04:00,2026-09-04_16-24-07
8493500002,"Structures Engineer, Build (Starship)","Starbase, TX",SpaceX,Engineering - Aerospace & Mechanical,https://boards.greenhouse.io/spacex/jobs/8493500002?gh_jid=8493500002,6392602002,2026-04-22T11:12:57-04:00,2026-09-01T19:48:33-04:00,2026-09-04_16-24-07
8612998002,Structures Technician (Dragon),"Hawthorne, CA",SpaceX,Manufacturing - Welding,https://boards.greenhouse.io/spacex/jobs/8612998002?gh_jid=8612998002,6439961002,2026-06-30T12:50:41-04:00,2026-09-01T19:48:33-04:00,2026-09-04_16-24-07
8723267002,Structures Technician (Falcon),"Hawthorne, CA",SpaceX,Manufacturing - Assembly & Integration,https://boards.greenhouse.io/spacex/jobs/8723267002?gh_jid=8723267002,6487172002,2026-08-17T18:32:00-04:00,2026-09-01T19:48:33-04:00,2026-09-04_16-24-07
8631589002,Structures Technician (Machining),"Hawthorne, CA",SpaceX,Manufacturing - Assembly & Integration,https://boards.greenhouse.io/spacex/jobs/8631589002?gh_jid=8631589002,6447321002,2026-07-13T14:27:17-04:00,2026-09-01T19:48:33-04:00,2026-09-04_16-24-07
8555812002,Structures Technician (Starship),"Hawthorne, CA",SpaceX,Manufacturing - Assembly & Integration,https://boards.greenhouse.io/spacex/jobs/8555812002?gh_jid=8555812002,6417474002,2026-05-20T17:12:54-04:00,2026-09-01T19:48:33-04:00,2026-09-04_16-24-07
8559058002,Structures Technician (Starship) - 2nd Shift,"Hawthorne, CA",SpaceX,Manufacturing - Assembly & Integration,https://boards.greenhouse.io/spacex/jobs/8559058002?gh_jid=8559058002,6417474002,2026-05-20T20:30:22-04:00,2026-09-01T19:48:33-04:00,2026-09-04_16-24-07
8765825002,Structures Test Engineer (Starship),"Starbase, TX",SpaceX,Engineering - Aerospace & Mechanical,https://boards.greenhouse.io/spacex/jobs/8765825002?gh_jid=8765825002,6415715002,2026-08-31T13:07:15-04:00,2026-09-01T19:48:33-04:00,2026-09-04_16-24-07
8621771002,Summer 2027 Business Operations Internship/Co-op,Flexible - Any SpaceX Site,SpaceX,College and University - Internships and Co-Ops,https://boards.greenhouse.io/spacex/jobs/8621771002?gh_jid=8621771002,6443177002,2026-08-03T13:42:41-04:00,2026-09-01T19:48:33-04:00,2026-09-04_16-24-07
8636144002,Summer 2027 Civil Engineering Internship,Flexible - Any SpaceX Site,SpaceX,College and University - Internships and Co-Ops,https://boards.greenhouse.io/spacex/jobs/8636144002?gh_jid=8636144002,6449077002,2026-08-03T13:42:56-04:00,2026-09-01T19:48:33-04:00,2026-09-04_16-24-07
8621740002,Summer 2027 Engineering Internship/Co-op,Flexible - Any SpaceX Site,SpaceX,College and University - Internships and Co-Ops,https://boards.greenhouse.io/spacex/jobs/8621740002?gh_jid=8621740002,6443157002,2026-08-03T13:40:55-04:00,2026-09-01T19:48:33-04:00,2026-09-04_16-24-07
8621753002,Summer 2027 Graduate Engineer Internship/Co-op,Flexible - Any SpaceX Site,SpaceX,College and University - Internships and Co-Ops,https://boards.greenhouse.io/spacex/jobs/8621753002?gh_jid=8621753002,6443166002,2026-08-03T13:41:19-04:00,2026-09-01T19:48:33-04:00,2026-09-04_16-24-07
8621763002,Summer 2027 Silicon Engineering Internship/Co-op,Flexible - Any SpaceX Site,SpaceX,College and University - Internships and Co-Ops,https://boards.greenhouse.io/spacex/jobs/8621763002?gh_jid=8621763002,6443173002,2026-08-03T13:42:19-04:00,2026-09-01T19:48:33-04:00,2026-09-04_16-24-07
8621757002,Summer 2027 Software Engineering Internship/Co-op,Flexible - Any SpaceX Site,SpaceX,College and University - Internships and Co-Ops,https://boards.greenhouse.io/spacex/jobs/8621757002?gh_jid=8621757002,6443169002,2026-08-03T13:41:40-04:00,2026-09-01T19:48:33-04:00,2026-09-04_16-24-07
8642697002,"Supervisor, Build & Integration","Bastrop, TX",SpaceX,Manufacturing - Leadership,https://boards.greenhouse.io/spacex/jobs/8642697002?gh_jid=8642697002,6417162002,2026-07-21T10:05:47-04:00,2026-09-01T19:48:33-04:00,2026-09-04_16-24-07
8676528002,"Supervisor, Critical Transport (Starship)","Starbase, TX",SpaceX,Manufacturing - Leadership,https://boards.greenhouse.io/spacex/jobs/8676528002?gh_jid=8676528002,6465816002,2026-08-04T14:02:48-04:00,2026-09-01T19:48:33-04:00,2026-09-04_16-24-07
8642695002,"Supervisor, Development Operations","Bastrop, TX",SpaceX,Manufacturing - Leadership,https://boards.greenhouse.io/spacex/jobs/8642695002?gh_jid=8642695002,6417162002,2026-07-21T10:05:48-04:00,2026-09-01T19:48:33-04:00,2026-09-04_16-24-07
8735350002,"Supervisor, Development (Starshield)","Hawthorne, CA",SpaceX,Manufacturing - Leadership,https://boards.greenhouse.io/spacex/jobs/8735350002?gh_jid=8735350002,6492672002,2026-08-20T23:19:03-04:00,2026-09-01T19:48:33-04:00,2026-09-04_16-24-07
8641512002,"Supervisor, Distribution Center - (Materials Management)","Hawthorne, CA",SpaceX,Supply Chain & Logistics - Materials Management & Warehouse,https://boards.greenhouse.io/spacex/jobs/8641512002?gh_jid=8641512002,6448693002,2026-07-20T14:08:27-04:00,2026-09-01T19:48:33-04:00,2026-09-04_16-24-07
8635083002,"Supervisor, Distribution Center - (Materials Management)","Hawthorne, CA",SpaceX,Supply Chain & Logistics - Materials Management & Warehouse,https://boards.greenhouse.io/spacex/jobs/8635083002?gh_jid=8635083002,6448693002,2026-07-16T18:58:16-04:00,2026-09-01T19:48:33-04:00,2026-09-04_16-24-07
8735389002,"Supervisor, Environmental Health & Safety (AI Supercomputer)","Memphis, TN",SpaceX,Corporate - Environmental Health & Safety,https://boards.greenhouse.io/spacex/jobs/8735389002?gh_jid=8735389002,6492689002,2026-08-24T13:24:28-04:00,2026-09-01T19:48:33-04:00,2026-09-04_16-24-07
8734205002,"Supervisor, Equipment Maintenance - Silicon Assembly (Starlink)","Bastrop, TX",SpaceX,Manufacturing - Leadership,https://boards.greenhouse.io/spacex/jobs/8734205002?gh_jid=8734205002,6492179002,2026-08-20T16:06:24-04:00,2026-09-01T19:48:33-04:00,2026-09-04_16-24-07
8770390002,"Supervisor, Equipment Maintenance (Starship) - Night Shift","Starbase, TX",SpaceX,Manufacturing - Other Manufacturing,https://boards.greenhouse.io/spacex/jobs/8770390002?gh_jid=8770390002,6508971002,2026-09-01T18:59:27-04:00,2026-09-01T19:48:33-04:00,2026-09-04_16-24-07
8656828002,"Supervisor, Facilities Maintenance, Solar Cell Factory (Starlink)","Bastrop, TX",SpaceX,Operations - Facilities,https://boards.greenhouse.io/spacex/jobs/8656828002?gh_jid=8656828002,6456863002,2026-08-03T16:37:56-04:00,2026-09-01T19:48:33-04:00,2026-09-04_16-24-07
8546298002,"Supervisor, Facilities (Starlink) - Split Shift","Bastrop, TX",SpaceX,Operations - Facilities,https://boards.greenhouse.io/spacex/jobs/8546298002?gh_jid=8546298002,6413638002,2026-05-29T12:29:19-04:00,2026-09-01T19:48:33-04:00,2026-09-04_16-24-07
8601146002,"Supervisor, Fluids Fabrication Technicians","Starbase, TX",SpaceX,Manufacturing - Leadership,https://boards.greenhouse.io/spacex/jobs/8601146002?gh_jid=8601146002,6435261002,2026-06-30T19:06:01-04:00,2026-09-01T19:48:33-04:00,2026-09-04_16-24-07
8644008002,"Supervisor, Fulfillment Center - Materials Management","Hawthorne, CA",SpaceX,Supply Chain & Logistics - Materials Management & Warehouse,https://boards.greenhouse.io/spacex/jobs/8644008002?gh_jid=8644008002,6452173002,2026-07-23T17:38:42-04:00,2026-09-01T19:48:33-04:00,2026-09-04_16-24-07
8644858002,"Supervisor, Hardware Reliability","Bastrop, TX",SpaceX,Manufacturing - Leadership,https://boards.greenhouse.io/spacex/jobs/8644858002?gh_jid=8644858002,6452554002,2026-07-22T10:10:46-04:00,2026-09-01T19:48:33-04:00,2026-09-04_16-24-07
8639279002,"Supervisor, Heatshield Materials Management (Starship)","Starbase, TX",SpaceX,Manufacturing - Other Manufacturing,https://boards.greenhouse.io/spacex/jobs/8639279002?gh_jid=8639279002,6450388002,2026-07-19T00:35:48-04:00,2026-09-01T19:48:33-04:00,2026-09-04_16-24-07
8558191002,"Supervisor, Hospitality","Starbase, TX",SpaceX,Operations - Food Services,https://boards.greenhouse.io/spacex/jobs/8558191002?gh_jid=8558191002,6418473002,2026-05-21T13:58:41-04:00,2026-09-01T19:48:33-04:00,2026-09-04_16-24-07
8729102002,"Supervisor, Hospitality","Bastrop, TX",SpaceX,Operations - Food Services,https://boards.greenhouse.io/spacex/jobs/8729102002?gh_jid=8729102002,6489918002,2026-08-20T14:42:42-04:00,2026-09-01T19:48:33-04:00,2026-09-04_16-24-07
8642696002,"Supervisor, Machining & Fabrication","Bastrop, TX",SpaceX,Manufacturing - Leadership,https://boards.greenhouse.io/spacex/jobs/8642696002?gh_jid=8642696002,6417162002,2026-07-21T10:05:49-04:00,2026-09-01T19:48:33-04:00,2026-09-04_16-24-07
8555072002,"Supervisor, Machining & Fabrication (Starlink)","Bastrop, TX",SpaceX,Manufacturing - Leadership,https://boards.greenhouse.io/spacex/jobs/8555072002?gh_jid=8555072002,6417162002,2026-05-18T12:44:16-04:00,2026-09-01T19:48:33-04:00,2026-09-04_16-24-07
8517733002,"Supervisor, Machining (Starship Components) - 2nd Shift","Hawthorne, CA",SpaceX,Manufacturing - Machining,https://boards.greenhouse.io/spacex/jobs/8517733002?gh_jid=8517733002,6402443002,2026-04-21T22:17:35-04:00,2026-09-01T19:48:33-04:00,2026-09-04_16-24-07
8571670002,"Supervisor, Materials Management (Starlink) - Night Shift","Bastrop, TX",SpaceX,Manufacturing - Leadership,https://boards.greenhouse.io/spacex/jobs/8571670002?gh_jid=8571670002,6423683002,2026-05-29T14:55:26-04:00,2026-09-01T19:48:33-04:00,2026-09-04_16-24-07
8601695002,"Supervisor, Materials Management (Starship) - Night Shift","Starbase, TX",SpaceX,Supply Chain & Logistics - Materials Management & Warehouse,https://boards.greenhouse.io/spacex/jobs/8601695002?gh_jid=8601695002,6405234002,2026-06-19T18:37:32-04:00,2026-09-01T19:48:33-04:00,2026-09-04_16-24-07
8578079002,"Supervisor, NDE Operations (Starship)","Starbase, TX",SpaceX,Manufacturing - Leadership,https://boards.greenhouse.io/spacex/jobs/8578079002?gh_jid=8578079002,6426255002,2026-06-05T14:19:17-04:00,2026-09-01T19:48:33-04:00,2026-09-04_16-24-07
8580469002,"Supervisor, NDE Operations (Starship) - Nights","Starbase, TX",SpaceX,Manufacturing - Leadership,https://boards.greenhouse.io/spacex/jobs/8580469002?gh_jid=8580469002,6426255002,2026-06-05T14:19:18-04:00,2026-09-01T19:48:33-04:00,2026-09-04_16-24-07
8684206002,"Supervisor, Porter","Starbase, TX",SpaceX,Operations - Food Services,https://boards.greenhouse.io/spacex/jobs/8684206002?gh_jid=8684206002,6469427002,2026-08-05T14:10:46-04:00,2026-09-01T19:48:33-04:00,2026-09-04_16-24-07
8522992002,"Supervisor, Production Scheduling (Starship)","Starbase, TX",SpaceX,Manufacturing - Leadership,https://boards.greenhouse.io/spacex/jobs/8522992002?gh_jid=8522992002,6404165002,2026-04-27T23:00:45-04:00,2026-09-01T19:48:33-04:00,2026-09-04_16-24-07
8665785002,"Supervisor, Production Scheduling (Tube Shop)","Hawthorne, CA",SpaceX,Manufacturing - Leadership,https://boards.greenhouse.io/spacex/jobs/8665785002?gh_jid=8665785002,6460690002,2026-08-01T00:00:22-04:00,2026-09-01T19:48:33-04:00,2026-09-04_16-24-07
8606552002,"Supervisor, Security","Memphis, TN",SpaceX,Operations - Physical Security,https://boards.greenhouse.io/spacex/jobs/8606552002?gh_jid=8606552002,6437470002,2026-06-24T15:15:23-04:00,2026-09-01T19:48:33-04:00,2026-09-04_16-24-07
8604744002,"Supervisor, Security","Starbase, TX",SpaceX,Operations - Physical Security,https://boards.greenhouse.io/spacex/jobs/8604744002?gh_jid=8604744002,6436857002,2026-06-23T15:07:21-04:00,2026-09-01T19:48:33-04:00,2026-09-04_16-24-07
8612130002,"Supervisor, Security Protective Operations Center","Hawthorne, CA",SpaceX,Operations - Physical Security,https://boards.greenhouse.io/spacex/jobs/8612130002?gh_jid=8612130002,6439624002,2026-06-29T20:37:41-04:00,2026-09-01T19:48:33-04:00,2026-09-04_16-24-07
8709382002,"Supervisor, Spaceport Operations","Starbase, TX",SpaceX,Operations - Facilities,https://boards.greenhouse.io/spacex/jobs/8709382002?gh_jid=8709382002,6480567002,2026-08-19T18:26:31-04:00,2026-09-01T19:48:33-04:00,2026-09-04_16-24-07
8636229002,"Supervisor, Starship Heatshield - Night Shift","Starbase, TX",SpaceX,Manufacturing - Other Manufacturing,https://boards.greenhouse.io/spacex/jobs/8636229002?gh_jid=8636229002,6449115002,2026-07-19T00:28:32-04:00,2026-09-01T19:48:33-04:00,2026-09-04_16-24-07
8726485002,"Supervisor, Test Operations (Starlink)","Redmond, WA",SpaceX,Operations - Facilities,https://boards.greenhouse.io/spacex/jobs/8726485002?gh_jid=8726485002,6488702002,2026-08-24T11:27:17-04:00,2026-09-01T19:48:33-04:00,2026-09-04_16-24-07
8548414002,"Supervisor, Tool & Die - 2nd Shift","Bastrop, TX",SpaceX,Manufacturing - Machining,https://boards.greenhouse.io/spacex/jobs/8548414002?gh_jid=8548414002,6414483002,2026-05-13T19:33:47-04:00,2026-09-01T19:48:33-04:00,2026-09-04_16-24-07
8660042002,"Supervisor, Welding (Starship) - Day Shift","Cape Canaveral, FL",SpaceX,Manufacturing - Welding,https://boards.greenhouse.io/spacex/jobs/8660042002?gh_jid=8660042002,6456344002,2026-07-30T18:52:11-04:00,2026-09-01T19:48:33-04:00,2026-09-04_16-24-07
8654601002,"Supervisor, Welding (Starship) - Night Shift","Cape Canaveral, FL",SpaceX,Manufacturing - Welding,https://boards.greenhouse.io/spacex/jobs/8654601002?gh_jid=8654601002,6456344002,2026-07-28T22:16:58-04:00,2026-09-01T19:48:33-04:00,2026-09-04_16-24-07
8533959002,"Supplier Development Engineer, Assembly Processes (Starlink)","Bastrop, TX",SpaceX,Supply Chain & Logistics - Supply Chain Engineering,https://boards.greenhouse.io/spacex/jobs/8533959002?gh_jid=8533959002,6408233002,2026-05-13T17:55:46-04:00,2026-09-01T19:48:33-04:00,2026-09-04_16-24-07
8533957002,"Supplier Development Engineer, Automation & Controls (Starlink)","Bastrop, TX",SpaceX,Supply Chain & Logistics - Supply Chain Engineering,https://boards.greenhouse.io/spacex/jobs/8533957002?gh_jid=8533957002,6408232002,2026-05-12T19:06:24-04:00,2026-09-01T19:48:33-04:00,2026-09-04_16-24-07
8533945002,"Supplier Development Engineer, Cables (Starlink)","Bastrop, TX",SpaceX,Supply Chain & Logistics - Supply Chain Engineering,https://boards.greenhouse.io/spacex/jobs/8533945002?gh_jid=8533945002,6408224002,2026-05-06T09:36:53-04:00,2026-09-01T19:48:33-04:00,2026-09-04_16-24-07
8682205002,"Supplier Development Engineer, Electrical (Starlink Aviation)","Woodinville, WA",SpaceX,Supply Chain & Logistics - Supply Chain Engineering,https://boards.greenhouse.io/spacex/jobs/8682205002?gh_jid=8682205002,6468606002,2026-08-05T18:08:01-04:00,2026-09-01T19:48:33-04:00,2026-09-04_16-24-07
8687756002,"Supplier Development Engineer, Hardware & Fasteners (Starship)","Hawthorne, CA",SpaceX,Engineering - Aerospace & Mechanical,https://boards.greenhouse.io/spacex/jobs/8687756002?gh_jid=8687756002,6470974002,2026-08-12T15:29:17-04:00,2026-09-01T19:48:33-04:00,2026-09-04_16-24-07
8494936002,"Supplier Development Engineer, Harnessing (Starlink)","Redmond, WA",SpaceX,Engineering - Aerospace & Mechanical,https://boards.greenhouse.io/spacex/jobs/8494936002?gh_jid=8494936002,6393197002,2026-04-06T16:47:20-04:00,2026-09-01T19:48:33-04:00,2026-09-04_16-24-07
8568157002,"Supplier Development Engineer, Harnessing (Starshield)","Hawthorne, CA",SpaceX,Supply Chain & Logistics - Supply Chain Engineering,https://boards.greenhouse.io/spacex/jobs/8568157002?gh_jid=8568157002,6422295002,2026-05-29T17:41:37-04:00,2026-09-01T19:48:33-04:00,2026-09-04_16-24-07
8646249002,"Supplier Development Engineer, Manufacturing (Falcon & Dragon)","Hawthorne, CA",SpaceX,Engineering - Aerospace & Mechanical,https://boards.greenhouse.io/spacex/jobs/8646249002?gh_jid=8646249002,6452177002,2026-07-23T17:38:54-04:00,2026-09-01T19:48:33-04:00,2026-09-04_16-24-07
8693932002,"Supplier Development Engineer, Manufacturing (Raptor)","Hawthorne, CA",SpaceX,Engineering - Aerospace & Mechanical,https://boards.greenhouse.io/spacex/jobs/8693932002?gh_jid=8693932002,6473685002,2026-08-10T14:42:19-04:00,2026-09-01T19:48:33-04:00,2026-09-04_16-24-07
8687744002,"Supplier Development Engineer, Manufacturing (Starship)","Hawthorne, CA",SpaceX,Engineering - Aerospace & Mechanical,https://boards.greenhouse.io/spacex/jobs/8687744002?gh_jid=8687744002,6470974002,2026-08-12T15:29:18-04:00,2026-09-01T19:48:33-04:00,2026-09-04_16-24-07
8644020002,"Supplier Development Engineer, Materials & Special Processes (Falcon & Dragon)","Hawthorne, CA",SpaceX,Engineering - Aerospace & Mechanical,https://boards.greenhouse.io/spacex/jobs/8644020002?gh_jid=8644020002,6452177002,2026-07-23T17:38:55-04:00,2026-09-01T19:48:33-04:00,2026-09-04_16-24-07
8710126002,Supplier Development Engineer (Mechanical Engineering),"Starbase, TX",SpaceX,Supply Chain & Logistics - Supply Chain Engineering,https://boards.greenhouse.io/spacex/jobs/8710126002?gh_jid=8710126002,6480935002,2026-08-14T18:28:14-04:00,2026-09-01T19:48:33-04:00,2026-09-04_16-24-07
8644018002,"Supplier Development Engineer, Mechanical (Falcon & Dragon)","Hawthorne, CA",SpaceX,Engineering - Aerospace & Mechanical,https://boards.greenhouse.io/spacex/jobs/8644018002?gh_jid=8644018002,6452177002,2026-07-23T17:38:56-04:00,2026-09-01T19:48:33-04:00,2026-09-04_16-24-07
8533943002,"Supplier Development Engineer, Mechanical Metrology (Starlink)","Bastrop, TX",SpaceX,Supply Chain & Logistics - Supply Chain Engineering,https://boards.greenhouse.io/spacex/jobs/8533943002?gh_jid=8533943002,6408223002,2026-05-06T09:37:38-04:00,2026-09-01T19:48:33-04:00,2026-09-04_16-24-07
8519215002,"Supplier Development Engineer, Mechanical (Starlink)","Bastrop, TX",SpaceX,Supply Chain & Logistics - Supply Chain Engineering,https://boards.greenhouse.io/spacex/jobs/8519215002?gh_jid=8519215002,6402832002,2026-04-24T12:17:21-04:00,2026-09-01T19:48:33-04:00,2026-09-04_16-24-07
8521636002,"Supplier Development Engineer, Mechanical (Starlink Aviation)","Woodinville, WA",SpaceX,Supply Chain & Logistics - Supply Chain Engineering,https://boards.greenhouse.io/spacex/jobs/8521636002?gh_jid=8521636002,6403751002,2026-04-24T15:35:05-04:00,2026-09-01T19:48:33-04:00,2026-09-04_16-24-07
8700554002,Supplier Development Engineer (PCB/PCBA),"Hawthorne, CA",SpaceX,Engineering - Aerospace & Mechanical,https://boards.greenhouse.io/spacex/jobs/8700554002?gh_jid=8700554002,6476692002,2026-08-12T13:00:37-04:00,2026-09-01T19:48:33-04:00,2026-09-04_16-24-07
8719843002,"Supplier Development Engineer, PCB/PCBA (Starshield)","Hawthorne, CA",SpaceX,Supply Chain & Logistics - Supply Chain Engineering,https://boards.greenhouse.io/spacex/jobs/8719843002?gh_jid=8719843002,6485672002,2026-08-18T15:57:10-04:00,2026-09-01T19:48:33-04:00,2026-09-04_16-24-07
8731214002,"Supplier Development Engineer, PCB (Starlink)","Bastrop, TX",SpaceX,Supply Chain & Logistics - Supply Chain Engineering,https://boards.greenhouse.io/spacex/jobs/8731214002?gh_jid=8731214002,6490891002,2026-08-20T15:34:56-04:00,2026-09-01T19:48:33-04:00,2026-09-04_16-24-07
8477099002,"Supplier Development Engineer, PCB (Starlink)","Redmond, WA",SpaceX,Engineering - Aerospace & Mechanical,https://boards.greenhouse.io/spacex/jobs/8477099002?gh_jid=8477099002,6386067002,2026-03-25T15:05:21-04:00,2026-09-01T19:48:33-04:00,2026-09-04_16-24-07
8533949002,"Supplier Development Engineer, Photovoltaics (Starlink)","Bastrop, TX",SpaceX,Supply Chain & Logistics - Supply Chain Engineering,https://boards.greenhouse.io/spacex/jobs/8533949002?gh_jid=8533949002,6408226002,2026-05-06T09:36:05-04:00,2026-09-01T19:48:33-04:00,2026-09-04_16-24-07
8533953002,"Supplier Development Engineer, Power Electronics (Starlink)","Bastrop, TX",SpaceX,Supply Chain & Logistics - Supply Chain Engineering,https://boards.greenhouse.io/spacex/jobs/8533953002?gh_jid=8533953002,6408230002,2026-05-18T12:38:06-04:00,2026-09-01T19:48:33-04:00,2026-09-04_16-24-07
8533955002,"Supplier Development Engineer, Reliability (Starlink)","Bastrop, TX",SpaceX,Supply Chain & Logistics - Supply Chain Engineering,https://boards.greenhouse.io/spacex/jobs/8533955002?gh_jid=8533955002,6408231002,2026-05-06T09:35:20-04:00,2026-09-01T19:48:33-04:00,2026-09-04_16-24-07
8533961002,"Supplier Development Engineer, Routers (Starlink)","Bastrop, TX",SpaceX,Supply Chain & Logistics - Supply Chain Engineering,https://boards.greenhouse.io/spacex/jobs/8533961002?gh_jid=8533961002,6408234002,2026-05-06T09:34:24-04:00,2026-09-01T19:48:33-04:00,2026-09-04_16-24-07
8533951002,"Supplier Development Engineer, Silicon (Starlink)","Bastrop, TX",SpaceX,Supply Chain & Logistics - Supply Chain Engineering,https://boards.greenhouse.io/spacex/jobs/8533951002?gh_jid=8533951002,6408229002,2026-05-12T19:03:54-04:00,2026-09-01T19:48:33-04:00,2026-09-04_16-24-07
8618554002,"Supplier Development Engineer, Supply Chain (Launch Site)","Cape Canaveral, FL",SpaceX,Supply Chain & Logistics - Supply Chain Engineering,https://boards.greenhouse.io/spacex/jobs/8618554002?gh_jid=8618554002,6442106002,2026-07-06T11:18:06-04:00,2026-09-01T19:48:33-04:00,2026-09-04_16-24-07
8477140002,"Supplier Industrialization Engineer, PCB (Starlink)","Redmond, WA",SpaceX,Engineering - Aerospace & Mechanical,https://boards.greenhouse.io/spacex/jobs/8477140002?gh_jid=8477140002,6386067002,2026-03-25T15:05:22-04:00,2026-09-01T19:48:33-04:00,2026-09-04_16-24-07
8594614002,Supplier Quality Specialist (Starlink),"Redmond, WA",SpaceX,Manufacturing - Quality,https://boards.greenhouse.io/spacex/jobs/8594614002?gh_jid=8594614002,6432917002,2026-06-17T11:48:56-04:00,2026-09-01T19:48:33-04:00,2026-09-04_16-24-07
8747668002,Supplier Quality Specialist (Starlink Aviation),"Woodinville, WA",SpaceX,Manufacturing - Quality,https://boards.greenhouse.io/spacex/jobs/8747668002?gh_jid=8747668002,6498483002,2026-08-25T16:25:56-04:00,2026-09-01T19:48:33-04:00,2026-09-04_16-24-07
8573357002,Supplier Quality Specialist (Starshield),"Hawthorne, CA",SpaceX,Supply Chain & Logistics - Sourcing & Planning,https://boards.greenhouse.io/spacex/jobs/8573357002?gh_jid=8573357002,6424324002,2026-06-01T19:55:50-04:00,2026-09-01T19:48:33-04:00,2026-09-04_16-24-07
8477142002,"Supply Chain Engineer, PCB (Starlink)","Redmond, WA",SpaceX,Engineering - Aerospace & Mechanical,https://boards.greenhouse.io/spacex/jobs/8477142002?gh_jid=8477142002,6386067002,2026-03-25T15:05:23-04:00,2026-09-01T19:48:33-04:00,2026-09-04_16-24-07
8647431002,"Supply Chain Planner (Falcon, Dragon, & Starfall)","Hawthorne, CA",SpaceX,Supply Chain & Logistics - Sourcing & Planning,https://boards.greenhouse.io/spacex/jobs/8647431002?gh_jid=8647431002,6453486002,2026-07-23T17:43:03-04:00,2026-09-01T19:48:33-04:00,2026-09-04_16-24-07
8516581002,"Supply Chain Planner, Gateway and Solar (Starlink)","Bastrop, TX",SpaceX,Supply Chain & Logistics - Sourcing & Planning,https://boards.greenhouse.io/spacex/jobs/8516581002?gh_jid=8516581002,6401990002,2026-04-24T12:14:57-04:00,2026-09-01T19:48:33-04:00,2026-09-04_16-24-07
8684327002,"Supply Chain Planner, PCB (Starlink)","Bastrop, TX",SpaceX,Supply Chain & Logistics - Sourcing & Planning,https://boards.greenhouse.io/spacex/jobs/8684327002?gh_jid=8684327002,6469470002,2026-08-05T18:08:33-04:00,2026-09-01T19:48:33-04:00,2026-09-04_16-24-07
8533941002,Supply Chain Planner (Starlink Aviation),"Woodinville, WA",SpaceX,Supply Chain & Logistics - Sourcing & Planning,https://boards.greenhouse.io/spacex/jobs/8533941002?gh_jid=8533941002,6408222002,2026-05-06T11:52:12-04:00,2026-09-01T19:48:33-04:00,2026-09-04_16-24-07
8696459002,"Supply Chain Planner, xAI (Starlink)","Bastrop, TX",SpaceX,Supply Chain & Logistics - Sourcing & Planning,https://boards.greenhouse.io/spacex/jobs/8696459002?gh_jid=8696459002,6474863002,2026-08-11T13:46:56-04:00,2026-09-01T19:48:33-04:00,2026-09-04_16-24-07
8647305002,"Supply Chain Planning Manager (Falcon, Dragon, & Starfall)","Hawthorne, CA",SpaceX,Supply Chain & Logistics - Sourcing & Planning,https://boards.greenhouse.io/spacex/jobs/8647305002?gh_jid=8647305002,6453452002,2026-07-23T13:07:48-04:00,2026-09-01T19:48:33-04:00,2026-09-04_16-24-07
8649468002,Supply Chain Planning Manager (Launch Vehicle Electronic Systems),"Hawthorne, CA",SpaceX,Supply Chain & Logistics - Sourcing & Planning,https://boards.greenhouse.io/spacex/jobs/8649468002?gh_jid=8649468002,6454334002,2026-07-27T12:01:09-04:00,2026-09-01T19:48:33-04:00,2026-09-04_16-24-07
8703538002,Supply Chain Planning Manager (Raptor),"Hawthorne, CA",SpaceX,Supply Chain & Logistics - Sourcing & Planning,https://boards.greenhouse.io/spacex/jobs/8703538002?gh_jid=8703538002,6478053002,2026-08-13T11:24:00-04:00,2026-09-01T19:48:33-04:00,2026-09-04_16-24-07
8560881002,Supply Chain Planning Manager (Starship),"Starbase, TX",SpaceX,Supply Chain & Logistics - Sourcing & Planning,https://boards.greenhouse.io/spacex/jobs/8560881002?gh_jid=8560881002,6419446002,2026-05-21T18:52:44-04:00,2026-09-01T19:48:33-04:00,2026-09-04_16-24-07
8769734002,"Supply Chain Planning Manager, xAI (Starlink)","Bastrop, TX",SpaceX,Supply Chain & Logistics - Sourcing & Planning,https://boards.greenhouse.io/spacex/jobs/8769734002?gh_jid=8769734002,6508681002,2026-09-03T13:00:21-04:00,2026-09-03T13:00:21-04:00,2026-09-04_16-24-07
8642186002,Supply Chain Systems Analyst (Launch),"Cape Canaveral, FL",SpaceX,Supply Chain & Logistics - Sourcing & Planning,https://boards.greenhouse.io/spacex/jobs/8642186002?gh_jid=8642186002,6451431002,2026-07-21T14:11:16-04:00,2026-09-01T19:48:33-04:00,2026-09-04_16-24-07
8761360002,Support Technician,"Starbase, TX",SpaceX,Manufacturing - Assembly & Integration,https://boards.greenhouse.io/spacex/jobs/8761360002?gh_jid=8761360002,6504684002,2026-08-28T17:34:35-04:00,2026-09-02T12:47:39-04:00,2026-09-04_16-24-07
8571923002,"Systems Analyst, Supply Chain (Starlink)","Bastrop, TX",SpaceX,Supply Chain & Logistics - Sourcing & Planning,https://boards.greenhouse.io/spacex/jobs/8571923002?gh_jid=8571923002,6423793002,2026-06-12T10:47:11-04:00,2026-09-01T19:48:33-04:00,2026-09-04_16-24-07
8631282002,Talent Sourcer - Temporary,"Redmond, WA",SpaceX,Corporate - Human Resources,https://boards.greenhouse.io/spacex/jobs/8631282002?gh_jid=8631282002,6447214002,2026-07-13T11:52:37-04:00,2026-09-01T19:48:33-04:00,2026-09-04_16-24-07
8631323002,Talent Sourcer - Temporary,"Palo Alto, CA",SpaceX,Corporate - Human Resources,https://boards.greenhouse.io/spacex/jobs/8631323002?gh_jid=8631323002,6447214002,2026-07-13T11:52:40-04:00,2026-09-01T19:48:33-04:00,2026-09-04_16-24-07
8631299002,Talent Sourcer - Temporary,"Bastrop, TX",SpaceX,Corporate - Human Resources,https://boards.greenhouse.io/spacex/jobs/8631299002?gh_jid=8631299002,6447214002,2026-07-13T11:52:39-04:00,2026-09-01T19:48:33-04:00,2026-09-04_16-24-07
8676530002,Talent Sourcer - Temporary,"McGregor, TX",SpaceX,Corporate - Human Resources,https://boards.greenhouse.io/spacex/jobs/8676530002?gh_jid=8676530002,6447597002,2026-08-04T13:54:14-04:00,2026-09-01T19:48:33-04:00,2026-09-04_16-24-07
8632303002,Talent Sourcer - Temporary,"Starbase, TX",SpaceX,Corporate - Human Resources,https://boards.greenhouse.io/spacex/jobs/8632303002?gh_jid=8632303002,6447597002,2026-07-30T12:52:04-04:00,2026-09-01T19:48:33-04:00,2026-09-04_16-24-07
8770641002,Tax Analyst,"Hawthorne, CA",SpaceX,Corporate - Finance & Accounting,https://boards.greenhouse.io/spacex/jobs/8770641002?gh_jid=8770641002,6509063002,2026-09-01T17:55:06-04:00,2026-09-01T19:48:33-04:00,2026-09-04_16-24-07
8542170002,"Tax Analyst, International","Hawthorne, CA",SpaceX,Corporate - Finance & Accounting,https://boards.greenhouse.io/spacex/jobs/8542170002?gh_jid=8542170002,6411574002,2026-05-11T15:03:26-04:00,2026-09-01T19:48:33-04:00,2026-09-04_16-24-07
8753580002,Tax Manager,"Hawthorne, CA",SpaceX,Corporate - Finance & Accounting,https://boards.greenhouse.io/spacex/jobs/8753580002?gh_jid=8753580002,6501176002,2026-08-27T10:45:09-04:00,2026-09-01T19:48:33-04:00,2026-09-04_16-24-07
8567029002,"Tax Manager, Credits & Incentives","Hawthorne, CA",SpaceX,Corporate - Finance & Accounting,https://boards.greenhouse.io/spacex/jobs/8567029002?gh_jid=8567029002,6421864002,2026-05-28T12:10:58-04:00,2026-09-01T19:48:33-04:00,2026-09-04_16-24-07
8769476002,Technical Account Manager,"Austin, TX",SpaceX,Corporate - Sales & Business Operations,https://boards.greenhouse.io/spacex/jobs/8769476002?gh_jid=8769476002,6507216002,2026-09-01T11:07:20-04:00,2026-09-01T19:48:33-04:00,2026-09-04_16-24-07
8548111002,"Technical Operations Engineer, Customer Success (Starlink)","Redmond, WA",SpaceX,Corporate - Sales & Business Operations,https://boards.greenhouse.io/spacex/jobs/8548111002?gh_jid=8548111002,6414361002,2026-05-13T15:34:55-04:00,2026-09-01T19:48:33-04:00,2026-09-04_16-24-07
8548119002,"Technical Operations Engineer, Customer Success (Starlink)","Bastrop, TX",SpaceX,Corporate - Sales & Business Operations,https://boards.greenhouse.io/spacex/jobs/8548119002?gh_jid=8548119002,6414361002,2026-05-13T15:35:01-04:00,2026-09-01T19:48:33-04:00,2026-09-04_16-24-07
8521318002,Technical Recruiter,"Cape Canaveral, FL",SpaceX,Corporate - Human Resources,https://boards.greenhouse.io/spacex/jobs/8521318002?gh_jid=8521318002,6403633002,2026-04-23T14:29:43-04:00,2026-09-01T19:48:33-04:00,2026-09-04_16-24-07
8639384002,Technical Recruiter,"Hawthorne, CA",SpaceX,Corporate - Human Resources,https://boards.greenhouse.io/spacex/jobs/8639384002?gh_jid=8639384002,6450424002,2026-07-17T17:26:30-04:00,2026-09-01T19:48:33-04:00,2026-09-04_16-24-07
8694852002,Technical Recruiter (Bastrop),"Bastrop, TX",SpaceX,Corporate - Human Resources,https://boards.greenhouse.io/spacex/jobs/8694852002?gh_jid=8694852002,6474083002,2026-08-10T22:54:25-04:00,2026-09-01T19:48:33-04:00,2026-09-04_16-24-07
8675110002,Technical Recruiter (McGregor),"McGregor, TX",SpaceX,Corporate - Human Resources,https://boards.greenhouse.io/spacex/jobs/8675110002?gh_jid=8675110002,6465159002,2026-08-05T13:24:15-04:00,2026-09-01T19:48:33-04:00,2026-09-04_16-24-07
8695154002,Technical Recruiter (Palo Alto),"Palo Alto, CA",SpaceX,Corporate - Human Resources,https://boards.greenhouse.io/spacex/jobs/8695154002?gh_jid=8695154002,6474235002,2026-08-10T22:53:18-04:00,2026-09-01T19:48:33-04:00,2026-09-04_16-24-07
8694882002,Technical Recruiter (Redmond),"Redmond, WA",SpaceX,Corporate - Human Resources,https://boards.greenhouse.io/spacex/jobs/8694882002?gh_jid=8694882002,6474097002,2026-08-10T22:54:12-04:00,2026-09-01T19:48:33-04:00,2026-09-04_16-24-07
8607020002,Technical Recruiter (Starbase),"Starbase, TX",SpaceX,Corporate - Human Resources,https://boards.greenhouse.io/spacex/jobs/8607020002?gh_jid=8607020002,6437668002,2026-06-25T16:00:30-04:00,2026-09-01T19:48:33-04:00,2026-09-04_16-24-07
8438476002,Technical Satellite Policy Analyst,"Washington, DC",SpaceX,Corporate - Government Affairs,https://boards.greenhouse.io/spacex/jobs/8438476002?gh_jid=8438476002,6370793002,2026-02-26T09:45:17-05:00,2026-09-01T19:48:33-04:00,2026-09-04_16-24-07
8483005002,Technical Site Planning Manager,"Bastrop, TX",SpaceX,Engineering - Civil,https://boards.greenhouse.io/spacex/jobs/8483005002?gh_jid=8483005002,6388328002,2026-03-27T10:52:51-04:00,2026-09-01T19:48:33-04:00,2026-09-04_16-24-07
8605834002,"Technical Trainer, CNC Machining (Starship Components)","Hawthorne, CA",SpaceX,Manufacturing - Other Manufacturing,https://boards.greenhouse.io/spacex/jobs/8605834002?gh_jid=8605834002,6437284002,2026-07-01T16:34:25-04:00,2026-09-01T19:48:33-04:00,2026-09-04_16-24-07
8661853002,Technical Training Specialist (Starlink),"Bastrop, TX",SpaceX,Manufacturing - Other Manufacturing,https://boards.greenhouse.io/spacex/jobs/8661853002?gh_jid=8661853002,6458761002,2026-07-31T18:36:09-04:00,2026-09-01T19:48:33-04:00,2026-09-04_16-24-07
8632953002,Telecommunications Engineer,"Starbase, TX",SpaceX,Engineering - Information Technology,https://boards.greenhouse.io/spacex/jobs/8632953002?gh_jid=8632953002,6447867002,2026-07-14T12:20:33-04:00,2026-09-01T19:48:33-04:00,2026-09-04_16-24-07
8443019002,Telecommunications Engineer (BICSI RCDD Certified),"Hawthorne, CA",SpaceX,Engineering - Information Technology,https://boards.greenhouse.io/spacex/jobs/8443019002?gh_jid=8443019002,6372580002,2026-03-02T12:39:38-05:00,2026-09-01T19:48:33-04:00,2026-09-04_16-24-07
8688026002,Telecommunications Specialist,"McGregor, TX",SpaceX,Manufacturing - Automation & Controls and Maintenance,https://boards.greenhouse.io/spacex/jobs/8688026002?gh_jid=8688026002,6471088002,2026-08-11T16:50:27-04:00,2026-09-01T19:48:33-04:00,2026-09-04_16-24-07
8696597002,Telecommunications Technician,"Cape Canaveral, FL",SpaceX,Engineering - Information Technology,https://boards.greenhouse.io/spacex/jobs/8696597002?gh_jid=8696597002,6474924002,2026-08-11T15:40:09-04:00,2026-09-01T19:48:33-04:00,2026-09-04_16-24-07
8582141002,"Test Engineer, Avionics (Starship)","Starbase, TX",SpaceX,Engineering - Aerospace & Mechanical,https://boards.greenhouse.io/spacex/jobs/8582141002?gh_jid=8582141002,6427928002,2026-06-08T11:55:44-04:00,2026-09-01T19:48:33-04:00,2026-09-04_16-24-07
8492521002,Test Engineer (Dragon),"McGregor, TX",SpaceX,Engineering - Aerospace & Mechanical,https://boards.greenhouse.io/spacex/jobs/8492521002?gh_jid=8492521002,6392172002,2026-04-02T15:01:25-04:00,2026-09-01T19:48:33-04:00,2026-09-04_16-24-07
8723913002,Test Engineer (Dragon),"Cape Canaveral, FL",SpaceX,Engineering - Aerospace & Mechanical,https://boards.greenhouse.io/spacex/jobs/8723913002?gh_jid=8723913002,6487493002,2026-08-17T20:07:21-04:00,2026-09-01T19:48:33-04:00,2026-09-04_16-24-07
8569580002,"Test Engineer - Electric Propulsion, Satellites (Starlink)","Redmond, WA",SpaceX,Engineering - Aerospace & Mechanical,https://boards.greenhouse.io/spacex/jobs/8569580002?gh_jid=8569580002,6422885002,2026-05-29T11:59:08-04:00,2026-09-01T19:48:33-04:00,2026-09-04_16-24-07
8594458002,Test Engineer (Falcon Test),"McGregor, TX",SpaceX,Engineering - Aerospace & Mechanical,https://boards.greenhouse.io/spacex/jobs/8594458002?gh_jid=8594458002,6432849002,2026-06-17T10:28:59-04:00,2026-09-01T19:48:33-04:00,2026-09-04_16-24-07
8628878002,"Test Engineer, Oxygen","McGregor, TX",SpaceX,Engineering - Aerospace & Mechanical,https://boards.greenhouse.io/spacex/jobs/8628878002?gh_jid=8628878002,6446129002,2026-07-17T13:55:31-04:00,2026-09-01T19:48:33-04:00,2026-09-04_16-24-07
8716126002,"Test Engineer, Powertrain Components (Starship)","Hawthorne, CA",SpaceX,Engineering - Aerospace & Mechanical,https://boards.greenhouse.io/spacex/jobs/8716126002?gh_jid=8716126002,6483831002,2026-08-14T15:44:29-04:00,2026-09-01T19:48:33-04:00,2026-09-04_16-24-07
8716101002,"Test Engineer, Propulsion Components (Starship)","Hawthorne, CA",SpaceX,Engineering - Aerospace & Mechanical,https://boards.greenhouse.io/spacex/jobs/8716101002?gh_jid=8716101002,6483831002,2026-08-14T15:44:31-04:00,2026-09-01T19:48:33-04:00,2026-09-04_16-24-07
8627642002,Test Engineer (Starship),"Starbase, TX",SpaceX,Engineering - Aerospace & Mechanical,https://boards.greenhouse.io/spacex/jobs/8627642002?gh_jid=8627642002,6445648002,2026-07-09T23:26:19-04:00,2026-09-01T19:48:33-04:00,2026-09-04_16-24-07
8747613002,Test Engineer (Starship Development),"McGregor, TX",SpaceX,Engineering - Aerospace & Mechanical,https://boards.greenhouse.io/spacex/jobs/8747613002?gh_jid=8747613002,6498457002,2026-08-25T16:11:55-04:00,2026-09-01T19:48:33-04:00,2026-09-04_16-24-07
8703144002,"Test Specialist - Antenna Lab, Satellites (Starlink)","Redmond, WA",SpaceX,Manufacturing - Electronics,https://boards.greenhouse.io/spacex/jobs/8703144002?gh_jid=8703144002,6477860002,2026-08-14T12:36:17-04:00,2026-09-01T19:48:33-04:00,2026-09-04_16-24-07
8473166002,"Test Specialist, Avionics (Starshield)","Hawthorne, CA",SpaceX,Manufacturing - Electronics,https://boards.greenhouse.io/spacex/jobs/8473166002?gh_jid=8473166002,6384426002,2026-03-21T15:40:35-04:00,2026-09-01T19:48:33-04:00,2026-09-04_16-24-07
8537897002,"Test Specialist, Components (Starshield)","Hawthorne, CA",SpaceX,Manufacturing - Electronics,https://boards.greenhouse.io/spacex/jobs/8537897002?gh_jid=8537897002,6409851002,2026-05-09T23:42:21-04:00,2026-09-01T19:48:33-04:00,2026-09-04_16-24-07
8698365002,"Test Specialist, Factory Automation (Starlink)","Redmond, WA",SpaceX,Manufacturing - Automation & Controls and Maintenance,https://boards.greenhouse.io/spacex/jobs/8698365002?gh_jid=8698365002,6475741002,2026-08-17T21:17:59-04:00,2026-09-01T19:48:33-04:00,2026-09-04_16-24-07
8639553002,"Test Specialist - Hardware in the Loop, Satellites (Starlink)","Woodinville, WA",SpaceX,Engineering - Aerospace & Mechanical,https://boards.greenhouse.io/spacex/jobs/8639553002?gh_jid=8639553002,6450493002,2026-07-23T13:36:23-04:00,2026-09-01T19:48:33-04:00,2026-09-04_16-24-07
8638571002,Test Specialist - Multiple Shifts (Components),"Hawthorne, CA",SpaceX,Manufacturing - Other Manufacturing,https://boards.greenhouse.io/spacex/jobs/8638571002?gh_jid=8638571002,6450127002,2026-07-17T18:50:05-04:00,2026-09-01T19:48:33-04:00,2026-09-04_16-24-07
8727985002,"Test Specialist, Production Checkouts (Starship)","Starbase, TX",SpaceX,Manufacturing - Assembly & Integration,https://boards.greenhouse.io/spacex/jobs/8727985002?gh_jid=8727985002,6489410002,2026-08-19T01:41:48-04:00,2026-09-01T19:48:33-04:00,2026-09-04_16-24-07
8579599002,Test Specialist (Starlink) - 2nd Shift,"Redmond, WA",SpaceX,Manufacturing - Other Manufacturing,https://boards.greenhouse.io/spacex/jobs/8579599002?gh_jid=8579599002,6426870002,2026-06-05T14:51:29-04:00,2026-09-01T19:48:33-04:00,2026-09-04_16-24-07
8733400002,Test Specialist (Starlink Aviation),"Woodinville, WA",SpaceX,"Manufacturing - PCB, Silicon, and Solar",https://boards.greenhouse.io/spacex/jobs/8733400002?gh_jid=8733400002,6491876002,2026-08-21T19:12:44-04:00,2026-09-01T19:48:33-04:00,2026-09-04_16-24-07
8696461002,Test Specialist Supervisor (Starship),"Starbase, TX",SpaceX,Manufacturing - Leadership,https://boards.greenhouse.io/spacex/jobs/8696461002?gh_jid=8696461002,6474864002,2026-08-25T16:11:03-04:00,2026-09-01T19:48:33-04:00,2026-09-04_16-24-07
8477422002,Test Stand Design & Build Engineer (Structures/Fluid Systems),"McGregor, TX",SpaceX,Engineering - Aerospace & Mechanical,https://boards.greenhouse.io/spacex/jobs/8477422002?gh_jid=8477422002,6386196002,2026-03-24T13:56:27-04:00,2026-09-01T19:48:33-04:00,2026-09-04_16-24-07
8533139002,Test Stand Maintenance Technician,"McGregor, TX",SpaceX,Manufacturing - Assembly & Integration,https://boards.greenhouse.io/spacex/jobs/8533139002?gh_jid=8533139002,6407824002,2026-05-01T15:19:42-04:00,2026-09-01T19:48:33-04:00,2026-09-04_16-24-07
8752881002,Test Stand Maintenance Technician - 2nd Shift,"McGregor, TX",SpaceX,Manufacturing - Assembly & Integration,https://boards.greenhouse.io/spacex/jobs/8752881002?gh_jid=8752881002,6500831002,2026-08-27T09:51:10-04:00,2026-09-02T12:59:10-04:00,2026-09-04_16-24-07
8686122002,"Test Technician, Hardware-in-the-Loop (Starlink)","Woodinville, WA",SpaceX,Manufacturing - Assembly & Integration,https://boards.greenhouse.io/spacex/jobs/8686122002?gh_jid=8686122002,6470251002,2026-08-05T17:30:52-04:00,2026-09-01T19:48:33-04:00,2026-09-04_16-24-07
8593958002,"Test Technician, Silicon Assembly (Starlink)","Bastrop, TX",SpaceX,"Manufacturing - PCB, Silicon, and Solar",https://boards.greenhouse.io/spacex/jobs/8593958002?gh_jid=8593958002,6432644002,2026-06-16T12:19:49-04:00,2026-09-01T19:48:33-04:00,2026-09-04_16-24-07
8703142002,Test Technician (Starlink),"Redmond, WA",SpaceX,Manufacturing - Electronics,https://boards.greenhouse.io/spacex/jobs/8703142002?gh_jid=8703142002,6477859002,2026-08-17T21:17:47-04:00,2026-09-01T19:48:33-04:00,2026-09-04_16-24-07
8444958002,Test Technician (Starlink),"Redmond, WA",SpaceX,Manufacturing - Other Manufacturing,https://boards.greenhouse.io/spacex/jobs/8444958002?gh_jid=8444958002,6373462002,2026-03-03T12:15:29-05:00,2026-09-01T19:48:33-04:00,2026-09-04_16-24-07
8733461002,Test Technician (Starlink Aviation),"Woodinville, WA",SpaceX,Manufacturing - Electronics,https://boards.greenhouse.io/spacex/jobs/8733461002?gh_jid=8733461002,6491887002,2026-08-24T11:20:23-04:00,2026-09-01T19:48:33-04:00,2026-09-04_16-24-07
8716925002,Thermal Control and Life Support Hardware Engineer (Crew Starship),"Starbase, TX",SpaceX,Engineering - Aerospace & Mechanical,https://boards.greenhouse.io/spacex/jobs/8716925002?gh_jid=8716925002,6484193002,2026-08-25T11:04:40-04:00,2026-09-01T19:48:33-04:00,2026-09-04_16-24-07
8499098002,Thermal Development Technician (Starship),"Cape Canaveral, FL",SpaceX,Manufacturing - Assembly & Integration,https://boards.greenhouse.io/spacex/jobs/8499098002?gh_jid=8499098002,6394921002,2026-04-21T18:23:02-04:00,2026-09-01T19:48:33-04:00,2026-09-04_16-24-07
8716279002,Thermal Development Technician (Starship),"Starbase, TX",SpaceX,Manufacturing - Assembly & Integration,https://boards.greenhouse.io/spacex/jobs/8716279002?gh_jid=8716279002,6483903002,2026-08-18T12:33:32-04:00,2026-09-01T19:48:33-04:00,2026-09-04_16-24-07
8723384002,Thermal Development Technician (Starship) - Temporary,"Starbase, TX",SpaceX,Manufacturing - Assembly & Integration,https://boards.greenhouse.io/spacex/jobs/8723384002?gh_jid=8723384002,6487231002,2026-08-21T16:47:22-04:00,2026-09-01T19:48:33-04:00,2026-09-04_16-24-07
8728358002,"Thermal Engineer, AI Satellites (Starmind)","Bastrop, TX",SpaceX,Engineering - Aerospace & Mechanical,https://boards.greenhouse.io/spacex/jobs/8728358002?gh_jid=8728358002,6489583002,2026-08-18T16:59:34-04:00,2026-09-01T19:48:33-04:00,2026-09-04_16-24-07
8665783002,"Thermal Engineer (Falcon, Dragon, & Starfall)","Hawthorne, CA",SpaceX,Engineering - Aerospace & Mechanical,https://boards.greenhouse.io/spacex/jobs/8665783002?gh_jid=8665783002,6460689002,2026-08-01T10:01:48-04:00,2026-09-01T19:48:33-04:00,2026-09-04_16-24-07
8559317002,"Thermal Engineer, Satellites (Starlink)","Redmond, WA",SpaceX,Engineering - Aerospace & Mechanical,https://boards.greenhouse.io/spacex/jobs/8559317002?gh_jid=8559317002,6418969002,2026-05-21T11:20:49-04:00,2026-09-01T19:48:33-04:00,2026-09-04_16-24-07
8530463002,Thermal Engineer (Starlink),"Bastrop, TX",SpaceX,Engineering - Aerospace & Mechanical,https://boards.greenhouse.io/spacex/jobs/8530463002?gh_jid=8530463002,6406752002,2026-04-30T16:55:08-04:00,2026-09-01T19:48:33-04:00,2026-09-04_16-24-07
8561572002,"Thermal Engineer, Thermal & Fluid Analysis (Starship)","Starbase, TX",SpaceX,Engineering - Aerospace & Mechanical,https://boards.greenhouse.io/spacex/jobs/8561572002?gh_jid=8561572002,6419704002,2026-05-22T16:08:43-04:00,2026-09-01T19:48:33-04:00,2026-09-04_16-24-07
8622390002,Thermal Hardware Engineer (Starship Heat Shield),"Cape Canaveral, FL",SpaceX,Engineering - Materials,https://boards.greenhouse.io/spacex/jobs/8622390002?gh_jid=8622390002,6443439002,2026-07-07T10:16:37-04:00,2026-09-01T19:48:33-04:00,2026-09-04_16-24-07
8613825002,"Thermal Mechanical Test Engineer, Silicon Packaging (Starlink)","Bastrop, TX",SpaceX,Engineering - Silicon,https://boards.greenhouse.io/spacex/jobs/8613825002?gh_jid=8613825002,6440220002,2026-07-01T13:33:12-04:00,2026-09-01T19:48:33-04:00,2026-09-04_16-24-07
8569279002,"TIG Welder, Chamber and Nozzle (Raptor)","Hawthorne, CA",SpaceX,Manufacturing - Welding,https://boards.greenhouse.io/spacex/jobs/8569279002?gh_jid=8569279002,6422749002,2026-05-28T17:18:45-04:00,2026-09-01T19:48:33-04:00,2026-09-04_16-24-07
8621590002,"TIG Welder, Chamber and Nozzle (Raptor) - 2nd Shift","Hawthorne, CA",SpaceX,Manufacturing - Welding,https://boards.greenhouse.io/spacex/jobs/8621590002?gh_jid=8621590002,6443088002,2026-07-09T15:02:58-04:00,2026-09-01T19:48:33-04:00,2026-09-04_16-24-07
8716296002,"TIG Welder, Combustion Devices (RAPTOR)","Hawthorne, CA",SpaceX,Manufacturing - Welding,https://boards.greenhouse.io/spacex/jobs/8716296002?gh_jid=8716296002,6483910002,2026-08-14T16:21:10-04:00,2026-09-01T19:48:33-04:00,2026-09-04_16-24-07
8500921002,"TIG Welder, Heatshield (Starship)","Starbase, TX",SpaceX,Manufacturing - Welding,https://boards.greenhouse.io/spacex/jobs/8500921002?gh_jid=8500921002,6395664002,2026-04-09T19:44:34-04:00,2026-09-01T19:48:33-04:00,2026-09-04_16-24-07
8694175002,TIG Welder (Merlin),"Hawthorne, CA",SpaceX,Manufacturing - Welding,https://boards.greenhouse.io/spacex/jobs/8694175002?gh_jid=8694175002,6473801002,2026-08-10T15:15:33-04:00,2026-09-01T19:48:33-04:00,2026-09-04_16-24-07
8565833002,TIG Welder (Starship),"Hawthorne, CA",SpaceX,Manufacturing - Welding,https://boards.greenhouse.io/spacex/jobs/8565833002?gh_jid=8565833002,6421483002,2026-05-27T10:15:50-04:00,2026-09-01T19:48:33-04:00,2026-09-04_16-24-07
8718807002,TIG Welder (Starship),"Starbase, TX",SpaceX,Manufacturing - Welding,https://boards.greenhouse.io/spacex/jobs/8718807002?gh_jid=8718807002,6485127002,2026-08-17T13:27:28-04:00,2026-09-01T19:48:33-04:00,2026-09-04_16-24-07
8639190002,TIG Welder (Starship) - 2nd Shift,"Hawthorne, CA",SpaceX,Manufacturing - Welding,https://boards.greenhouse.io/spacex/jobs/8639190002?gh_jid=8639190002,6421483002,2026-07-17T16:09:10-04:00,2026-09-01T19:48:33-04:00,2026-09-04_16-24-07
8523833002,TIG Welder (Starship Components) - 2nd Shift,"Hawthorne, CA",SpaceX,Manufacturing - Welding,https://boards.greenhouse.io/spacex/jobs/8523833002?gh_jid=8523833002,6404446002,2026-04-24T17:31:56-04:00,2026-09-01T19:48:33-04:00,2026-09-04_16-24-07
8676435002,TIG Welder (Starship) - Level 4/5,"Hawthorne, CA",SpaceX,Manufacturing - Welding,https://boards.greenhouse.io/spacex/jobs/8676435002?gh_jid=8676435002,6465770002,2026-08-05T15:10:51-04:00,2026-09-01T19:48:33-04:00,2026-09-04_16-24-07
8755683002,TIG Welder (Starship) - Level 4/5,"Starbase, TX",SpaceX,Manufacturing - Welding,https://boards.greenhouse.io/spacex/jobs/8755683002?gh_jid=8755683002,6502196002,2026-08-31T16:21:11-04:00,2026-09-01T19:48:33-04:00,2026-09-04_16-24-07
8739396002,Tool & Die Specialist - 2nd Shift,"Bastrop, TX",SpaceX,Manufacturing - Machining,https://boards.greenhouse.io/spacex/jobs/8739396002?gh_jid=8739396002,6494580002,2026-08-24T12:45:23-04:00,2026-09-01T19:48:33-04:00,2026-09-04_16-24-07
8609480002,Tool & Die Specialist - Level 4/5 (2nd Shift),"Bastrop, TX",SpaceX,Manufacturing - Machining,https://boards.greenhouse.io/spacex/jobs/8609480002?gh_jid=8609480002,6438559002,2026-06-25T22:29:45-04:00,2026-09-01T19:48:33-04:00,2026-09-04_16-24-07
8727903002,"Tooling Engineer, AI Satellites (Starmind)","Bastrop, TX",SpaceX,Engineering - Aerospace & Mechanical,https://boards.greenhouse.io/spacex/jobs/8727903002?gh_jid=8727903002,6489376002,2026-08-18T15:37:58-04:00,2026-09-01T19:48:33-04:00,2026-09-04_16-24-07
8716792002,Tooling Inspector (Starship) - Level 4/5,"Hawthorne, CA",SpaceX,Manufacturing - Quality,https://boards.greenhouse.io/spacex/jobs/8716792002?gh_jid=8716792002,6484137002,2026-08-14T17:56:55-04:00,2026-09-01T19:48:33-04:00,2026-09-04_16-24-07
8657657002,"Toolmaker, R&D (Raptor)","Hawthorne, CA",SpaceX,Engineering - Industrial & Operations,https://boards.greenhouse.io/spacex/jobs/8657657002?gh_jid=8657657002,6457132002,2026-07-30T16:28:39-04:00,2026-09-01T19:48:33-04:00,2026-09-04_16-24-07
8730731002,"Trader, Natural Gas (Supply Chain)","Cape Canaveral, FL",SpaceX,Supply Chain & Logistics - Sourcing & Planning,https://boards.greenhouse.io/spacex/jobs/8730731002?gh_jid=8730731002,6490659002,2026-08-19T17:52:50-04:00,2026-09-01T19:48:33-04:00,2026-09-04_16-24-07
8731013002,"Trader, Natural Gas (Supply Chain)","Starbase, TX",SpaceX,Supply Chain & Logistics - Sourcing & Planning,https://boards.greenhouse.io/spacex/jobs/8731013002?gh_jid=8731013002,6490659002,2026-08-19T17:52:50-04:00,2026-09-01T19:48:33-04:00,2026-09-04_16-24-07
8624547002,Trajectory Analysis Engineer (Starship),"Starbase, TX",SpaceX,Engineering - Software & Analytics,https://boards.greenhouse.io/spacex/jobs/8624547002?gh_jid=8624547002,6444308002,2026-07-08T13:13:43-04:00,2026-09-01T19:48:33-04:00,2026-09-04_16-24-07
8708617002,Transport Technician,"Hawthorne, CA",SpaceX,Supply Chain & Logistics - Materials Management & Warehouse,https://boards.greenhouse.io/spacex/jobs/8708617002?gh_jid=8708617002,6480213002,2026-08-14T11:45:47-04:00,2026-09-01T19:48:33-04:00,2026-09-04_16-24-07
8602551002,Transport Technician,"McGregor, TX",SpaceX,Supply Chain & Logistics - Materials Management & Warehouse,https://boards.greenhouse.io/spacex/jobs/8602551002?gh_jid=8602551002,6435931002,2026-06-24T10:00:11-04:00,2026-09-01T19:48:33-04:00,2026-09-04_16-24-07
8716662002,Treasury Analyst,"Hawthorne, CA",SpaceX,Corporate - Finance & Accounting,https://boards.greenhouse.io/spacex/jobs/8716662002?gh_jid=8716662002,6484083002,2026-08-17T13:39:40-04:00,2026-09-01T19:48:33-04:00,2026-09-04_16-24-07
8545772002,Tube Bender (Starship),"Starbase, TX",SpaceX,Manufacturing - Machining,https://boards.greenhouse.io/spacex/jobs/8545772002?gh_jid=8545772002,6413397002,2026-05-27T18:54:53-04:00,2026-09-01T19:48:33-04:00,2026-09-04_16-24-07
8572153002,Turbomachinery Engineer (Raptor),"Hawthorne, CA",SpaceX,Engineering - Aerospace & Mechanical,https://boards.greenhouse.io/spacex/jobs/8572153002?gh_jid=8572153002,6423898002,2026-05-29T19:41:36-04:00,2026-09-01T19:48:33-04:00,2026-09-04_16-24-07
8733666002,Video & Voice Administrator,"Cape Canaveral, FL",SpaceX,Engineering - Information Technology,https://boards.greenhouse.io/spacex/jobs/8733666002?gh_jid=8733666002,6491954002,2026-08-20T15:10:41-04:00,2026-09-01T19:48:33-04:00,2026-09-04_16-24-07
8621890002,Video & Voice Administrator,"Starbase, TX",SpaceX,Engineering - Information Technology,https://boards.greenhouse.io/spacex/jobs/8621890002?gh_jid=8621890002,6443221002,2026-07-07T16:11:42-04:00,2026-09-01T19:48:33-04:00,2026-09-04_16-24-07
8697995002,Warehouse Associate (Starlink),"Bastrop, TX",SpaceX,Manufacturing - Entry Level Manufacturing,https://boards.greenhouse.io/spacex/jobs/8697995002?gh_jid=8697995002,6475560002,2026-08-11T18:56:27-04:00,2026-09-01T19:48:33-04:00,2026-09-04_16-24-07
8551485002,Wastewater Treatment Supervisor (Starlink),"Bastrop, TX",SpaceX,Manufacturing - Leadership,https://boards.greenhouse.io/spacex/jobs/8551485002?gh_jid=8551485002,6415584002,2026-05-15T08:48:30-04:00,2026-09-01T19:48:33-04:00,2026-09-04_16-24-07
8550390002,"Water Treatment Engineer, Solar Cell Factory (Starlink)","Bastrop, TX",SpaceX,Engineering - Materials,https://boards.greenhouse.io/spacex/jobs/8550390002?gh_jid=8550390002,6415167002,2026-06-01T10:52:01-04:00,2026-09-01T19:48:33-04:00,2026-09-04_16-24-07
8586076002,Water Treatment Engineer (Starlink),"Bastrop, TX",SpaceX,Engineering - Materials,https://boards.greenhouse.io/spacex/jobs/8586076002?gh_jid=8586076002,6415167002,2026-06-10T12:37:50-04:00,2026-09-01T19:48:33-04:00,2026-09-04_16-24-07
8508640002,"Water Treatment Specialist, UPW & Wastewater (Starlink)","Bastrop, TX",SpaceX,"Manufacturing - PCB, Silicon, and Solar",https://boards.greenhouse.io/spacex/jobs/8508640002?gh_jid=8508640002,6398893002,2026-04-21T17:28:55-04:00,2026-09-01T19:48:33-04:00,2026-09-04_16-24-07
8656099002,"Water Treatment Technician, UPW & Wastewater (Starlink)","Bastrop, TX",SpaceX,"Manufacturing - PCB, Silicon, and Solar",https://boards.greenhouse.io/spacex/jobs/8656099002?gh_jid=8656099002,6456620002,2026-07-31T13:28:41-04:00,2026-09-01T19:48:33-04:00,2026-09-04_16-24-07
8629030002,Welder,"McGregor, TX",SpaceX,Manufacturing - Welding,https://boards.greenhouse.io/spacex/jobs/8629030002?gh_jid=8629030002,6446189002,2026-07-13T10:35:17-04:00,2026-09-01T19:48:33-04:00,2026-09-04_16-24-07
8726028002,Welder - 2nd Shift,"McGregor, TX",SpaceX,Manufacturing - Welding,https://boards.greenhouse.io/spacex/jobs/8726028002?gh_jid=8726028002,6488524002,2026-08-19T09:38:24-04:00,2026-09-02T13:02:03-04:00,2026-09-04_16-24-07
8623625002,"Welder, Starship Launch Pad","Cape Canaveral, FL",SpaceX,Manufacturing - Welding,https://boards.greenhouse.io/spacex/jobs/8623625002?gh_jid=8623625002,6443924002,2026-07-08T09:44:14-04:00,2026-09-01T19:48:33-04:00,2026-09-04_16-24-07
8721587002,Welder (Starship) - Night Shift,"Starbase, TX",SpaceX,Manufacturing - Welding,https://boards.greenhouse.io/spacex/jobs/8721587002?gh_jid=8721587002,6486391002,2026-08-17T15:00:34-04:00,2026-09-02T13:57:33-04:00,2026-09-04_16-24-07
8694671002,Welder (Starship) – Temporary,"Starbase, TX",SpaceX,Manufacturing - Welding,https://boards.greenhouse.io/spacex/jobs/8694671002?gh_jid=8694671002,6474009002,2026-08-10T17:53:24-04:00,2026-09-01T19:48:33-04:00,2026-09-04_16-24-07
8544608002,"Welding Automation Engineer, Chamber and Nozzle (Raptor)","Hawthorne, CA",SpaceX,Engineering - Aerospace & Mechanical,https://boards.greenhouse.io/spacex/jobs/8544608002?gh_jid=8544608002,6412963002,2026-05-11T18:59:23-04:00,2026-09-01T19:48:33-04:00,2026-09-04_16-24-07
8563892002,Welding Build Engineer (Starship),"Starbase, TX",SpaceX,Engineering - Aerospace & Mechanical,https://boards.greenhouse.io/spacex/jobs/8563892002?gh_jid=8563892002,6416541002,2026-05-25T12:30:01-04:00,2026-09-01T19:48:33-04:00,2026-09-04_16-24-07
8617003002,Welding Engineer,"Hawthorne, CA",SpaceX,Engineering - Materials,https://boards.greenhouse.io/spacex/jobs/8617003002?gh_jid=8617003002,6441465002,2026-07-06T16:13:30-04:00,2026-09-01T19:48:33-04:00,2026-09-04_16-24-07
8498812002,Welding Inspector Specialist (Night Shift),"Starbase, TX",SpaceX,Manufacturing - Welding,https://boards.greenhouse.io/spacex/jobs/8498812002?gh_jid=8498812002,6394799002,2026-04-08T17:32:37-04:00,2026-09-01T19:48:33-04:00,2026-09-04_16-24-07
8692387002,Welding Supervisor (Starship Mechanisms),"Hawthorne, CA",SpaceX,Manufacturing - Assembly & Integration,https://boards.greenhouse.io/spacex/jobs/8692387002?gh_jid=8692387002,6428214002,2026-08-07T18:22:34-04:00,2026-09-01T19:48:33-04:00,2026-09-04_16-24-07
8582736002,Welding Supervisor (Super Heavy Booster),"Hawthorne, CA",SpaceX,Manufacturing - Welding,https://boards.greenhouse.io/spacex/jobs/8582736002?gh_jid=8582736002,6428175002,2026-06-08T18:26:03-04:00,2026-09-01T19:48:33-04:00,2026-09-04_16-24-07
8674753002,"Welding Technical Trainer, GTAW (Starship)","Starbase, TX",SpaceX,Manufacturing - Welding,https://boards.greenhouse.io/spacex/jobs/8674753002?gh_jid=8674753002,6465005002,2026-08-03T17:00:24-04:00,2026-09-01T19:48:33-04:00,2026-09-04_16-24-07
8701283002,Weld Support Technician,"McGregor, TX",SpaceX,Manufacturing - Welding,https://boards.greenhouse.io/spacex/jobs/8701283002?gh_jid=8701283002,6476974002,2026-08-19T00:16:15-04:00,2026-09-01T19:48:33-04:00,2026-09-04_16-24-07
8728563002,Weld Support Technician - 2nd Shift,"McGregor, TX",SpaceX,Manufacturing - Welding,https://boards.greenhouse.io/spacex/jobs/8728563002?gh_jid=8728563002,6489659002,2026-08-20T15:05:22-04:00,2026-09-02T13:02:48-04:00,2026-09-04_16-24-07
8632015002,"Wi-Fi Engineer, Hardware Reliability (Starlink)","Bastrop, TX",SpaceX,Engineering - Electrical,https://boards.greenhouse.io/spacex/jobs/8632015002?gh_jid=8632015002,6447489002,2026-07-13T17:38:08-04:00,2026-09-01T19:48:33-04:00,2026-09-04_16-24-07
8715500002,Wi-Fi Software Engineer (Starlink),"Bastrop, TX",SpaceX,Engineering - Software & Analytics,https://boards.greenhouse.io/spacex/jobs/8715500002?gh_jid=8715500002,6483585002,2026-08-19T15:20:13-04:00,2026-09-01T19:48:33-04:00,2026-09-04_16-24-07
8715832002,Wi-Fi Software Engineer (Starlink),"Palo Alto, CA",SpaceX,Engineering - Software & Analytics,https://boards.greenhouse.io/spacex/jobs/8715832002?gh_jid=8715832002,6483585002,2026-08-19T15:20:14-04:00,2026-09-01T19:48:33-04:00,2026-09-04_16-24-07
8546722002,Wireless Firmware Engineer (Starlink Mobile),"Redmond, WA",SpaceX,Engineering - Software & Analytics,https://boards.greenhouse.io/spacex/jobs/8546722002?gh_jid=8546722002,6413834002,2026-05-15T13:20:43-04:00,2026-09-01T19:48:33-04:00,2026-09-04_16-24-07
8546713002,Wireless Firmware Engineer (Starlink Mobile),"Palo Alto, CA",SpaceX,Engineering - Software & Analytics,https://boards.greenhouse.io/spacex/jobs/8546713002?gh_jid=8546713002,6413834002,2026-05-15T13:20:42-04:00,2026-09-01T19:48:33-04:00,2026-09-04_16-24-07
8637814002,Wireless Software Engineer (Starlink),"Palo Alto, CA",SpaceX,Engineering - Software & Analytics,https://boards.greenhouse.io/spacex/jobs/8637814002?gh_jid=8637814002,6449832002,2026-07-20T12:35:18-04:00,2026-09-01T19:48:33-04:00,2026-09-04_16-24-07
8637826002,Wireless Software Engineer (Starlink),"Redmond, WA",SpaceX,Engineering - Software & Analytics,https://boards.greenhouse.io/spacex/jobs/8637826002?gh_jid=8637826002,6449832002,2026-07-20T12:35:18-04:00,2026-09-01T19:48:33-04:00,2026-09-04_16-24-07
8546717002,Wireless Systems Engineer (Starlink Mobile),"Sunnyvale, CA",SpaceX,Engineering - Software & Analytics,https://boards.greenhouse.io/spacex/jobs/8546717002?gh_jid=8546717002,6413837002,2026-05-13T13:11:42-04:00,2026-09-01T19:48:33-04:00,2026-09-04_16-24-07
8737860002,Workplace Technician,"Hawthorne, CA",SpaceX,Operations - Facilities,https://boards.greenhouse.io/spacex/jobs/8737860002?gh_jid=8737860002,6493842002,2026-08-21T14:44:03-04:00,2026-09-01T19:48:33-04:00,2026-09-04_16-24-07
8727899002,"Yield Engineer, RF Final Test Integration (Starlink/Akoustis)","Bastrop, TX",SpaceX,Engineering - Electrical,https://boards.greenhouse.io/spacex/jobs/8727899002?gh_jid=8727899002,6489373002,2026-08-20T16:54:59-04:00,2026-09-01T19:48:33-04:00,2026-09-04_16-24-07
