title,location,company,department,link,mission,requirements,benefits,scrape_timestamp
Civil Engineer/Project Manager - Rail/Transit,"Wethersfield, Connecticut, United States",Jacobs,Project Management,https://careers.jacobs.com/en_US/careers/JobDetail/Civil-Engineer-Project-Manager-Rail-Transit/41329,"Jacobs
About us
Solutions
Careers
Newsroom
Investors
Search jobs
Life at Jacobs
Events
Early careers
Military & veteran talent
Login
Careers
Let's see the impact we can create together.
Search jobs
Job Detail
Civil Engineer/Project Manager - Rail/Transit
Apply
Share
Location
Wethersfield, Connecticut, United States
Capabilities
Project Management
Office Setup
Hybrid
Job ID
#41329
At Jacobs, we're challenging today to reinvent tomorrow by solving the world's most critical problems for thriving cities, resilient environments, mission-critical outcomes, operational advancement, scientific discovery and cutting-edge manufacturing, turning abstract ideas into realities that transform the world for good.
Your impact
Transportation systems are the backbone of economic growth and daily life, yet many are under increasing pressure to keep pace with rising demand, decarbonization goals and changing travel patterns. Extreme weather and funding constraints are adding complexity across networks.

A","Jacobs
About us
Solutions
Careers
Newsroom
Investors
Search jobs
Life at Jacobs
Events
Early careers
Military & veteran talent
Login
Careers
Let's see the impact we can create together.
Search jobs
Job Detail
Civil Engineer/Project Manager - Rail/Transit
Apply
Share
Location
Wethersfield, Connecticut, United States
Capabilities
Project Management
Office Setup
Hybrid
Job ID
#41329
At Jacobs, we're challenging today to reinvent tomorrow by solving the world's most critical problems for thriving cities, resilient environments, mission-critical outcomes, operational advancement, scientific discovery and cutting-edge manufacturing, turning abstract ideas into realities that transform the world for good.
Your impact
Transportation systems are the backbone of economic growth and daily life, yet many are under increasing pressure to keep pace with rising demand, decarbonization goals and changing travel patterns. Extreme weather and funding constraints are adding complexity across networks.

A",,2026-06-25_14-35-53
Bridge Engineering Professional Associate,"Corvallis, Oregon, United States",Jacobs,Civil and Structural,https://careers.jacobs.com/en_US/careers/JobDetail/Bridge-Engineering-Professional-Associate/41308,"Jacobs
About us
Solutions
Careers
Newsroom
Investors
Search jobs
Life at Jacobs
Events
Early careers
Military & veteran talent
Login
Careers
Let's see the impact we can create together.
Search jobs
Job Detail
Bridge Engineering Professional Associate
Apply
Share
Location
Corvallis, Oregon, United States
Capabilities
Civil and Structural
Office Setup
Hybrid
Job ID
#41308
At Jacobs, we're challenging today to reinvent tomorrow by solving the world's most critical problems for thriving cities, resilient environments, mission-critical outcomes, operational advancement, scientific discovery and cutting-edge manufacturing, turning abstract ideas into realities that transform the world for good.
Your impact
Load rating existing bridges and culverts. Plan and design bridges, retaining walls, foundations, and other structures. Work as part of a team of professionals on multiple projects. Develop preliminary and detailed construction cost estimates. Provide cost related input during the selectio","Jacobs
About us
Solutions
Careers
Newsroom
Investors
Search jobs
Life at Jacobs
Events
Early careers
Military & veteran talent
Login
Careers
Let's see the impact we can create together.
Search jobs
Job Detail
Bridge Engineering Professional Associate
Apply
Share
Location
Corvallis, Oregon, United States
Capabilities
Civil and Structural
Office Setup
Hybrid
Job ID
#41308
At Jacobs, we're challenging today to reinvent tomorrow by solving the world's most critical problems for thriving cities, resilient environments, mission-critical outcomes, operational advancement, scientific discovery and cutting-edge manufacturing, turning abstract ideas into realities that transform the world for good.
Your impact
Load rating existing bridges and culverts. Plan and design bridges, retaining walls, foundations, and other structures. Work as part of a team of professionals on multiple projects. Develop preliminary and detailed construction cost estimates. Provide cost related input during the selectio",,2026-06-25_14-35-59
Facilities Instrumentation Engineering Owner’s Representative (41302),"Boise, Idaho, United States",Jacobs,Electrical,https://careers.jacobs.com/en_US/careers/JobDetail/Facilities-Instrumentation-Engineering-Owner-s-Representative-41302/41302,"Jacobs
About us
Solutions
Careers
Newsroom
Investors
Search jobs
Life at Jacobs
Events
Early careers
Military & veteran talent
Login
Careers
Let's see the impact we can create together.
Search jobs
Job Detail
Facilities Instrumentation Engineering Owner’s Representative (41302)
Apply
Share
Location
Boise, Idaho, United States
Capabilities
Electrical
Office Setup
Remote
Job ID
#41302
At Jacobs, we're challenging today to reinvent tomorrow by solving the world's most critical problems for thriving cities, resilient environments, mission-critical outcomes, operational advancement, scientific discovery and cutting-edge manufacturing, turning abstract ideas into realities that transform the world for good.
Your impact
We’re looking for a Facilities Instrumentation Engineering Owner’s Representative to play a key role in delivering cutting‑edge semiconductor manufacturing projects in Boise, ID. This is a high‑impact opportunity to work at the heart of advanced manufacturing, partnering with ","Jacobs
About us
Solutions
Careers
Newsroom
Investors
Search jobs
Life at Jacobs
Events
Early careers
Military & veteran talent
Login
Careers
Let's see the impact we can create together.
Search jobs
Job Detail
Facilities Instrumentation Engineering Owner’s Representative (41302)
Apply
Share
Location
Boise, Idaho, United States
Capabilities
Electrical
Office Setup
Remote
Job ID
#41302
At Jacobs, we're challenging today to reinvent tomorrow by solving the world's most critical problems for thriving cities, resilient environments, mission-critical outcomes, operational advancement, scientific discovery and cutting-edge manufacturing, turning abstract ideas into realities that transform the world for good.
Your impact
We’re looking for a Facilities Instrumentation Engineering Owner’s Representative to play a key role in delivering cutting‑edge semiconductor manufacturing projects in Boise, ID. This is a high‑impact opportunity to work at the heart of advanced manufacturing, partnering with ",,2026-06-25_14-36-05
Senior Layout Designer/Industrial Engineer (41300),"Essex Junction, Vermont, United States",Jacobs,Drafting and Design,https://careers.jacobs.com/en_US/careers/JobDetail/Senior-Layout-Designer-Industrial-Engineer-41300/41300,"Jacobs
About us
Solutions
Careers
Newsroom
Investors
Search jobs
Life at Jacobs
Events
Early careers
Military & veteran talent
Login
Careers
Let's see the impact we can create together.
Search jobs
Job Detail
Senior Layout Designer/Industrial Engineer (41300)
Apply
Share
Location
Essex Junction, Vermont, United States
Capabilities
Drafting and Design
Office Setup
Hybrid
Job ID
#41300
At Jacobs, we're challenging today to reinvent tomorrow by solving the world's most critical problems for thriving cities, resilient environments, mission-critical outcomes, operational advancement, scientific discovery and cutting-edge manufacturing, turning abstract ideas into realities that transform the world for good.
Your impact
Responsible for planning, developing, and optimizing architectural layouts for semiconductor manufacturing tool installations within cleanroom environments. This role ensures efficient space utilization, compliance with facility standards, and seamless integration of tools, u","Jacobs
About us
Solutions
Careers
Newsroom
Investors
Search jobs
Life at Jacobs
Events
Early careers
Military & veteran talent
Login
Careers
Let's see the impact we can create together.
Search jobs
Job Detail
Senior Layout Designer/Industrial Engineer (41300)
Apply
Share
Location
Essex Junction, Vermont, United States
Capabilities
Drafting and Design
Office Setup
Hybrid
Job ID
#41300
At Jacobs, we're challenging today to reinvent tomorrow by solving the world's most critical problems for thriving cities, resilient environments, mission-critical outcomes, operational advancement, scientific discovery and cutting-edge manufacturing, turning abstract ideas into realities that transform the world for good.
Your impact
Responsible for planning, developing, and optimizing architectural layouts for semiconductor manufacturing tool installations within cleanroom environments. This role ensures efficient space utilization, compliance with facility standards, and seamless integration of tools, u",,2026-06-25_14-36-10
Layout Designer/Industrial Designer (41299),"Portland, Oregon, United States",Jacobs,Drafting and Design,https://careers.jacobs.com/en_US/careers/JobDetail/Layout-Designer-Industrial-Designer-41299/41299,"Jacobs
About us
Solutions
Careers
Newsroom
Investors
Search jobs
Life at Jacobs
Events
Early careers
Military & veteran talent
Login
Careers
Let's see the impact we can create together.
Search jobs
Job Detail
Layout Designer/Industrial Designer (41299)
Apply
Share
Location
Portland, Oregon, United States
Capabilities
Drafting and Design
Office Setup
Hybrid
Job ID
#41299
At Jacobs, we're challenging today to reinvent tomorrow by solving the world's most critical problems for thriving cities, resilient environments, mission-critical outcomes, operational advancement, scientific discovery and cutting-edge manufacturing, turning abstract ideas into realities that transform the world for good.
Your impact
Responsible for planning, developing, and optimizing architectural layouts for semiconductor manufacturing tool installations within cleanroom environments. This role ensures efficient space utilization, compliance with facility standards, and seamless integration of tools, utilities, and ","Jacobs
About us
Solutions
Careers
Newsroom
Investors
Search jobs
Life at Jacobs
Events
Early careers
Military & veteran talent
Login
Careers
Let's see the impact we can create together.
Search jobs
Job Detail
Layout Designer/Industrial Designer (41299)
Apply
Share
Location
Portland, Oregon, United States
Capabilities
Drafting and Design
Office Setup
Hybrid
Job ID
#41299
At Jacobs, we're challenging today to reinvent tomorrow by solving the world's most critical problems for thriving cities, resilient environments, mission-critical outcomes, operational advancement, scientific discovery and cutting-edge manufacturing, turning abstract ideas into realities that transform the world for good.
Your impact
Responsible for planning, developing, and optimizing architectural layouts for semiconductor manufacturing tool installations within cleanroom environments. This role ensures efficient space utilization, compliance with facility standards, and seamless integration of tools, utilities, and ",,2026-06-25_14-36-16
Electrical Quality Lead (LSNA-PR),"Guaynabo, Puerto Rico, United States",Jacobs,Construction,https://careers.jacobs.com/en_US/careers/JobDetail/Electrical-Quality-Lead-LSNA-PR/41298,"Jacobs
About us
Solutions
Careers
Newsroom
Investors
Search jobs
Life at Jacobs
Events
Early careers
Military & veteran talent
Login
Careers
Let's see the impact we can create together.
Search jobs
Job Detail
Electrical Quality Lead (LSNA-PR)
Apply
Share
Location
Guaynabo, Puerto Rico, United States
Capabilities
Construction
Office Setup
Office/Onsite
Job ID
#41298
At Jacobs, we're challenging today to reinvent tomorrow by solving the world's most critical problems for thriving cities, resilient environments, mission-critical outcomes, operational advancement, scientific discovery and cutting-edge manufacturing, turning abstract ideas into realities that transform the world for good.
Your impact
At Jacobs, we’re not just building structures, we’re helping our clients innovate and grow by designing, engineering, and executing the construction of their state-of-the-art facilities that are changing our world.  

We're looking for an Electrical Quality Lead in and around the Guaynabo, Puer","Jacobs
About us
Solutions
Careers
Newsroom
Investors
Search jobs
Life at Jacobs
Events
Early careers
Military & veteran talent
Login
Careers
Let's see the impact we can create together.
Search jobs
Job Detail
Electrical Quality Lead (LSNA-PR)
Apply
Share
Location
Guaynabo, Puerto Rico, United States
Capabilities
Construction
Office Setup
Office/Onsite
Job ID
#41298
At Jacobs, we're challenging today to reinvent tomorrow by solving the world's most critical problems for thriving cities, resilient environments, mission-critical outcomes, operational advancement, scientific discovery and cutting-edge manufacturing, turning abstract ideas into realities that transform the world for good.
Your impact
At Jacobs, we’re not just building structures, we’re helping our clients innovate and grow by designing, engineering, and executing the construction of their state-of-the-art facilities that are changing our world.  

We're looking for an Electrical Quality Lead in and around the Guaynabo, Puer",,2026-06-25_14-36-22
Project Manager (LSNA-CA),"San Francisco, California, United States",Jacobs,Project Management,https://careers.jacobs.com/en_US/careers/JobDetail/Project-Manager-LSNA-CA/41297,"Jacobs
About us
Solutions
Careers
Newsroom
Investors
Search jobs
Life at Jacobs
Events
Early careers
Military & veteran talent
Login
Careers
Let's see the impact we can create together.
Search jobs
Job Detail
Project Manager (LSNA-CA)
Apply
Share
Location
San Francisco, California, United States
Capabilities
Project Management
Office Setup
Hybrid
Job ID
#41297
At Jacobs, we're challenging today to reinvent tomorrow by solving the world's most critical problems for thriving cities, resilient environments, mission-critical outcomes, operational advancement, scientific discovery and cutting-edge manufacturing, turning abstract ideas into realities that transform the world for good.
Your impact
When it comes to engineering and construction, we don’t just look at what’s in front of us. We’re creating for what’s next.  

As a Project Management Professional, you will join our collaborative team providing our clients with award-winning planning, engineering, architectural design, and quality ","Jacobs
About us
Solutions
Careers
Newsroom
Investors
Search jobs
Life at Jacobs
Events
Early careers
Military & veteran talent
Login
Careers
Let's see the impact we can create together.
Search jobs
Job Detail
Project Manager (LSNA-CA)
Apply
Share
Location
San Francisco, California, United States
Capabilities
Project Management
Office Setup
Hybrid
Job ID
#41297
At Jacobs, we're challenging today to reinvent tomorrow by solving the world's most critical problems for thriving cities, resilient environments, mission-critical outcomes, operational advancement, scientific discovery and cutting-edge manufacturing, turning abstract ideas into realities that transform the world for good.
Your impact
When it comes to engineering and construction, we don’t just look at what’s in front of us. We’re creating for what’s next.  

As a Project Management Professional, you will join our collaborative team providing our clients with award-winning planning, engineering, architectural design, and quality ",,2026-06-25_14-36-27
"Stormwater/Collections Operator - Key West, FL ($12,000/year COLA)","Key West, Florida, United States",Jacobs,Operations and Maintenance,https://careers.jacobs.com/en_US/careers/JobDetail/Stormwater-Collections-Operator-Key-West-FL-12-000-year-COLA/41294,"Jacobs
About us
Solutions
Careers
Newsroom
Investors
Search jobs
Life at Jacobs
Events
Early careers
Military & veteran talent
Login
Careers
Let's see the impact we can create together.
Search jobs
Job Detail
Stormwater/Collections Operator - Key West, FL ($12,000/year COLA)
Apply
Share
Location
Key West, Florida, United States
Capabilities
Operations and Maintenance
Office Setup
Office/Onsite
Job ID
#41294
At Jacobs, we're challenging today to reinvent tomorrow by solving the world's most critical problems for thriving cities, resilient environments, mission-critical outcomes, operational advancement, scientific discovery and cutting-edge manufacturing, turning abstract ideas into realities that transform the world for good.
Your impact
At Jacobs, we challenge what is currently accepted, so we can shape innovative and lasting solutions for tomorrow. Through the delivery of our operations and maintenance services, you’ll make it simpler and more seamless for our municipal clients to op","Jacobs
About us
Solutions
Careers
Newsroom
Investors
Search jobs
Life at Jacobs
Events
Early careers
Military & veteran talent
Login
Careers
Let's see the impact we can create together.
Search jobs
Job Detail
Stormwater/Collections Operator - Key West, FL ($12,000/year COLA)
Apply
Share
Location
Key West, Florida, United States
Capabilities
Operations and Maintenance
Office Setup
Office/Onsite
Job ID
#41294
At Jacobs, we're challenging today to reinvent tomorrow by solving the world's most critical problems for thriving cities, resilient environments, mission-critical outcomes, operational advancement, scientific discovery and cutting-edge manufacturing, turning abstract ideas into realities that transform the world for good.
Your impact
At Jacobs, we challenge what is currently accepted, so we can shape innovative and lasting solutions for tomorrow. Through the delivery of our operations and maintenance services, you’ll make it simpler and more seamless for our municipal clients to op",,2026-06-25_14-36-33
"Industrial Pre-Treatment Coordinator - Hood River, OR","Hood River, Oregon, United States",Jacobs,Operations and Maintenance,https://careers.jacobs.com/en_US/careers/JobDetail/Industrial-Pre-Treatment-Coordinator-Hood-River-OR/41291,"Jacobs
About us
Solutions
Careers
Newsroom
Investors
Search jobs
Life at Jacobs
Events
Early careers
Military & veteran talent
Login
Careers
Let's see the impact we can create together.
Search jobs
Job Detail
Industrial Pre-Treatment Coordinator - Hood River, OR
Apply
Share
Location
Hood River, Oregon, United States
Capabilities
Operations and Maintenance
Office Setup
Office/Onsite
Job ID
#41291
At Jacobs, we're challenging today to reinvent tomorrow by solving the world's most critical problems for thriving cities, resilient environments, mission-critical outcomes, operational advancement, scientific discovery and cutting-edge manufacturing, turning abstract ideas into realities that transform the world for good.
Your impact
At Jacobs, we’re challenging today to reinvent tomorrow by solving the world’s most critical infrastructure and environmental challenges. As an Industrial Pretreatment Coordinator, you’ll play a key role in protecting public health and the environment by ensuring ","Jacobs
About us
Solutions
Careers
Newsroom
Investors
Search jobs
Life at Jacobs
Events
Early careers
Military & veteran talent
Login
Careers
Let's see the impact we can create together.
Search jobs
Job Detail
Industrial Pre-Treatment Coordinator - Hood River, OR
Apply
Share
Location
Hood River, Oregon, United States
Capabilities
Operations and Maintenance
Office Setup
Office/Onsite
Job ID
#41291
At Jacobs, we're challenging today to reinvent tomorrow by solving the world's most critical problems for thriving cities, resilient environments, mission-critical outcomes, operational advancement, scientific discovery and cutting-edge manufacturing, turning abstract ideas into realities that transform the world for good.
Your impact
At Jacobs, we’re challenging today to reinvent tomorrow by solving the world’s most critical infrastructure and environmental challenges. As an Industrial Pretreatment Coordinator, you’ll play a key role in protecting public health and the environment by ensuring ",,2026-06-25_14-36-38
Federal PMCM Senior Program Manager,"Pensacola, Florida, United States",Jacobs,Construction,https://careers.jacobs.com/en_US/careers/JobDetail/Federal-PMCM-Senior-Program-Manager/41290,"Jacobs
About us
Solutions
Careers
Newsroom
Investors
Search jobs
Life at Jacobs
Events
Early careers
Military & veteran talent
Login
Careers
Let's see the impact we can create together.
Search jobs
Job Detail
Federal PMCM Senior Program Manager
Apply
Share
Location
Pensacola, Florida, United States
Capabilities
Construction
Office Setup
Hybrid
Job ID
#41290
At Jacobs, we're challenging today to reinvent tomorrow by solving the world's most critical problems for thriving cities, resilient environments, mission-critical outcomes, operational advancement, scientific discovery and cutting-edge manufacturing, turning abstract ideas into realities that transform the world for good.
Your impact
We are looking for a highly motivated Project Management / Construction Management (PM/CM) Delivery Leader with a history of selling and delivering professional services in support of Army, Air Force, and Navy projects and programs.   
You’ll have the chance to work on large capital projects across the","Jacobs
About us
Solutions
Careers
Newsroom
Investors
Search jobs
Life at Jacobs
Events
Early careers
Military & veteran talent
Login
Careers
Let's see the impact we can create together.
Search jobs
Job Detail
Federal PMCM Senior Program Manager
Apply
Share
Location
Pensacola, Florida, United States
Capabilities
Construction
Office Setup
Hybrid
Job ID
#41290
At Jacobs, we're challenging today to reinvent tomorrow by solving the world's most critical problems for thriving cities, resilient environments, mission-critical outcomes, operational advancement, scientific discovery and cutting-edge manufacturing, turning abstract ideas into realities that transform the world for good.
Your impact
We are looking for a highly motivated Project Management / Construction Management (PM/CM) Delivery Leader with a history of selling and delivering professional services in support of Army, Air Force, and Navy projects and programs.   
You’ll have the chance to work on large capital projects across the",,2026-06-25_14-36-44
Owner’s Advisor/Program Manager – Energy & Power (Pacific NW),"Portland, Oregon, United States",Jacobs,Project Management,https://careers.jacobs.com/en_US/careers/JobDetail/Owner-s-Advisor-Program-Manager-Energy-Power-Pacific-NW/41289,"Jacobs
About us
Solutions
Careers
Newsroom
Investors
Search jobs
Life at Jacobs
Events
Early careers
Military & veteran talent
Login
Careers
Let's see the impact we can create together.
Search jobs
Job Detail
Owner’s Advisor/Program Manager – Energy & Power (Pacific NW)
Apply
Share
Location
Portland, Oregon, United States
Capabilities
Project Management
Office Setup
Hybrid
Job ID
#41289
At Jacobs, we're challenging today to reinvent tomorrow by solving the world's most critical problems for thriving cities, resilient environments, mission-critical outcomes, operational advancement, scientific discovery and cutting-edge manufacturing, turning abstract ideas into realities that transform the world for good.
Your impact
Start your Jacobs career with a company that inspires and empowers you to deliver your best work so you can evolve, grow and succeed – today and into tomorrow.    
At Jacobs, we’re not just building structures. We’re helping our clients innovate and grow by designing, engi","Jacobs
About us
Solutions
Careers
Newsroom
Investors
Search jobs
Life at Jacobs
Events
Early careers
Military & veteran talent
Login
Careers
Let's see the impact we can create together.
Search jobs
Job Detail
Owner’s Advisor/Program Manager – Energy & Power (Pacific NW)
Apply
Share
Location
Portland, Oregon, United States
Capabilities
Project Management
Office Setup
Hybrid
Job ID
#41289
At Jacobs, we're challenging today to reinvent tomorrow by solving the world's most critical problems for thriving cities, resilient environments, mission-critical outcomes, operational advancement, scientific discovery and cutting-edge manufacturing, turning abstract ideas into realities that transform the world for good.
Your impact
Start your Jacobs career with a company that inspires and empowers you to deliver your best work so you can evolve, grow and succeed – today and into tomorrow.    
At Jacobs, we’re not just building structures. We’re helping our clients innovate and grow by designing, engi",,2026-06-25_14-36-50
Project Manager,"Albany, New York, United States",Jacobs,Project Management,https://careers.jacobs.com/en_US/careers/JobDetail/Project-Manager/41287,"Jacobs
About us
Solutions
Careers
Newsroom
Investors
Search jobs
Life at Jacobs
Events
Early careers
Military & veteran talent
Login
Careers
Let's see the impact we can create together.
Search jobs
Job Detail
Project Manager
Apply
Share
Location
Albany, New York, United States
Capabilities
Project Management
Office Setup
Office/Onsite
Job ID
#41287
At Jacobs, we're challenging today to reinvent tomorrow by solving the world's most critical problems for thriving cities, resilient environments, mission-critical outcomes, operational advancement, scientific discovery and cutting-edge manufacturing, turning abstract ideas into realities that transform the world for good.
Your impact
At Jacobs, our Program Management and Construction Management (PM/CM) team works seamlessly with clients by delivering projects and programs to achieve our clients’ goals. Whether it’s managing construction or designing buildings, solutions are continuously being implemented. What we do is more than constructio","Jacobs
About us
Solutions
Careers
Newsroom
Investors
Search jobs
Life at Jacobs
Events
Early careers
Military & veteran talent
Login
Careers
Let's see the impact we can create together.
Search jobs
Job Detail
Project Manager
Apply
Share
Location
Albany, New York, United States
Capabilities
Project Management
Office Setup
Office/Onsite
Job ID
#41287
At Jacobs, we're challenging today to reinvent tomorrow by solving the world's most critical problems for thriving cities, resilient environments, mission-critical outcomes, operational advancement, scientific discovery and cutting-edge manufacturing, turning abstract ideas into realities that transform the world for good.
Your impact
At Jacobs, our Program Management and Construction Management (PM/CM) team works seamlessly with clients by delivering projects and programs to achieve our clients’ goals. Whether it’s managing construction or designing buildings, solutions are continuously being implemented. What we do is more than constructio",,2026-06-25_14-36-55
Entry Level Electrical Engineer - Data Centers,"Pittsburgh, Pennsylvania, United States",Jacobs,Electrical,https://careers.jacobs.com/en_US/careers/JobDetail/Entry-Level-Electrical-Engineer-Data-Centers/41286,"Jacobs
About us
Solutions
Careers
Newsroom
Investors
Search jobs
Life at Jacobs
Events
Early careers
Military & veteran talent
Login
Careers
Let's see the impact we can create together.
Search jobs
Job Detail
Entry Level Electrical Engineer - Data Centers
Apply
Share
Location
Pittsburgh, Pennsylvania, United States
Capabilities
Electrical
Office Setup
Hybrid
Job ID
#41286
At Jacobs, we're challenging today to reinvent tomorrow by solving the world's most critical problems for thriving cities, resilient environments, mission-critical outcomes, operational advancement, scientific discovery and cutting-edge manufacturing, turning abstract ideas into realities that transform the world for good.
Your impact
We’re looking for an Entry-Level Electrical Engineer who is excited about working on projects that enable the heart of our clients’ business. Join us and you’ll have the chance to work on projects including steel and aluminum manufacturing facilities as well as other industrial and manuf","Jacobs
About us
Solutions
Careers
Newsroom
Investors
Search jobs
Life at Jacobs
Events
Early careers
Military & veteran talent
Login
Careers
Let's see the impact we can create together.
Search jobs
Job Detail
Entry Level Electrical Engineer - Data Centers
Apply
Share
Location
Pittsburgh, Pennsylvania, United States
Capabilities
Electrical
Office Setup
Hybrid
Job ID
#41286
At Jacobs, we're challenging today to reinvent tomorrow by solving the world's most critical problems for thriving cities, resilient environments, mission-critical outcomes, operational advancement, scientific discovery and cutting-edge manufacturing, turning abstract ideas into realities that transform the world for good.
Your impact
We’re looking for an Entry-Level Electrical Engineer who is excited about working on projects that enable the heart of our clients’ business. Join us and you’ll have the chance to work on projects including steel and aluminum manufacturing facilities as well as other industrial and manuf",,2026-06-25_14-37-01
Civil/Structural/Arch Construction Technical Services Specialist,"Spartanburg, South Carolina, United States",Jacobs,Enterprise Functions,https://careers.jacobs.com/en_US/careers/JobDetail/Civil-Structural-Arch-Construction-Technical-Services-Specialist/41285,"Jacobs
About us
Solutions
Careers
Newsroom
Investors
Search jobs
Life at Jacobs
Events
Early careers
Military & veteran talent
Login
Careers
Let's see the impact we can create together.
Search jobs
Job Detail
Civil/Structural/Arch Construction Technical Services Specialist
Apply
Share
Location
Spartanburg, South Carolina, United States
Capabilities
Enterprise Functions
Office Setup
Hybrid
Job ID
#41285
At Jacobs, we're challenging today to reinvent tomorrow by solving the world's most critical problems for thriving cities, resilient environments, mission-critical outcomes, operational advancement, scientific discovery and cutting-edge manufacturing, turning abstract ideas into realities that transform the world for good.
Your impact
Our People & Places Solutions business – reinforces our drive to improve the lives of people everywhere and epitomizes the ""why"" of what we do – the tremendous positive impact and value our solutions bring to our communities and society as a whole. From fac","Jacobs
About us
Solutions
Careers
Newsroom
Investors
Search jobs
Life at Jacobs
Events
Early careers
Military & veteran talent
Login
Careers
Let's see the impact we can create together.
Search jobs
Job Detail
Civil/Structural/Arch Construction Technical Services Specialist
Apply
Share
Location
Spartanburg, South Carolina, United States
Capabilities
Enterprise Functions
Office Setup
Hybrid
Job ID
#41285
At Jacobs, we're challenging today to reinvent tomorrow by solving the world's most critical problems for thriving cities, resilient environments, mission-critical outcomes, operational advancement, scientific discovery and cutting-edge manufacturing, turning abstract ideas into realities that transform the world for good.
Your impact
Our People & Places Solutions business – reinforces our drive to improve the lives of people everywhere and epitomizes the ""why"" of what we do – the tremendous positive impact and value our solutions bring to our communities and society as a whole. From fac",,2026-06-25_14-37-07
Senior Electrical Engineering Project Discipline Lead: Gas Power Generation,"Denver, Colorado, United States",Jacobs,Electrical,https://careers.jacobs.com/en_US/careers/JobDetail/Senior-Electrical-Engineering-Project-Discipline-Lead-Gas-Power-Generation/41284,"Jacobs
About us
Solutions
Careers
Newsroom
Investors
Search jobs
Life at Jacobs
Events
Early careers
Military & veteran talent
Login
Careers
Let's see the impact we can create together.
Search jobs
Job Detail
Senior Electrical Engineering Project Discipline Lead: Gas Power Generation
Apply
Share
Location
Denver, Colorado, United States
Capabilities
Electrical
Office Setup
Hybrid
Job ID
#41284
At Jacobs, we're challenging today to reinvent tomorrow by solving the world's most critical problems for thriving cities, resilient environments, mission-critical outcomes, operational advancement, scientific discovery and cutting-edge manufacturing, turning abstract ideas into realities that transform the world for good.
Your impact
The energy industry is undergoing rapid and dramatic changes, transforming the utility landscape to enhance reliability and sustainability. In response, Jacobs is expanding its Energy & Power Solutions team to tackle the complexities of energy resiliency with drivers","Jacobs
About us
Solutions
Careers
Newsroom
Investors
Search jobs
Life at Jacobs
Events
Early careers
Military & veteran talent
Login
Careers
Let's see the impact we can create together.
Search jobs
Job Detail
Senior Electrical Engineering Project Discipline Lead: Gas Power Generation
Apply
Share
Location
Denver, Colorado, United States
Capabilities
Electrical
Office Setup
Hybrid
Job ID
#41284
At Jacobs, we're challenging today to reinvent tomorrow by solving the world's most critical problems for thriving cities, resilient environments, mission-critical outcomes, operational advancement, scientific discovery and cutting-edge manufacturing, turning abstract ideas into realities that transform the world for good.
Your impact
The energy industry is undergoing rapid and dramatic changes, transforming the utility landscape to enhance reliability and sustainability. In response, Jacobs is expanding its Energy & Power Solutions team to tackle the complexities of energy resiliency with drivers",,2026-06-25_14-37-13
Electrical Technical Services Lead,"Baton Rouge, Louisiana, United States",Jacobs,Enterprise Functions,https://careers.jacobs.com/en_US/careers/JobDetail/Electrical-Technical-Services-Lead/41283,"Jacobs
About us
Solutions
Careers
Newsroom
Investors
Search jobs
Life at Jacobs
Events
Early careers
Military & veteran talent
Login
Careers
Let's see the impact we can create together.
Search jobs
Job Detail
Electrical Technical Services Lead
Apply
Share
Location
Baton Rouge, Louisiana, United States
Capabilities
Enterprise Functions
Office Setup
Hybrid
Job ID
#41283
At Jacobs, we're challenging today to reinvent tomorrow by solving the world's most critical problems for thriving cities, resilient environments, mission-critical outcomes, operational advancement, scientific discovery and cutting-edge manufacturing, turning abstract ideas into realities that transform the world for good.
Your impact
Our People & Places Solutions business – reinforces our drive to improve the lives of people everywhere and epitomizes the ""why"" of what we do – the tremendous positive impact and value our solutions bring to our communities and society as a whole. From facilities delivering life-saving ther","Jacobs
About us
Solutions
Careers
Newsroom
Investors
Search jobs
Life at Jacobs
Events
Early careers
Military & veteran talent
Login
Careers
Let's see the impact we can create together.
Search jobs
Job Detail
Electrical Technical Services Lead
Apply
Share
Location
Baton Rouge, Louisiana, United States
Capabilities
Enterprise Functions
Office Setup
Hybrid
Job ID
#41283
At Jacobs, we're challenging today to reinvent tomorrow by solving the world's most critical problems for thriving cities, resilient environments, mission-critical outcomes, operational advancement, scientific discovery and cutting-edge manufacturing, turning abstract ideas into realities that transform the world for good.
Your impact
Our People & Places Solutions business – reinforces our drive to improve the lives of people everywhere and epitomizes the ""why"" of what we do – the tremendous positive impact and value our solutions bring to our communities and society as a whole. From facilities delivering life-saving ther",,2026-06-25_14-37-19
Entry Level Environmental Engineer/Geologist (Anchorage),"Anchorage, Alaska, United States",Jacobs,Environmental,https://careers.jacobs.com/en_US/careers/JobDetail/Entry-Level-Environmental-Engineer-Geologist-Anchorage/41282,"Jacobs
About us
Solutions
Careers
Newsroom
Investors
Search jobs
Life at Jacobs
Events
Early careers
Military & veteran talent
Login
Careers
Let's see the impact we can create together.
Search jobs
Job Detail
Entry Level Environmental Engineer/Geologist (Anchorage)
Apply
Share
Location
Anchorage, Alaska, United States
Capabilities
Environmental
Office Setup
Hybrid
Job ID
#41282
At Jacobs, we're challenging today to reinvent tomorrow by solving the world's most critical problems for thriving cities, resilient environments, mission-critical outcomes, operational advancement, scientific discovery and cutting-edge manufacturing, turning abstract ideas into realities that transform the world for good.
Your impact
We are looking for an Entry-Level Environmental Geologist or Engineer to join our Anchorage, AK Environmental team. 
When it comes to the most challenging environmental issues facing our communities today, we’re focused on developing and delivering the most innovative solutions to ","Jacobs
About us
Solutions
Careers
Newsroom
Investors
Search jobs
Life at Jacobs
Events
Early careers
Military & veteran talent
Login
Careers
Let's see the impact we can create together.
Search jobs
Job Detail
Entry Level Environmental Engineer/Geologist (Anchorage)
Apply
Share
Location
Anchorage, Alaska, United States
Capabilities
Environmental
Office Setup
Hybrid
Job ID
#41282
At Jacobs, we're challenging today to reinvent tomorrow by solving the world's most critical problems for thriving cities, resilient environments, mission-critical outcomes, operational advancement, scientific discovery and cutting-edge manufacturing, turning abstract ideas into realities that transform the world for good.
Your impact
We are looking for an Entry-Level Environmental Geologist or Engineer to join our Anchorage, AK Environmental team. 
When it comes to the most challenging environmental issues facing our communities today, we’re focused on developing and delivering the most innovative solutions to ",,2026-06-25_14-37-25
Project Engineer,"Albany, New York, United States",Jacobs,Project Management,https://careers.jacobs.com/en_US/careers/JobDetail/Project-Engineer/41280,"Jacobs
About us
Solutions
Careers
Newsroom
Investors
Search jobs
Life at Jacobs
Events
Early careers
Military & veteran talent
Login
Careers
Let's see the impact we can create together.
Search jobs
Job Detail
Project Engineer
Apply
Share
Location
Albany, New York, United States
Capabilities
Project Management
Office Setup
Office/Onsite
Job ID
#41280
At Jacobs, we're challenging today to reinvent tomorrow by solving the world's most critical problems for thriving cities, resilient environments, mission-critical outcomes, operational advancement, scientific discovery and cutting-edge manufacturing, turning abstract ideas into realities that transform the world for good.
Your impact
At Jacobs, our Program Management and Construction Management (PM/CM) team works seamlessly with clients by delivering projects and programs to achieve our clients’ goals. Whether it’s managing construction or designing buildings, solutions are continuously being implemented. What we do is more than constructi","Jacobs
About us
Solutions
Careers
Newsroom
Investors
Search jobs
Life at Jacobs
Events
Early careers
Military & veteran talent
Login
Careers
Let's see the impact we can create together.
Search jobs
Job Detail
Project Engineer
Apply
Share
Location
Albany, New York, United States
Capabilities
Project Management
Office Setup
Office/Onsite
Job ID
#41280
At Jacobs, we're challenging today to reinvent tomorrow by solving the world's most critical problems for thriving cities, resilient environments, mission-critical outcomes, operational advancement, scientific discovery and cutting-edge manufacturing, turning abstract ideas into realities that transform the world for good.
Your impact
At Jacobs, our Program Management and Construction Management (PM/CM) team works seamlessly with clients by delivering projects and programs to achieve our clients’ goals. Whether it’s managing construction or designing buildings, solutions are continuously being implemented. What we do is more than constructi",,2026-06-25_14-37-30
Project Digital Delivery Lead (41279),"Portland, Oregon, United States",Jacobs,Digital and Data,https://careers.jacobs.com/en_US/careers/JobDetail/Project-Digital-Delivery-Lead-41279/41279,"Jacobs
About us
Solutions
Careers
Newsroom
Investors
Search jobs
Life at Jacobs
Events
Early careers
Military & veteran talent
Login
Careers
Let's see the impact we can create together.
Search jobs
Job Detail
Project Digital Delivery Lead (41279)
Apply
Share
Location
Portland, Oregon, United States
Capabilities
Digital and Data
Office Setup
Hybrid
Job ID
#41279
At Jacobs, we're challenging today to reinvent tomorrow by solving the world's most critical problems for thriving cities, resilient environments, mission-critical outcomes, operational advancement, scientific discovery and cutting-edge manufacturing, turning abstract ideas into realities that transform the world for good.
Your impact
The Project Digital Delivery Lead is responsible for planning, coordinating, and supporting the successful execution of digital delivery and BIM-related activities on assigned projects. This role works in partnership with the Project Manager, Design Manager, discipline leads, and Digital Delivery l","Jacobs
About us
Solutions
Careers
Newsroom
Investors
Search jobs
Life at Jacobs
Events
Early careers
Military & veteran talent
Login
Careers
Let's see the impact we can create together.
Search jobs
Job Detail
Project Digital Delivery Lead (41279)
Apply
Share
Location
Portland, Oregon, United States
Capabilities
Digital and Data
Office Setup
Hybrid
Job ID
#41279
At Jacobs, we're challenging today to reinvent tomorrow by solving the world's most critical problems for thriving cities, resilient environments, mission-critical outcomes, operational advancement, scientific discovery and cutting-edge manufacturing, turning abstract ideas into realities that transform the world for good.
Your impact
The Project Digital Delivery Lead is responsible for planning, coordinating, and supporting the successful execution of digital delivery and BIM-related activities on assigned projects. This role works in partnership with the Project Manager, Design Manager, discipline leads, and Digital Delivery l",,2026-06-25_14-37-36
Utility Permit Coordinator,"Atlanta, Georgia, United States",Jacobs,Construction,https://careers.jacobs.com/en_US/careers/JobDetail/Utility-Permit-Coordinator/41277,"Jacobs
About us
Solutions
Careers
Newsroom
Investors
Search jobs
Life at Jacobs
Events
Early careers
Military & veteran talent
Login
Careers
Let's see the impact we can create together.
Search jobs
Job Detail
Utility Permit Coordinator
Apply
Share
Location
Atlanta, Georgia, United States
Capabilities
Construction
Office Setup
Office/Onsite
Job ID
#41277
At Jacobs, we're challenging today to reinvent tomorrow by solving the world's most critical problems for thriving cities, resilient environments, mission-critical outcomes, operational advancement, scientific discovery and cutting-edge manufacturing, turning abstract ideas into realities that transform the world for good.
Your impact
Thriving communities. Healthy cities. A brighter future. What we do is more than building roads, we work every day to make the world better for everyone. If you want to join a company invested in you, your success, and the global community – join us as a Utility Permit Coordinator.
 As a vital member of ou","Jacobs
About us
Solutions
Careers
Newsroom
Investors
Search jobs
Life at Jacobs
Events
Early careers
Military & veteran talent
Login
Careers
Let's see the impact we can create together.
Search jobs
Job Detail
Utility Permit Coordinator
Apply
Share
Location
Atlanta, Georgia, United States
Capabilities
Construction
Office Setup
Office/Onsite
Job ID
#41277
At Jacobs, we're challenging today to reinvent tomorrow by solving the world's most critical problems for thriving cities, resilient environments, mission-critical outcomes, operational advancement, scientific discovery and cutting-edge manufacturing, turning abstract ideas into realities that transform the world for good.
Your impact
Thriving communities. Healthy cities. A brighter future. What we do is more than building roads, we work every day to make the world better for everyone. If you want to join a company invested in you, your success, and the global community – join us as a Utility Permit Coordinator.
 As a vital member of ou",,2026-06-25_14-37-41
Account Strategist - Water,"Philadelphia, Pennsylvania, United States",Jacobs,Business and Sales,https://careers.jacobs.com/en_US/careers/JobDetail/Account-Strategist-Water/41274,"Jacobs
About us
Solutions
Careers
Newsroom
Investors
Search jobs
Life at Jacobs
Events
Early careers
Military & veteran talent
Login
Careers
Let's see the impact we can create together.
Search jobs
Job Detail
Account Strategist - Water
Apply
Share
Location
Philadelphia, Pennsylvania, United States
Capabilities
Business and Sales
Office Setup
Hybrid
Job ID
#41274
At Jacobs, we're challenging today to reinvent tomorrow by solving the world's most critical problems for thriving cities, resilient environments, mission-critical outcomes, operational advancement, scientific discovery and cutting-edge manufacturing, turning abstract ideas into realities that transform the world for good.
Your impact
As a fundamental member of the sales team, the Account Strategist will help lead effective facilitation and strategy development for select clients and opportunities in the East Region. In this role you'll be a vital member of Jacobs' East Central (EC) Sales team and play a key role in helping ach","Jacobs
About us
Solutions
Careers
Newsroom
Investors
Search jobs
Life at Jacobs
Events
Early careers
Military & veteran talent
Login
Careers
Let's see the impact we can create together.
Search jobs
Job Detail
Account Strategist - Water
Apply
Share
Location
Philadelphia, Pennsylvania, United States
Capabilities
Business and Sales
Office Setup
Hybrid
Job ID
#41274
At Jacobs, we're challenging today to reinvent tomorrow by solving the world's most critical problems for thriving cities, resilient environments, mission-critical outcomes, operational advancement, scientific discovery and cutting-edge manufacturing, turning abstract ideas into realities that transform the world for good.
Your impact
As a fundamental member of the sales team, the Account Strategist will help lead effective facilitation and strategy development for select clients and opportunities in the East Region. In this role you'll be a vital member of Jacobs' East Central (EC) Sales team and play a key role in helping ach",,2026-06-25_14-37-47
Mechanical Designer (Data Centers),"Pittsburgh, Pennsylvania, United States",Jacobs,Architecture and Interiors,https://careers.jacobs.com/en_US/careers/JobDetail/Mechanical-Designer-Data-Centers/41269,"Jacobs
About us
Solutions
Careers
Newsroom
Investors
Search jobs
Life at Jacobs
Events
Early careers
Military & veteran talent
Login
Careers
Let's see the impact we can create together.
Search jobs
Job Detail
Mechanical Designer (Data Centers)
Apply
Share
Location
Pittsburgh, Pennsylvania, United States
Capabilities
Architecture and Interiors
Office Setup
Hybrid
Job ID
#41269
At Jacobs, we're challenging today to reinvent tomorrow by solving the world's most critical problems for thriving cities, resilient environments, mission-critical outcomes, operational advancement, scientific discovery and cutting-edge manufacturing, turning abstract ideas into realities that transform the world for good.
Your impact
This job opportunity is available at ANY location in the United States. Ideally, selected candidates will be near a JACOBS U.S. based office, but we intend to hire the ""best"" candidates.

At Jacobs, we drive to make a positive impact on people’s lives everywhere by bringing solutions","Jacobs
About us
Solutions
Careers
Newsroom
Investors
Search jobs
Life at Jacobs
Events
Early careers
Military & veteran talent
Login
Careers
Let's see the impact we can create together.
Search jobs
Job Detail
Mechanical Designer (Data Centers)
Apply
Share
Location
Pittsburgh, Pennsylvania, United States
Capabilities
Architecture and Interiors
Office Setup
Hybrid
Job ID
#41269
At Jacobs, we're challenging today to reinvent tomorrow by solving the world's most critical problems for thriving cities, resilient environments, mission-critical outcomes, operational advancement, scientific discovery and cutting-edge manufacturing, turning abstract ideas into realities that transform the world for good.
Your impact
This job opportunity is available at ANY location in the United States. Ideally, selected candidates will be near a JACOBS U.S. based office, but we intend to hire the ""best"" candidates.

At Jacobs, we drive to make a positive impact on people’s lives everywhere by bringing solutions",,2026-06-25_14-37-53
Entry Level Environmental Remediation Professional (Kansas City),"Kansas City, Missouri, United States",Jacobs,Environmental,https://careers.jacobs.com/en_US/careers/JobDetail/Entry-Level-Environmental-Remediation-Professional-Kansas-City/41268,"Jacobs
About us
Solutions
Careers
Newsroom
Investors
Search jobs
Life at Jacobs
Events
Early careers
Military & veteran talent
Login
Careers
Let's see the impact we can create together.
Search jobs
Job Detail
Entry Level Environmental Remediation Professional (Kansas City)
Apply
Share
Location
Kansas City, Missouri, United States
Capabilities
Environmental
Office Setup
Hybrid
Job ID
#41268
At Jacobs, we're challenging today to reinvent tomorrow by solving the world's most critical problems for thriving cities, resilient environments, mission-critical outcomes, operational advancement, scientific discovery and cutting-edge manufacturing, turning abstract ideas into realities that transform the world for good.
Your impact
We are looking for an Entry-Level Environmental Remediation Professional to join our Kansas City, MO Environmental team. 
When it comes to the most challenging environmental issues facing our communities today, we’re focused on developing and delivering the most innovat","Jacobs
About us
Solutions
Careers
Newsroom
Investors
Search jobs
Life at Jacobs
Events
Early careers
Military & veteran talent
Login
Careers
Let's see the impact we can create together.
Search jobs
Job Detail
Entry Level Environmental Remediation Professional (Kansas City)
Apply
Share
Location
Kansas City, Missouri, United States
Capabilities
Environmental
Office Setup
Hybrid
Job ID
#41268
At Jacobs, we're challenging today to reinvent tomorrow by solving the world's most critical problems for thriving cities, resilient environments, mission-critical outcomes, operational advancement, scientific discovery and cutting-edge manufacturing, turning abstract ideas into realities that transform the world for good.
Your impact
We are looking for an Entry-Level Environmental Remediation Professional to join our Kansas City, MO Environmental team. 
When it comes to the most challenging environmental issues facing our communities today, we’re focused on developing and delivering the most innovat",,2026-06-25_14-37-59
Site/Civil Engineer,"Kansas City, Missouri, United States",Jacobs,Civil and Structural,https://careers.jacobs.com/en_US/careers/JobDetail/Site-Civil-Engineer/41264,"Jacobs
About us
Solutions
Careers
Newsroom
Investors
Search jobs
Life at Jacobs
Events
Early careers
Military & veteran talent
Login
Careers
Let's see the impact we can create together.
Search jobs
Job Detail
Site/Civil Engineer
Apply
Share
Location
Kansas City, Missouri, United States
Capabilities
Civil and Structural
Office Setup
Hybrid
Job ID
#41264
At Jacobs, we're challenging today to reinvent tomorrow by solving the world's most critical problems for thriving cities, resilient environments, mission-critical outcomes, operational advancement, scientific discovery and cutting-edge manufacturing, turning abstract ideas into realities that transform the world for good.
Your impact
We challenge what is currently accepted so we can shape innovative and lasting solutions for tomorrow. We apply our expertise and knowledge as we look into the future with great optimism and focus. Bring your curiosity, talent for multi-tasking and collaboration, and extreme organizational skills, and we’ll","Jacobs
About us
Solutions
Careers
Newsroom
Investors
Search jobs
Life at Jacobs
Events
Early careers
Military & veteran talent
Login
Careers
Let's see the impact we can create together.
Search jobs
Job Detail
Site/Civil Engineer
Apply
Share
Location
Kansas City, Missouri, United States
Capabilities
Civil and Structural
Office Setup
Hybrid
Job ID
#41264
At Jacobs, we're challenging today to reinvent tomorrow by solving the world's most critical problems for thriving cities, resilient environments, mission-critical outcomes, operational advancement, scientific discovery and cutting-edge manufacturing, turning abstract ideas into realities that transform the world for good.
Your impact
We challenge what is currently accepted so we can shape innovative and lasting solutions for tomorrow. We apply our expertise and knowledge as we look into the future with great optimism and focus. Bring your curiosity, talent for multi-tasking and collaboration, and extreme organizational skills, and we’ll",,2026-06-25_14-38-05
Project Digital Delivery Coordinator (41251),"Portland, Oregon, United States",Jacobs,Digital and Data,https://careers.jacobs.com/en_US/careers/JobDetail/Project-Digital-Delivery-Coordinator-41251/41251,"Jacobs
About us
Solutions
Careers
Newsroom
Investors
Search jobs
Life at Jacobs
Events
Early careers
Military & veteran talent
Login
Careers
Let's see the impact we can create together.
Search jobs
Job Detail
Project Digital Delivery Coordinator (41251)
Apply
Share
Location
Portland, Oregon, United States
Capabilities
Digital and Data
Office Setup
Hybrid
Job ID
#41251
At Jacobs, we're challenging today to reinvent tomorrow by solving the world's most critical problems for thriving cities, resilient environments, mission-critical outcomes, operational advancement, scientific discovery and cutting-edge manufacturing, turning abstract ideas into realities that transform the world for good.
Your impact
The Project Digital Delivery Coordinator supports the planning, coordination, and execution of digital delivery and BIM-related activities on assigned projects. Working under the direction of a Project Digital Delivery Lead, Digital Delivery Manager, Project Manager, Design Manager, or disci","Jacobs
About us
Solutions
Careers
Newsroom
Investors
Search jobs
Life at Jacobs
Events
Early careers
Military & veteran talent
Login
Careers
Let's see the impact we can create together.
Search jobs
Job Detail
Project Digital Delivery Coordinator (41251)
Apply
Share
Location
Portland, Oregon, United States
Capabilities
Digital and Data
Office Setup
Hybrid
Job ID
#41251
At Jacobs, we're challenging today to reinvent tomorrow by solving the world's most critical problems for thriving cities, resilient environments, mission-critical outcomes, operational advancement, scientific discovery and cutting-edge manufacturing, turning abstract ideas into realities that transform the world for good.
Your impact
The Project Digital Delivery Coordinator supports the planning, coordination, and execution of digital delivery and BIM-related activities on assigned projects. Working under the direction of a Project Digital Delivery Lead, Digital Delivery Manager, Project Manager, Design Manager, or disci",,2026-06-25_14-38-10
Electrical Engineer Jr. (Data Centers),"New York, New York, United States",Jacobs,Electrical,https://careers.jacobs.com/en_US/careers/JobDetail/Electrical-Engineer-Jr-Data-Centers/41247,"Jacobs
About us
Solutions
Careers
Newsroom
Investors
Search jobs
Life at Jacobs
Events
Early careers
Military & veteran talent
Login
Careers
Let's see the impact we can create together.
Search jobs
Job Detail
Electrical Engineer Jr. (Data Centers)
Apply
Share
Location
New York, New York, United States
Capabilities
Electrical
Office Setup
Hybrid
Job ID
#41247
At Jacobs, we're challenging today to reinvent tomorrow by solving the world's most critical problems for thriving cities, resilient environments, mission-critical outcomes, operational advancement, scientific discovery and cutting-edge manufacturing, turning abstract ideas into realities that transform the world for good.
Your impact
This job opportunity is available at ANY location in the United States. Ideally, selected candidates will be near a JACOBS U.S. based office, but we intend to hire the ""best"" candidates.
At Jacobs, we drive to make a positive impact on people’s lives everywhere by bringing solutions and adding value t","Jacobs
About us
Solutions
Careers
Newsroom
Investors
Search jobs
Life at Jacobs
Events
Early careers
Military & veteran talent
Login
Careers
Let's see the impact we can create together.
Search jobs
Job Detail
Electrical Engineer Jr. (Data Centers)
Apply
Share
Location
New York, New York, United States
Capabilities
Electrical
Office Setup
Hybrid
Job ID
#41247
At Jacobs, we're challenging today to reinvent tomorrow by solving the world's most critical problems for thriving cities, resilient environments, mission-critical outcomes, operational advancement, scientific discovery and cutting-edge manufacturing, turning abstract ideas into realities that transform the world for good.
Your impact
This job opportunity is available at ANY location in the United States. Ideally, selected candidates will be near a JACOBS U.S. based office, but we intend to hire the ""best"" candidates.
At Jacobs, we drive to make a positive impact on people’s lives everywhere by bringing solutions and adding value t",,2026-06-25_14-38-16
Lead Technologist/ Project Manager – Energy Solutions Advisory,"Denver, Colorado, United States",Jacobs,Construction,https://careers.jacobs.com/en_US/careers/JobDetail/Lead-Technologist-Project-Manager-Energy-Solutions-Advisory/41246,"Jacobs
About us
Solutions
Careers
Newsroom
Investors
Search jobs
Life at Jacobs
Events
Early careers
Military & veteran talent
Login
Careers
Let's see the impact we can create together.
Search jobs
Job Detail
Lead Technologist/ Project Manager – Energy Solutions Advisory
Apply
Share
Location
Denver, Colorado, United States
Capabilities
Construction
Office Setup
Hybrid
Job ID
#41246
At Jacobs, we're challenging today to reinvent tomorrow by solving the world's most critical problems for thriving cities, resilient environments, mission-critical outcomes, operational advancement, scientific discovery and cutting-edge manufacturing, turning abstract ideas into realities that transform the world for good.
Your impact
The energy space is undergoing rapid and dramatic changes and Jacobs is expanding its Energy & Power team to support clients navigate the complexities of rapid deployment of reliable and sustainable energy solutions across multiple end markets.
 
 We are seeking an energy plann","Jacobs
About us
Solutions
Careers
Newsroom
Investors
Search jobs
Life at Jacobs
Events
Early careers
Military & veteran talent
Login
Careers
Let's see the impact we can create together.
Search jobs
Job Detail
Lead Technologist/ Project Manager – Energy Solutions Advisory
Apply
Share
Location
Denver, Colorado, United States
Capabilities
Construction
Office Setup
Hybrid
Job ID
#41246
At Jacobs, we're challenging today to reinvent tomorrow by solving the world's most critical problems for thriving cities, resilient environments, mission-critical outcomes, operational advancement, scientific discovery and cutting-edge manufacturing, turning abstract ideas into realities that transform the world for good.
Your impact
The energy space is undergoing rapid and dramatic changes and Jacobs is expanding its Energy & Power team to support clients navigate the complexities of rapid deployment of reliable and sustainable energy solutions across multiple end markets.
 
 We are seeking an energy plann",,2026-06-25_14-38-22
On Call Archaeologist,"Denver, Colorado, United States",Jacobs,Environmental,https://careers.jacobs.com/en_US/careers/JobDetail/On-Call-Archaeologist/41245,"Jacobs
About us
Solutions
Careers
Newsroom
Investors
Search jobs
Life at Jacobs
Events
Early careers
Military & veteran talent
Login
Careers
Let's see the impact we can create together.
Search jobs
Job Detail
On Call Archaeologist
Apply
Share
Location
Denver, Colorado, United States
Capabilities
Environmental
Office Setup
Hybrid
Job ID
#41245
At Jacobs, we're challenging today to reinvent tomorrow by solving the world's most critical problems for thriving cities, resilient environments, mission-critical outcomes, operational advancement, scientific discovery and cutting-edge manufacturing, turning abstract ideas into realities that transform the world for good.
Your impact
Jacobs is looking for on-call archaeologists to work on a variety of projects throughout Colorado, Wyoming, and other surrounding western states. This position involves providing cultural resources support for planning, engineering, and construction services to renewable energy, government, military, transportation, ","Jacobs
About us
Solutions
Careers
Newsroom
Investors
Search jobs
Life at Jacobs
Events
Early careers
Military & veteran talent
Login
Careers
Let's see the impact we can create together.
Search jobs
Job Detail
On Call Archaeologist
Apply
Share
Location
Denver, Colorado, United States
Capabilities
Environmental
Office Setup
Hybrid
Job ID
#41245
At Jacobs, we're challenging today to reinvent tomorrow by solving the world's most critical problems for thriving cities, resilient environments, mission-critical outcomes, operational advancement, scientific discovery and cutting-edge manufacturing, turning abstract ideas into realities that transform the world for good.
Your impact
Jacobs is looking for on-call archaeologists to work on a variety of projects throughout Colorado, Wyoming, and other surrounding western states. This position involves providing cultural resources support for planning, engineering, and construction services to renewable energy, government, military, transportation, ",,2026-06-25_14-38-28
Wastewater Operator Intern - Summer 2026,"West Melbourne, Florida, United States",Jacobs,Operations and Maintenance,https://careers.jacobs.com/en_US/careers/JobDetail/Wastewater-Operator-Intern-Summer-2026/41244,"Jacobs
About us
Solutions
Careers
Newsroom
Investors
Search jobs
Life at Jacobs
Events
Early careers
Military & veteran talent
Login
Careers
Let's see the impact we can create together.
Search jobs
Job Detail
Wastewater Operator Intern - Summer 2026
Apply
Share
Location
West Melbourne, Florida, United States
Capabilities
Operations and Maintenance
Office Setup
Office/Onsite
Job ID
#41244
At Jacobs, we're challenging today to reinvent tomorrow by solving the world's most critical problems for thriving cities, resilient environments, mission-critical outcomes, operational advancement, scientific discovery and cutting-edge manufacturing, turning abstract ideas into realities that transform the world for good.
Your impact
At Jacobs, we challenge what’s currently accepted, so we can shape innovative and lasting solutions for tomorrow. Through the delivery of our operations and maintenance services, you’ll make it simpler and more seamless for our municipal clients to operate safely and effi","Jacobs
About us
Solutions
Careers
Newsroom
Investors
Search jobs
Life at Jacobs
Events
Early careers
Military & veteran talent
Login
Careers
Let's see the impact we can create together.
Search jobs
Job Detail
Wastewater Operator Intern - Summer 2026
Apply
Share
Location
West Melbourne, Florida, United States
Capabilities
Operations and Maintenance
Office Setup
Office/Onsite
Job ID
#41244
At Jacobs, we're challenging today to reinvent tomorrow by solving the world's most critical problems for thriving cities, resilient environments, mission-critical outcomes, operational advancement, scientific discovery and cutting-edge manufacturing, turning abstract ideas into realities that transform the world for good.
Your impact
At Jacobs, we challenge what’s currently accepted, so we can shape innovative and lasting solutions for tomorrow. Through the delivery of our operations and maintenance services, you’ll make it simpler and more seamless for our municipal clients to operate safely and effi",,2026-06-25_14-38-33
"Wastewater Collections System Superintendent - Hoboken, NJ","Hoboken, New Jersey, United States",Jacobs,Operations and Maintenance,https://careers.jacobs.com/en_US/careers/JobDetail/Wastewater-Collections-System-Superintendent-Hoboken-NJ/41242,"Jacobs
About us
Solutions
Careers
Newsroom
Investors
Search jobs
Life at Jacobs
Events
Early careers
Military & veteran talent
Login
Careers
Let's see the impact we can create together.
Search jobs
Job Detail
Wastewater Collections System Superintendent - Hoboken, NJ
Apply
Share
Location
Hoboken, New Jersey, United States
Capabilities
Operations and Maintenance
Office Setup
Office/Onsite
Job ID
#41242
At Jacobs, we're challenging today to reinvent tomorrow by solving the world's most critical problems for thriving cities, resilient environments, mission-critical outcomes, operational advancement, scientific discovery and cutting-edge manufacturing, turning abstract ideas into realities that transform the world for good.
Your impact
At Jacobs, we challenge what is currently accepted, so we can shape innovative and lasting solutions for tomorrow. Through the delivery of our operations and maintenance services, you’ll make it simpler and more seamless for our municipal clients to operate ","Jacobs
About us
Solutions
Careers
Newsroom
Investors
Search jobs
Life at Jacobs
Events
Early careers
Military & veteran talent
Login
Careers
Let's see the impact we can create together.
Search jobs
Job Detail
Wastewater Collections System Superintendent - Hoboken, NJ
Apply
Share
Location
Hoboken, New Jersey, United States
Capabilities
Operations and Maintenance
Office Setup
Office/Onsite
Job ID
#41242
At Jacobs, we're challenging today to reinvent tomorrow by solving the world's most critical problems for thriving cities, resilient environments, mission-critical outcomes, operational advancement, scientific discovery and cutting-edge manufacturing, turning abstract ideas into realities that transform the world for good.
Your impact
At Jacobs, we challenge what is currently accepted, so we can shape innovative and lasting solutions for tomorrow. Through the delivery of our operations and maintenance services, you’ll make it simpler and more seamless for our municipal clients to operate ",,2026-06-25_14-38-39
Federal Design Project Manager,"Chicago, Illinois, United States",Jacobs,Project Management,https://careers.jacobs.com/en_US/careers/JobDetail/Federal-Design-Project-Manager/41240,"Jacobs
About us
Solutions
Careers
Newsroom
Investors
Search jobs
Life at Jacobs
Events
Early careers
Military & veteran talent
Login
Careers
Let's see the impact we can create together.
Search jobs
Job Detail
Federal Design Project Manager
Apply
Share
Location
Chicago, Illinois, United States
Capabilities
Project Management
Office Setup
Hybrid
Job ID
#41240
At Jacobs, we're challenging today to reinvent tomorrow by solving the world's most critical problems for thriving cities, resilient environments, mission-critical outcomes, operational advancement, scientific discovery and cutting-edge manufacturing, turning abstract ideas into realities that transform the world for good.
Your impact
At Jacobs, we challenge what is currently accepted, so we can shape innovative and lasting solutions for tomorrow. If you’re interested in a long and rewarding career working with the industry’s best and most innovative solution leaders, then Jacobs is where you belong.  In the Federal Solutions Buildi","Jacobs
About us
Solutions
Careers
Newsroom
Investors
Search jobs
Life at Jacobs
Events
Early careers
Military & veteran talent
Login
Careers
Let's see the impact we can create together.
Search jobs
Job Detail
Federal Design Project Manager
Apply
Share
Location
Chicago, Illinois, United States
Capabilities
Project Management
Office Setup
Hybrid
Job ID
#41240
At Jacobs, we're challenging today to reinvent tomorrow by solving the world's most critical problems for thriving cities, resilient environments, mission-critical outcomes, operational advancement, scientific discovery and cutting-edge manufacturing, turning abstract ideas into realities that transform the world for good.
Your impact
At Jacobs, we challenge what is currently accepted, so we can shape innovative and lasting solutions for tomorrow. If you’re interested in a long and rewarding career working with the industry’s best and most innovative solution leaders, then Jacobs is where you belong.  In the Federal Solutions Buildi",,2026-06-25_14-38-45
"Electrical Design Technician (Career-Level, Advanced Manufacturing)","Greenville, South Carolina, United States",Jacobs,Electrical,https://careers.jacobs.com/en_US/careers/JobDetail/Electrical-Design-Technician-Career-Level-Advanced-Manufacturing/41238,"Jacobs
About us
Solutions
Careers
Newsroom
Investors
Search jobs
Life at Jacobs
Events
Early careers
Military & veteran talent
Login
Careers
Let's see the impact we can create together.
Search jobs
Job Detail
Electrical Design Technician (Career-Level, Advanced Manufacturing)
Apply
Share
Location
Greenville, South Carolina, United States
Capabilities
Electrical
Office Setup
Office/Onsite
Job ID
#41238
At Jacobs, we're challenging today to reinvent tomorrow by solving the world's most critical problems for thriving cities, resilient environments, mission-critical outcomes, operational advancement, scientific discovery and cutting-edge manufacturing, turning abstract ideas into realities that transform the world for good.
Your impact
At Jacobs, we drive to make a positive impact on people’s lives everywhere by bringing solutions and adding value to our communities and society as a whole. From facilities delivering life-saving therapies and ensuring clean water to enabling the connection ","Jacobs
About us
Solutions
Careers
Newsroom
Investors
Search jobs
Life at Jacobs
Events
Early careers
Military & veteran talent
Login
Careers
Let's see the impact we can create together.
Search jobs
Job Detail
Electrical Design Technician (Career-Level, Advanced Manufacturing)
Apply
Share
Location
Greenville, South Carolina, United States
Capabilities
Electrical
Office Setup
Office/Onsite
Job ID
#41238
At Jacobs, we're challenging today to reinvent tomorrow by solving the world's most critical problems for thriving cities, resilient environments, mission-critical outcomes, operational advancement, scientific discovery and cutting-edge manufacturing, turning abstract ideas into realities that transform the world for good.
Your impact
At Jacobs, we drive to make a positive impact on people’s lives everywhere by bringing solutions and adding value to our communities and society as a whole. From facilities delivering life-saving therapies and ensuring clean water to enabling the connection ",,2026-06-25_14-38-50
Senior Project Director – Rail Transit,"Los Angeles, California, United States",Jacobs,Program Management,https://careers.jacobs.com/en_US/careers/JobDetail/Senior-Project-Director-Rail-Transit/41237,"Jacobs
About us
Solutions
Careers
Newsroom
Investors
Search jobs
Life at Jacobs
Events
Early careers
Military & veteran talent
Login
Careers
Let's see the impact we can create together.
Search jobs
Job Detail
Senior Project Director – Rail Transit
Apply
Share
Location
Los Angeles, California, United States
Capabilities
Program Management
Office Setup
Hybrid
Job ID
#41237
At Jacobs, we're challenging today to reinvent tomorrow by solving the world's most critical problems for thriving cities, resilient environments, mission-critical outcomes, operational advancement, scientific discovery and cutting-edge manufacturing, turning abstract ideas into realities that transform the world for good.
Your impact
We are seeking a Senior Project Director – Rail Transit to join our team of dedicated professionals and help deliver transformative infrastructure projects that shape the future of transportation. In this leadership role, you will oversee complex rail transit projects spanning design, ins","Jacobs
About us
Solutions
Careers
Newsroom
Investors
Search jobs
Life at Jacobs
Events
Early careers
Military & veteran talent
Login
Careers
Let's see the impact we can create together.
Search jobs
Job Detail
Senior Project Director – Rail Transit
Apply
Share
Location
Los Angeles, California, United States
Capabilities
Program Management
Office Setup
Hybrid
Job ID
#41237
At Jacobs, we're challenging today to reinvent tomorrow by solving the world's most critical problems for thriving cities, resilient environments, mission-critical outcomes, operational advancement, scientific discovery and cutting-edge manufacturing, turning abstract ideas into realities that transform the world for good.
Your impact
We are seeking a Senior Project Director – Rail Transit to join our team of dedicated professionals and help deliver transformative infrastructure projects that shape the future of transportation. In this leadership role, you will oversee complex rail transit projects spanning design, ins",,2026-06-25_14-38-56
Senior Carbon Management Consultant,"FPO, All US Regions, United States",Jacobs,Environmental,https://careers.jacobs.com/en_US/careers/JobDetail/Senior-Carbon-Management-Consultant/41234,"Jacobs
About us
Solutions
Careers
Newsroom
Investors
Search jobs
Life at Jacobs
Events
Early careers
Military & veteran talent
Login
Careers
Let's see the impact we can create together.
Search jobs
Job Detail
Senior Carbon Management Consultant
Apply
Share
Location
FPO, All US Regions, United States
Capabilities
Environmental
Office Setup
Hybrid
Job ID
#41234
At Jacobs, we're challenging today to reinvent tomorrow by solving the world's most critical problems for thriving cities, resilient environments, mission-critical outcomes, operational advancement, scientific discovery and cutting-edge manufacturing, turning abstract ideas into realities that transform the world for good.
Your impact
We’re looking for a Senior Carbon Management Consultant to join our fast-growing, committed, and enthusiastic team. Ideally, we’re seeking a talented professional who is based in the United States, and align to one of our Jacobs offices, with the option to work remotely. You must be a U.S. citizen to","Jacobs
About us
Solutions
Careers
Newsroom
Investors
Search jobs
Life at Jacobs
Events
Early careers
Military & veteran talent
Login
Careers
Let's see the impact we can create together.
Search jobs
Job Detail
Senior Carbon Management Consultant
Apply
Share
Location
FPO, All US Regions, United States
Capabilities
Environmental
Office Setup
Hybrid
Job ID
#41234
At Jacobs, we're challenging today to reinvent tomorrow by solving the world's most critical problems for thriving cities, resilient environments, mission-critical outcomes, operational advancement, scientific discovery and cutting-edge manufacturing, turning abstract ideas into realities that transform the world for good.
Your impact
We’re looking for a Senior Carbon Management Consultant to join our fast-growing, committed, and enthusiastic team. Ideally, we’re seeking a talented professional who is based in the United States, and align to one of our Jacobs offices, with the option to work remotely. You must be a U.S. citizen to",,2026-06-25_14-39-01
Federal Environmental Compliance Project Manager,"Salt Lake City, Utah, United States",Jacobs,Environmental,https://careers.jacobs.com/en_US/careers/JobDetail/Federal-Environmental-Compliance-Project-Manager/41233,"Jacobs
About us
Solutions
Careers
Newsroom
Investors
Search jobs
Life at Jacobs
Events
Early careers
Military & veteran talent
Login
Careers
Let's see the impact we can create together.
Search jobs
Job Detail
Federal Environmental Compliance Project Manager
Apply
Share
Location
Salt Lake City, Utah, United States
Capabilities
Environmental
Office Setup
Hybrid
Job ID
#41233
At Jacobs, we're challenging today to reinvent tomorrow by solving the world's most critical problems for thriving cities, resilient environments, mission-critical outcomes, operational advancement, scientific discovery and cutting-edge manufacturing, turning abstract ideas into realities that transform the world for good.
Your impact
When it comes to environmental consulting, we’re focused on cleaning up our communities today to improve tomorrow. We’re seeking a Federal Environmental Compliance Project Manager who will be responsible for leading and managing environmental compliance programs at federal client sites.","Jacobs
About us
Solutions
Careers
Newsroom
Investors
Search jobs
Life at Jacobs
Events
Early careers
Military & veteran talent
Login
Careers
Let's see the impact we can create together.
Search jobs
Job Detail
Federal Environmental Compliance Project Manager
Apply
Share
Location
Salt Lake City, Utah, United States
Capabilities
Environmental
Office Setup
Hybrid
Job ID
#41233
At Jacobs, we're challenging today to reinvent tomorrow by solving the world's most critical problems for thriving cities, resilient environments, mission-critical outcomes, operational advancement, scientific discovery and cutting-edge manufacturing, turning abstract ideas into realities that transform the world for good.
Your impact
When it comes to environmental consulting, we’re focused on cleaning up our communities today to improve tomorrow. We’re seeking a Federal Environmental Compliance Project Manager who will be responsible for leading and managing environmental compliance programs at federal client sites.",,2026-06-25_14-39-07
Multimedia Environmental Compliance Consultant,"Las Vegas, Nevada, United States",Jacobs,Environmental,https://careers.jacobs.com/en_US/careers/JobDetail/Multimedia-Environmental-Compliance-Consultant/41232,"Jacobs
About us
Solutions
Careers
Newsroom
Investors
Search jobs
Life at Jacobs
Events
Early careers
Military & veteran talent
Login
Careers
Let's see the impact we can create together.
Search jobs
Job Detail
Multimedia Environmental Compliance Consultant
Apply
Share
Location
Las Vegas, Nevada, United States
Capabilities
Environmental
Office Setup
Hybrid
Job ID
#41232
At Jacobs, we're challenging today to reinvent tomorrow by solving the world's most critical problems for thriving cities, resilient environments, mission-critical outcomes, operational advancement, scientific discovery and cutting-edge manufacturing, turning abstract ideas into realities that transform the world for good.
Your impact
When it comes to environmental consulting, we’re focused on cleaning up our communities today to improve tomorrow. We’re seeking a Multimedia Environmental Compliance Consultant to ensure environmental regulatory compliance. This role combines deep environmental compliance expertise with the","Jacobs
About us
Solutions
Careers
Newsroom
Investors
Search jobs
Life at Jacobs
Events
Early careers
Military & veteran talent
Login
Careers
Let's see the impact we can create together.
Search jobs
Job Detail
Multimedia Environmental Compliance Consultant
Apply
Share
Location
Las Vegas, Nevada, United States
Capabilities
Environmental
Office Setup
Hybrid
Job ID
#41232
At Jacobs, we're challenging today to reinvent tomorrow by solving the world's most critical problems for thriving cities, resilient environments, mission-critical outcomes, operational advancement, scientific discovery and cutting-edge manufacturing, turning abstract ideas into realities that transform the world for good.
Your impact
When it comes to environmental consulting, we’re focused on cleaning up our communities today to improve tomorrow. We’re seeking a Multimedia Environmental Compliance Consultant to ensure environmental regulatory compliance. This role combines deep environmental compliance expertise with the",,2026-06-25_14-39-13
Entry - Mid Level Transportation Planner,"Austin, Texas, United States",Jacobs,Planning and Consulting,https://careers.jacobs.com/en_US/careers/JobDetail/Entry-Mid-Level-Transportation-Planner/41231,"Jacobs
About us
Solutions
Careers
Newsroom
Investors
Search jobs
Life at Jacobs
Events
Early careers
Military & veteran talent
Login
Careers
Let's see the impact we can create together.
Search jobs
Job Detail
Entry - Mid Level Transportation Planner
Apply
Share
Location
Austin, Texas, United States
Capabilities
Planning and Consulting
Office Setup
Hybrid
Job ID
#41231
At Jacobs, we're challenging today to reinvent tomorrow by solving the world's most critical problems for thriving cities, resilient environments, mission-critical outcomes, operational advancement, scientific discovery and cutting-edge manufacturing, turning abstract ideas into realities that transform the world for good.
Your impact
Thriving communities. Healthy cities. A brighter future. At Jacobs, we’re putting our knowledge and imagination together to shape the next generation of innovative transportation solutions, especially in Transportation Planning. If you want to join a company invested in you, your success, an","Jacobs
About us
Solutions
Careers
Newsroom
Investors
Search jobs
Life at Jacobs
Events
Early careers
Military & veteran talent
Login
Careers
Let's see the impact we can create together.
Search jobs
Job Detail
Entry - Mid Level Transportation Planner
Apply
Share
Location
Austin, Texas, United States
Capabilities
Planning and Consulting
Office Setup
Hybrid
Job ID
#41231
At Jacobs, we're challenging today to reinvent tomorrow by solving the world's most critical problems for thriving cities, resilient environments, mission-critical outcomes, operational advancement, scientific discovery and cutting-edge manufacturing, turning abstract ideas into realities that transform the world for good.
Your impact
Thriving communities. Healthy cities. A brighter future. At Jacobs, we’re putting our knowledge and imagination together to shape the next generation of innovative transportation solutions, especially in Transportation Planning. If you want to join a company invested in you, your success, an",,2026-06-25_14-39-18
"Parks and Facilities Irrigation Lead - Centennial, CO","Centennial, Colorado, United States",Jacobs,Operations and Maintenance,https://careers.jacobs.com/en_US/careers/JobDetail/Parks-and-Facilities-Irrigation-Lead-Centennial-CO/41230,"Jacobs
About us
Solutions
Careers
Newsroom
Investors
Search jobs
Life at Jacobs
Events
Early careers
Military & veteran talent
Login
Careers
Let's see the impact we can create together.
Search jobs
Job Detail
Parks and Facilities Irrigation Lead - Centennial, CO
Apply
Share
Location
Centennial, Colorado, United States
Capabilities
Operations and Maintenance
Office Setup
Office/Onsite
Job ID
#41230
At Jacobs, we're challenging today to reinvent tomorrow by solving the world's most critical problems for thriving cities, resilient environments, mission-critical outcomes, operational advancement, scientific discovery and cutting-edge manufacturing, turning abstract ideas into realities that transform the world for good.
Your impact
At Jacobs, we're challenging today to reinvent tomorrow by solving the world's most critical problems for thriving cities, resilient environments, mission-critical outcomes, operational advancement, scientific discovery and cutting-edge manufacturing, turning ab","Jacobs
About us
Solutions
Careers
Newsroom
Investors
Search jobs
Life at Jacobs
Events
Early careers
Military & veteran talent
Login
Careers
Let's see the impact we can create together.
Search jobs
Job Detail
Parks and Facilities Irrigation Lead - Centennial, CO
Apply
Share
Location
Centennial, Colorado, United States
Capabilities
Operations and Maintenance
Office Setup
Office/Onsite
Job ID
#41230
At Jacobs, we're challenging today to reinvent tomorrow by solving the world's most critical problems for thriving cities, resilient environments, mission-critical outcomes, operational advancement, scientific discovery and cutting-edge manufacturing, turning abstract ideas into realities that transform the world for good.
Your impact
At Jacobs, we're challenging today to reinvent tomorrow by solving the world's most critical problems for thriving cities, resilient environments, mission-critical outcomes, operational advancement, scientific discovery and cutting-edge manufacturing, turning ab",,2026-06-25_14-39-24
"Administrative Assistant (Entry Level)- Pembroke Pines, FL","Pembroke Pines, Florida, United States",Jacobs,Operations and Maintenance,https://careers.jacobs.com/en_US/careers/JobDetail/Administrative-Assistant-Entry-Level-Pembroke-Pines-FL/41229,"Jacobs
About us
Solutions
Careers
Newsroom
Investors
Search jobs
Life at Jacobs
Events
Early careers
Military & veteran talent
Login
Careers
Let's see the impact we can create together.
Search jobs
Job Detail
Administrative Assistant (Entry Level)- Pembroke Pines, FL
Apply
Share
Location
Pembroke Pines, Florida, United States
Capabilities
Operations and Maintenance
Office Setup
Office/Onsite
Job ID
#41229
At Jacobs, we're challenging today to reinvent tomorrow by solving the world's most critical problems for thriving cities, resilient environments, mission-critical outcomes, operational advancement, scientific discovery and cutting-edge manufacturing, turning abstract ideas into realities that transform the world for good.
Your impact
At Jacobs, we challenge what is currently accepted, so we can shape innovative and lasting solutions for tomorrow. Through the delivery of our operations and maintenance services, you’ll make it simpler and more seamless for our municipal clients to oper","Jacobs
About us
Solutions
Careers
Newsroom
Investors
Search jobs
Life at Jacobs
Events
Early careers
Military & veteran talent
Login
Careers
Let's see the impact we can create together.
Search jobs
Job Detail
Administrative Assistant (Entry Level)- Pembroke Pines, FL
Apply
Share
Location
Pembroke Pines, Florida, United States
Capabilities
Operations and Maintenance
Office Setup
Office/Onsite
Job ID
#41229
At Jacobs, we're challenging today to reinvent tomorrow by solving the world's most critical problems for thriving cities, resilient environments, mission-critical outcomes, operational advancement, scientific discovery and cutting-edge manufacturing, turning abstract ideas into realities that transform the world for good.
Your impact
At Jacobs, we challenge what is currently accepted, so we can shape innovative and lasting solutions for tomorrow. Through the delivery of our operations and maintenance services, you’ll make it simpler and more seamless for our municipal clients to oper",,2026-06-25_14-39-30
Entry-Level Civil Engineer - Highways,"St. Louis, Missouri, United States",Jacobs,Civil and Structural,https://careers.jacobs.com/en_US/careers/JobDetail/Entry-Level-Civil-Engineer-Highways/41228,"Jacobs
About us
Solutions
Careers
Newsroom
Investors
Search jobs
Life at Jacobs
Events
Early careers
Military & veteran talent
Login
Careers
Let's see the impact we can create together.
Search jobs
Job Detail
Entry-Level Civil Engineer - Highways
Apply
Share
Location
St. Louis, Missouri, United States
Capabilities
Civil and Structural
Office Setup
Hybrid
Job ID
#41228
At Jacobs, we're challenging today to reinvent tomorrow by solving the world's most critical problems for thriving cities, resilient environments, mission-critical outcomes, operational advancement, scientific discovery and cutting-edge manufacturing, turning abstract ideas into realities that transform the world for good.
Your impact
The Jacobs Buildings & Infrastructure Group in St. Louis is seeking a creative, highly motivated entry level Civil Engineer to join our Highway/Civil department. The Buildings & Infrastructure Line of Business is a global network of employees, which serves both the private and public sector.","Jacobs
About us
Solutions
Careers
Newsroom
Investors
Search jobs
Life at Jacobs
Events
Early careers
Military & veteran talent
Login
Careers
Let's see the impact we can create together.
Search jobs
Job Detail
Entry-Level Civil Engineer - Highways
Apply
Share
Location
St. Louis, Missouri, United States
Capabilities
Civil and Structural
Office Setup
Hybrid
Job ID
#41228
At Jacobs, we're challenging today to reinvent tomorrow by solving the world's most critical problems for thriving cities, resilient environments, mission-critical outcomes, operational advancement, scientific discovery and cutting-edge manufacturing, turning abstract ideas into realities that transform the world for good.
Your impact
The Jacobs Buildings & Infrastructure Group in St. Louis is seeking a creative, highly motivated entry level Civil Engineer to join our Highway/Civil department. The Buildings & Infrastructure Line of Business is a global network of employees, which serves both the private and public sector.",,2026-06-25_14-39-35
Project Manager,"West Palm Beach, Florida, United States",Jacobs,Program Management,https://careers.jacobs.com/en_US/careers/JobDetail/Project-Manager/41227,"Jacobs
About us
Solutions
Careers
Newsroom
Investors
Search jobs
Life at Jacobs
Events
Early careers
Military & veteran talent
Login
Careers
Let's see the impact we can create together.
Search jobs
Job Detail
Project Manager
Apply
Share
Location
West Palm Beach, Florida, United States
Capabilities
Program Management
Office Setup
Office/Onsite
Job ID
#41227
At Jacobs, we're challenging today to reinvent tomorrow by solving the world's most critical problems for thriving cities, resilient environments, mission-critical outcomes, operational advancement, scientific discovery and cutting-edge manufacturing, turning abstract ideas into realities that transform the world for good.
Your impact
As a global leader of Program Management and Construction Management (PM/CM) services with projects ranging from $1 million to programs that cost up to $10 billion, we deliver award winning total Design and/or Construction Management projects for public and private sector clients. From the pre-construct","Jacobs
About us
Solutions
Careers
Newsroom
Investors
Search jobs
Life at Jacobs
Events
Early careers
Military & veteran talent
Login
Careers
Let's see the impact we can create together.
Search jobs
Job Detail
Project Manager
Apply
Share
Location
West Palm Beach, Florida, United States
Capabilities
Program Management
Office Setup
Office/Onsite
Job ID
#41227
At Jacobs, we're challenging today to reinvent tomorrow by solving the world's most critical problems for thriving cities, resilient environments, mission-critical outcomes, operational advancement, scientific discovery and cutting-edge manufacturing, turning abstract ideas into realities that transform the world for good.
Your impact
As a global leader of Program Management and Construction Management (PM/CM) services with projects ranging from $1 million to programs that cost up to $10 billion, we deliver award winning total Design and/or Construction Management projects for public and private sector clients. From the pre-construct",,2026-06-25_14-39-41
General Technician Intermediate,"Ocean Springs, Mississippi, United States",Jacobs,Operations and Maintenance,https://careers.jacobs.com/en_US/careers/JobDetail/General-Technician-Intermediate/41221,"Jacobs
About us
Solutions
Careers
Newsroom
Investors
Search jobs
Life at Jacobs
Events
Early careers
Military & veteran talent
Login
Careers
Let's see the impact we can create together.
Search jobs
Job Detail
General Technician Intermediate
Apply
Share
Location
Ocean Springs, Mississippi, United States
Capabilities
Operations and Maintenance
Office Setup
Hybrid
Job ID
#41221
At Jacobs, we're challenging today to reinvent tomorrow by solving the world's most critical problems for thriving cities, resilient environments, mission-critical outcomes, operational advancement, scientific discovery and cutting-edge manufacturing, turning abstract ideas into realities that transform the world for good.
Your impact
As a Field Environmental Technician, the selected candidate will perform Operation & Maintenance activities in support of our Groundwater Treatment Plant and related area sites in Ocean Springs, MS. You’ll be responsible for diagnosing equipment and system operations problems, perform","Jacobs
About us
Solutions
Careers
Newsroom
Investors
Search jobs
Life at Jacobs
Events
Early careers
Military & veteran talent
Login
Careers
Let's see the impact we can create together.
Search jobs
Job Detail
General Technician Intermediate
Apply
Share
Location
Ocean Springs, Mississippi, United States
Capabilities
Operations and Maintenance
Office Setup
Hybrid
Job ID
#41221
At Jacobs, we're challenging today to reinvent tomorrow by solving the world's most critical problems for thriving cities, resilient environments, mission-critical outcomes, operational advancement, scientific discovery and cutting-edge manufacturing, turning abstract ideas into realities that transform the world for good.
Your impact
As a Field Environmental Technician, the selected candidate will perform Operation & Maintenance activities in support of our Groundwater Treatment Plant and related area sites in Ocean Springs, MS. You’ll be responsible for diagnosing equipment and system operations problems, perform",,2026-06-25_14-39-47
Mid-Senior Level Transportation Planner,"Austin, Texas, United States",Jacobs,Planning and Consulting,https://careers.jacobs.com/en_US/careers/JobDetail/Mid-Senior-Level-Transportation-Planner/41195,"Jacobs
About us
Solutions
Careers
Newsroom
Investors
Search jobs
Life at Jacobs
Events
Early careers
Military & veteran talent
Login
Careers
Let's see the impact we can create together.
Search jobs
Job Detail
Mid-Senior Level Transportation Planner
Apply
Share
Location
Austin, Texas, United States
Capabilities
Planning and Consulting
Office Setup
Hybrid
Job ID
#41195
At Jacobs, we're challenging today to reinvent tomorrow by solving the world's most critical problems for thriving cities, resilient environments, mission-critical outcomes, operational advancement, scientific discovery and cutting-edge manufacturing, turning abstract ideas into realities that transform the world for good.
Your impact
Thriving communities. Healthy cities. A brighter future. At Jacobs, we’re putting our knowledge and imagination together to shape the next generation of innovative transportation solutions, especially in Transportation Planning. If you want to join a company invested in you, your success, and","Jacobs
About us
Solutions
Careers
Newsroom
Investors
Search jobs
Life at Jacobs
Events
Early careers
Military & veteran talent
Login
Careers
Let's see the impact we can create together.
Search jobs
Job Detail
Mid-Senior Level Transportation Planner
Apply
Share
Location
Austin, Texas, United States
Capabilities
Planning and Consulting
Office Setup
Hybrid
Job ID
#41195
At Jacobs, we're challenging today to reinvent tomorrow by solving the world's most critical problems for thriving cities, resilient environments, mission-critical outcomes, operational advancement, scientific discovery and cutting-edge manufacturing, turning abstract ideas into realities that transform the world for good.
Your impact
Thriving communities. Healthy cities. A brighter future. At Jacobs, we’re putting our knowledge and imagination together to shape the next generation of innovative transportation solutions, especially in Transportation Planning. If you want to join a company invested in you, your success, and",,2026-06-25_14-39-52
Electrical Engineer (Data Centers),"Omaha, Nebraska, United States",Jacobs,Electrical,https://careers.jacobs.com/en_US/careers/JobDetail/Electrical-Engineer-Data-Centers/41189,"Jacobs
About us
Solutions
Careers
Newsroom
Investors
Search jobs
Life at Jacobs
Events
Early careers
Military & veteran talent
Login
Careers
Let's see the impact we can create together.
Search jobs
Job Detail
Electrical Engineer (Data Centers)
Apply
Share
Location
Omaha, Nebraska, United States
Capabilities
Electrical
Office Setup
Hybrid
Job ID
#41189
At Jacobs, we're challenging today to reinvent tomorrow by solving the world's most critical problems for thriving cities, resilient environments, mission-critical outcomes, operational advancement, scientific discovery and cutting-edge manufacturing, turning abstract ideas into realities that transform the world for good.
Your impact
This job opportunity is available at ANY location in the United States. Ideally, selected candidates will be near a JACOBS U.S. based office, but we intend to hire the ""best"" candidates.
At Jacobs, we drive to make a positive impact on people’s lives everywhere by bringing solutions and adding value to our c","Jacobs
About us
Solutions
Careers
Newsroom
Investors
Search jobs
Life at Jacobs
Events
Early careers
Military & veteran talent
Login
Careers
Let's see the impact we can create together.
Search jobs
Job Detail
Electrical Engineer (Data Centers)
Apply
Share
Location
Omaha, Nebraska, United States
Capabilities
Electrical
Office Setup
Hybrid
Job ID
#41189
At Jacobs, we're challenging today to reinvent tomorrow by solving the world's most critical problems for thriving cities, resilient environments, mission-critical outcomes, operational advancement, scientific discovery and cutting-edge manufacturing, turning abstract ideas into realities that transform the world for good.
Your impact
This job opportunity is available at ANY location in the United States. Ideally, selected candidates will be near a JACOBS U.S. based office, but we intend to hire the ""best"" candidates.
At Jacobs, we drive to make a positive impact on people’s lives everywhere by bringing solutions and adding value to our c",,2026-06-25_14-39-58
Business Development Coordinator & Miami Office Engagement Lead,"Miami, Florida, United States",Jacobs,Business and Sales,https://careers.jacobs.com/en_US/careers/JobDetail/Business-Development-Coordinator-Miami-Office-Engagement-Lead/41188,"Jacobs
About us
Solutions
Careers
Newsroom
Investors
Search jobs
Life at Jacobs
Events
Early careers
Military & veteran talent
Login
Careers
Let's see the impact we can create together.
Search jobs
Job Detail
Business Development Coordinator & Miami Office Engagement Lead
Apply
Share
Location
Miami, Florida, United States
Capabilities
Business and Sales
Office Setup
Office/Onsite
Job ID
#41188
At Jacobs, we're challenging today to reinvent tomorrow by solving the world's most critical problems for thriving cities, resilient environments, mission-critical outcomes, operational advancement, scientific discovery and cutting-edge manufacturing, turning abstract ideas into realities that transform the world for good.
Your impact
Jacobs is seeking a proactive and highly organized Business Development Coordinator/Miami Office Engagement Lead to support business development activities, client account teams, and office engagement across Southeast Florida. This role combines business development","Jacobs
About us
Solutions
Careers
Newsroom
Investors
Search jobs
Life at Jacobs
Events
Early careers
Military & veteran talent
Login
Careers
Let's see the impact we can create together.
Search jobs
Job Detail
Business Development Coordinator & Miami Office Engagement Lead
Apply
Share
Location
Miami, Florida, United States
Capabilities
Business and Sales
Office Setup
Office/Onsite
Job ID
#41188
At Jacobs, we're challenging today to reinvent tomorrow by solving the world's most critical problems for thriving cities, resilient environments, mission-critical outcomes, operational advancement, scientific discovery and cutting-edge manufacturing, turning abstract ideas into realities that transform the world for good.
Your impact
Jacobs is seeking a proactive and highly organized Business Development Coordinator/Miami Office Engagement Lead to support business development activities, client account teams, and office engagement across Southeast Florida. This role combines business development",,2026-06-25_14-40-04
Regional Electrical & Instrumentation Specialist - Central US Region,"Oklahoma City, Oklahoma, United States",Jacobs,Operations and Maintenance,https://careers.jacobs.com/en_US/careers/JobDetail/Regional-Electrical-Instrumentation-Specialist-Central-US-Region/41187,"Jacobs
About us
Solutions
Careers
Newsroom
Investors
Search jobs
Life at Jacobs
Events
Early careers
Military & veteran talent
Login
Careers
Let's see the impact we can create together.
Search jobs
Job Detail
Regional Electrical & Instrumentation Specialist - Central US Region
Apply
Share
Location
Oklahoma City, Oklahoma, United States
Capabilities
Operations and Maintenance
Office Setup
Hybrid
Job ID
#41187
At Jacobs, we're challenging today to reinvent tomorrow by solving the world's most critical problems for thriving cities, resilient environments, mission-critical outcomes, operational advancement, scientific discovery and cutting-edge manufacturing, turning abstract ideas into realities that transform the world for good.
Your impact
At Jacobs, we’re redefining what’s possible. Through our operations and maintenance services, we help municipal clients operate safely and efficiently empowering communities to focus on what matters most: people. Join us and be part of a team that del","Jacobs
About us
Solutions
Careers
Newsroom
Investors
Search jobs
Life at Jacobs
Events
Early careers
Military & veteran talent
Login
Careers
Let's see the impact we can create together.
Search jobs
Job Detail
Regional Electrical & Instrumentation Specialist - Central US Region
Apply
Share
Location
Oklahoma City, Oklahoma, United States
Capabilities
Operations and Maintenance
Office Setup
Hybrid
Job ID
#41187
At Jacobs, we're challenging today to reinvent tomorrow by solving the world's most critical problems for thriving cities, resilient environments, mission-critical outcomes, operational advancement, scientific discovery and cutting-edge manufacturing, turning abstract ideas into realities that transform the world for good.
Your impact
At Jacobs, we’re redefining what’s possible. Through our operations and maintenance services, we help municipal clients operate safely and efficiently empowering communities to focus on what matters most: people. Join us and be part of a team that del",,2026-06-25_14-40-10
Regional Maintenance Specialist - Central US Region,"Oklahoma City, Oklahoma, United States",Jacobs,Operations and Maintenance,https://careers.jacobs.com/en_US/careers/JobDetail/Regional-Maintenance-Specialist-Central-US-Region/41186,"Jacobs
About us
Solutions
Careers
Newsroom
Investors
Search jobs
Life at Jacobs
Events
Early careers
Military & veteran talent
Login
Careers
Let's see the impact we can create together.
Search jobs
Job Detail
Regional Maintenance Specialist - Central US Region
Apply
Share
Location
Oklahoma City, Oklahoma, United States
Capabilities
Operations and Maintenance
Office Setup
Hybrid
Job ID
#41186
At Jacobs, we're challenging today to reinvent tomorrow by solving the world's most critical problems for thriving cities, resilient environments, mission-critical outcomes, operational advancement, scientific discovery and cutting-edge manufacturing, turning abstract ideas into realities that transform the world for good.
Your impact
At Jacobs, we don’t settle – always looking beyond to raise the bar and deliver with excellence. We apply our expertise and knowledge as we look into the future with great optimism and focus. We don’t settle until we give our best and know that we’re making a differen","Jacobs
About us
Solutions
Careers
Newsroom
Investors
Search jobs
Life at Jacobs
Events
Early careers
Military & veteran talent
Login
Careers
Let's see the impact we can create together.
Search jobs
Job Detail
Regional Maintenance Specialist - Central US Region
Apply
Share
Location
Oklahoma City, Oklahoma, United States
Capabilities
Operations and Maintenance
Office Setup
Hybrid
Job ID
#41186
At Jacobs, we're challenging today to reinvent tomorrow by solving the world's most critical problems for thriving cities, resilient environments, mission-critical outcomes, operational advancement, scientific discovery and cutting-edge manufacturing, turning abstract ideas into realities that transform the world for good.
Your impact
At Jacobs, we don’t settle – always looking beyond to raise the bar and deliver with excellence. We apply our expertise and knowledge as we look into the future with great optimism and focus. We don’t settle until we give our best and know that we’re making a differen",,2026-06-25_14-40-15
Wireless Telecommunications Design Lead,"Philadelphia, Pennsylvania, United States",Jacobs,Drafting and Design,https://careers.jacobs.com/en_US/careers/JobDetail/Wireless-Telecommunications-Design-Lead/41185,"Jacobs
About us
Solutions
Careers
Newsroom
Investors
Search jobs
Life at Jacobs
Events
Early careers
Military & veteran talent
Login
Careers
Let's see the impact we can create together.
Search jobs
Job Detail
Wireless Telecommunications Design Lead
Apply
Share
Location
Philadelphia, Pennsylvania, United States
Capabilities
Drafting and Design
Office Setup
Hybrid
Job ID
#41185
At Jacobs, we're challenging today to reinvent tomorrow by solving the world's most critical problems for thriving cities, resilient environments, mission-critical outcomes, operational advancement, scientific discovery and cutting-edge manufacturing, turning abstract ideas into realities that transform the world for good.
Your impact
This job opportunity is available at ANY location in the United States. Ideally, selected candidates will be near a JACOBS U.S. based office, but we intend to hire the ""best"" candidates.

 At Jacobs, we’re transforming intangible ideas into innovative solutions designing the future -","Jacobs
About us
Solutions
Careers
Newsroom
Investors
Search jobs
Life at Jacobs
Events
Early careers
Military & veteran talent
Login
Careers
Let's see the impact we can create together.
Search jobs
Job Detail
Wireless Telecommunications Design Lead
Apply
Share
Location
Philadelphia, Pennsylvania, United States
Capabilities
Drafting and Design
Office Setup
Hybrid
Job ID
#41185
At Jacobs, we're challenging today to reinvent tomorrow by solving the world's most critical problems for thriving cities, resilient environments, mission-critical outcomes, operational advancement, scientific discovery and cutting-edge manufacturing, turning abstract ideas into realities that transform the world for good.
Your impact
This job opportunity is available at ANY location in the United States. Ideally, selected candidates will be near a JACOBS U.S. based office, but we intend to hire the ""best"" candidates.

 At Jacobs, we’re transforming intangible ideas into innovative solutions designing the future -",,2026-06-25_14-40-21
Sr. Electrical Engineer (Data Centers),"Omaha, Nebraska, United States",Jacobs,Electrical,https://careers.jacobs.com/en_US/careers/JobDetail/Sr-Electrical-Engineer-Data-Centers/41184,"Jacobs
About us
Solutions
Careers
Newsroom
Investors
Search jobs
Life at Jacobs
Events
Early careers
Military & veteran talent
Login
Careers
Let's see the impact we can create together.
Search jobs
Job Detail
Sr. Electrical Engineer (Data Centers)
Apply
Share
Location
Omaha, Nebraska, United States
Capabilities
Electrical
Office Setup
Hybrid
Job ID
#41184
At Jacobs, we're challenging today to reinvent tomorrow by solving the world's most critical problems for thriving cities, resilient environments, mission-critical outcomes, operational advancement, scientific discovery and cutting-edge manufacturing, turning abstract ideas into realities that transform the world for good.
Your impact

This job opportunity is available at ANY location in the United States. Ideally, selected candidates will be near a JACOBS U.S. based office, but we intend to hire the ""best"" candidates.

At Jacobs, we drive to make a positive impact on people’s lives everywhere by bringing solutions and adding value to","Jacobs
About us
Solutions
Careers
Newsroom
Investors
Search jobs
Life at Jacobs
Events
Early careers
Military & veteran talent
Login
Careers
Let's see the impact we can create together.
Search jobs
Job Detail
Sr. Electrical Engineer (Data Centers)
Apply
Share
Location
Omaha, Nebraska, United States
Capabilities
Electrical
Office Setup
Hybrid
Job ID
#41184
At Jacobs, we're challenging today to reinvent tomorrow by solving the world's most critical problems for thriving cities, resilient environments, mission-critical outcomes, operational advancement, scientific discovery and cutting-edge manufacturing, turning abstract ideas into realities that transform the world for good.
Your impact

This job opportunity is available at ANY location in the United States. Ideally, selected candidates will be near a JACOBS U.S. based office, but we intend to hire the ""best"" candidates.

At Jacobs, we drive to make a positive impact on people’s lives everywhere by bringing solutions and adding value to",,2026-06-25_14-40-27
Project Architect - Federal Building Design,"Atlanta, Georgia, United States",Jacobs,Architecture and Interiors,https://careers.jacobs.com/en_US/careers/JobDetail/Project-Architect-Federal-Building-Design/41183,"Jacobs
About us
Solutions
Careers
Newsroom
Investors
Search jobs
Life at Jacobs
Events
Early careers
Military & veteran talent
Login
Careers
Let's see the impact we can create together.
Search jobs
Job Detail
Project Architect - Federal Building Design
Apply
Share
Location
Atlanta, Georgia, United States
Capabilities
Architecture and Interiors
Office Setup
Hybrid
Job ID
#41183
At Jacobs, we're challenging today to reinvent tomorrow by solving the world's most critical problems for thriving cities, resilient environments, mission-critical outcomes, operational advancement, scientific discovery and cutting-edge manufacturing, turning abstract ideas into realities that transform the world for good.
Your impact
At Jacobs, we challenge what is currently accepted, so we can shape innovation and lasting solutions for tomorrow. If you’re interested in a long and rewarding career working with the industry’s best and most innovative engineers, then Jacobs is where you belong. As a Project Archit","Jacobs
About us
Solutions
Careers
Newsroom
Investors
Search jobs
Life at Jacobs
Events
Early careers
Military & veteran talent
Login
Careers
Let's see the impact we can create together.
Search jobs
Job Detail
Project Architect - Federal Building Design
Apply
Share
Location
Atlanta, Georgia, United States
Capabilities
Architecture and Interiors
Office Setup
Hybrid
Job ID
#41183
At Jacobs, we're challenging today to reinvent tomorrow by solving the world's most critical problems for thriving cities, resilient environments, mission-critical outcomes, operational advancement, scientific discovery and cutting-edge manufacturing, turning abstract ideas into realities that transform the world for good.
Your impact
At Jacobs, we challenge what is currently accepted, so we can shape innovation and lasting solutions for tomorrow. If you’re interested in a long and rewarding career working with the industry’s best and most innovative engineers, then Jacobs is where you belong. As a Project Archit",,2026-06-25_14-40-33
Senior Plumbing Engineer (Data Center),"Philadelphia, Pennsylvania, United States",Jacobs,Architecture and Interiors,https://careers.jacobs.com/en_US/careers/JobDetail/Senior-Plumbing-Engineer-Data-Center/41182,"Jacobs
About us
Solutions
Careers
Newsroom
Investors
Search jobs
Life at Jacobs
Events
Early careers
Military & veteran talent
Login
Careers
Let's see the impact we can create together.
Search jobs
Job Detail
Senior Plumbing Engineer (Data Center)
Apply
Share
Location
Philadelphia, Pennsylvania, United States
Capabilities
Architecture and Interiors
Office Setup
Hybrid
Job ID
#41182
At Jacobs, we're challenging today to reinvent tomorrow by solving the world's most critical problems for thriving cities, resilient environments, mission-critical outcomes, operational advancement, scientific discovery and cutting-edge manufacturing, turning abstract ideas into realities that transform the world for good.
Your impact
This job opportunity is available at ANY location in the United States. Ideally, selected candidates will be near a JACOBS U.S. based office, but we intend to hire the ""best"" candidates.
At Jacobs, we drive to make a positive impact on people’s lives everywhere by bringing solu","Jacobs
About us
Solutions
Careers
Newsroom
Investors
Search jobs
Life at Jacobs
Events
Early careers
Military & veteran talent
Login
Careers
Let's see the impact we can create together.
Search jobs
Job Detail
Senior Plumbing Engineer (Data Center)
Apply
Share
Location
Philadelphia, Pennsylvania, United States
Capabilities
Architecture and Interiors
Office Setup
Hybrid
Job ID
#41182
At Jacobs, we're challenging today to reinvent tomorrow by solving the world's most critical problems for thriving cities, resilient environments, mission-critical outcomes, operational advancement, scientific discovery and cutting-edge manufacturing, turning abstract ideas into realities that transform the world for good.
Your impact
This job opportunity is available at ANY location in the United States. Ideally, selected candidates will be near a JACOBS U.S. based office, but we intend to hire the ""best"" candidates.
At Jacobs, we drive to make a positive impact on people’s lives everywhere by bringing solu",,2026-06-25_14-40-39
"Office Engineer (Newark, NJ)","Newark, New Jersey, United States",Jacobs,Construction,https://careers.jacobs.com/en_US/careers/JobDetail/Office-Engineer-Newark-NJ/41181,"Jacobs
About us
Solutions
Careers
Newsroom
Investors
Search jobs
Life at Jacobs
Events
Early careers
Military & veteran talent
Login
Careers
Let's see the impact we can create together.
Search jobs
Job Detail
Office Engineer (Newark, NJ)
Apply
Share
Location
Newark, New Jersey, United States
Capabilities
Construction
Office Setup
Office/Onsite
Job ID
#41181
At Jacobs, we're challenging today to reinvent tomorrow by solving the world's most critical problems for thriving cities, resilient environments, mission-critical outcomes, operational advancement, scientific discovery and cutting-edge manufacturing, turning abstract ideas into realities that transform the world for good.
Your impact
When you join our team, we’ll provide you with the opportunity to serve as the Office Engineer on our construction management team. Explore how when you join us you can exhibit your skills as an office engineer in a heavy civil construction environment while we provide you both personally as well as pr","Jacobs
About us
Solutions
Careers
Newsroom
Investors
Search jobs
Life at Jacobs
Events
Early careers
Military & veteran talent
Login
Careers
Let's see the impact we can create together.
Search jobs
Job Detail
Office Engineer (Newark, NJ)
Apply
Share
Location
Newark, New Jersey, United States
Capabilities
Construction
Office Setup
Office/Onsite
Job ID
#41181
At Jacobs, we're challenging today to reinvent tomorrow by solving the world's most critical problems for thriving cities, resilient environments, mission-critical outcomes, operational advancement, scientific discovery and cutting-edge manufacturing, turning abstract ideas into realities that transform the world for good.
Your impact
When you join our team, we’ll provide you with the opportunity to serve as the Office Engineer on our construction management team. Explore how when you join us you can exhibit your skills as an office engineer in a heavy civil construction environment while we provide you both personally as well as pr",,2026-06-25_14-40-44
Mechanical Engineer - Federal Buildings,"Bellevue, Washington, United States",Jacobs,Mechanical,https://careers.jacobs.com/en_US/careers/JobDetail/Mechanical-Engineer-Federal-Buildings/41180,"Jacobs
About us
Solutions
Careers
Newsroom
Investors
Search jobs
Life at Jacobs
Events
Early careers
Military & veteran talent
Login
Careers
Let's see the impact we can create together.
Search jobs
Job Detail
Mechanical Engineer - Federal Buildings
Apply
Share
Location
Bellevue, Washington, United States
Capabilities
Mechanical
Office Setup
Hybrid
Job ID
#41180
At Jacobs, we're challenging today to reinvent tomorrow by solving the world's most critical problems for thriving cities, resilient environments, mission-critical outcomes, operational advancement, scientific discovery and cutting-edge manufacturing, turning abstract ideas into realities that transform the world for good.
Your impact
At Jacobs our Mechanical Engineers lead a range of skills as part of an integrated building services design. The mechanical team at Jacobs is consistently tasked with the most interesting and complicated design challenges to help the Federal Government fulfill their mission. 
Our department is a gr","Jacobs
About us
Solutions
Careers
Newsroom
Investors
Search jobs
Life at Jacobs
Events
Early careers
Military & veteran talent
Login
Careers
Let's see the impact we can create together.
Search jobs
Job Detail
Mechanical Engineer - Federal Buildings
Apply
Share
Location
Bellevue, Washington, United States
Capabilities
Mechanical
Office Setup
Hybrid
Job ID
#41180
At Jacobs, we're challenging today to reinvent tomorrow by solving the world's most critical problems for thriving cities, resilient environments, mission-critical outcomes, operational advancement, scientific discovery and cutting-edge manufacturing, turning abstract ideas into realities that transform the world for good.
Your impact
At Jacobs our Mechanical Engineers lead a range of skills as part of an integrated building services design. The mechanical team at Jacobs is consistently tasked with the most interesting and complicated design challenges to help the Federal Government fulfill their mission. 
Our department is a gr",,2026-06-25_14-40-50
Project Administrator/Document Controls Specialist,"Spartanburg, South Carolina, United States",Jacobs,Project Management,https://careers.jacobs.com/en_US/careers/JobDetail/Project-Administrator-Document-Controls-Specialist/41179,"Jacobs
About us
Solutions
Careers
Newsroom
Investors
Search jobs
Life at Jacobs
Events
Early careers
Military & veteran talent
Login
Careers
Let's see the impact we can create together.
Search jobs
Job Detail
Project Administrator/Document Controls Specialist
Apply
Share
Location
Spartanburg, South Carolina, United States
Capabilities
Project Management
Office Setup
Office/Onsite
Job ID
#41179
At Jacobs, we're challenging today to reinvent tomorrow by solving the world's most critical problems for thriving cities, resilient environments, mission-critical outcomes, operational advancement, scientific discovery and cutting-edge manufacturing, turning abstract ideas into realities that transform the world for good.
Your impact
JACOBS has an immediate opportunity for a Project Administrator/Document Controls Specialist to support our data center project (on-sight) in Spartanburg, SC.
We are seeking a Project Administrator / Document Control Specialist - to join our team and support the suc","Jacobs
About us
Solutions
Careers
Newsroom
Investors
Search jobs
Life at Jacobs
Events
Early careers
Military & veteran talent
Login
Careers
Let's see the impact we can create together.
Search jobs
Job Detail
Project Administrator/Document Controls Specialist
Apply
Share
Location
Spartanburg, South Carolina, United States
Capabilities
Project Management
Office Setup
Office/Onsite
Job ID
#41179
At Jacobs, we're challenging today to reinvent tomorrow by solving the world's most critical problems for thriving cities, resilient environments, mission-critical outcomes, operational advancement, scientific discovery and cutting-edge manufacturing, turning abstract ideas into realities that transform the world for good.
Your impact
JACOBS has an immediate opportunity for a Project Administrator/Document Controls Specialist to support our data center project (on-sight) in Spartanburg, SC.
We are seeking a Project Administrator / Document Control Specialist - to join our team and support the suc",,2026-06-25_14-40-56
Administrative Assistant,"Spartanburg, South Carolina, United States",Jacobs,Project Management,https://careers.jacobs.com/en_US/careers/JobDetail/Administrative-Assistant/41178,"Jacobs
About us
Solutions
Careers
Newsroom
Investors
Search jobs
Life at Jacobs
Events
Early careers
Military & veteran talent
Login
Careers
Let's see the impact we can create together.
Search jobs
Job Detail
Administrative Assistant
Apply
Share
Location
Spartanburg, South Carolina, United States
Capabilities
Project Management
Office Setup
Office/Onsite
Job ID
#41178
At Jacobs, we're challenging today to reinvent tomorrow by solving the world's most critical problems for thriving cities, resilient environments, mission-critical outcomes, operational advancement, scientific discovery and cutting-edge manufacturing, turning abstract ideas into realities that transform the world for good.
Your impact
JACOBS has an immediate opportunity for an Administrative Assistant to support our data center project (on-sight) in Spartanburg, SC.
As a Project Administrative Assistant, you will play a key role in supporting project teams through a variety of administrative and coordination activities. Y","Jacobs
About us
Solutions
Careers
Newsroom
Investors
Search jobs
Life at Jacobs
Events
Early careers
Military & veteran talent
Login
Careers
Let's see the impact we can create together.
Search jobs
Job Detail
Administrative Assistant
Apply
Share
Location
Spartanburg, South Carolina, United States
Capabilities
Project Management
Office Setup
Office/Onsite
Job ID
#41178
At Jacobs, we're challenging today to reinvent tomorrow by solving the world's most critical problems for thriving cities, resilient environments, mission-critical outcomes, operational advancement, scientific discovery and cutting-edge manufacturing, turning abstract ideas into realities that transform the world for good.
Your impact
JACOBS has an immediate opportunity for an Administrative Assistant to support our data center project (on-sight) in Spartanburg, SC.
As a Project Administrative Assistant, you will play a key role in supporting project teams through a variety of administrative and coordination activities. Y",,2026-06-25_14-41-01
EPC Telecom Engineer,"San Francisco, California, United States",Jacobs,Drafting and Design,https://careers.jacobs.com/en_US/careers/JobDetail/EPC-Telecom-Engineer/41177,"Jacobs
About us
Solutions
Careers
Newsroom
Investors
Search jobs
Life at Jacobs
Events
Early careers
Military & veteran talent
Login
Careers
Let's see the impact we can create together.
Search jobs
Job Detail
EPC Telecom Engineer
Apply
Share
Location
San Francisco, California, United States
Capabilities
Drafting and Design
Office Setup
Remote
Job ID
#41177
At Jacobs, we're challenging today to reinvent tomorrow by solving the world's most critical problems for thriving cities, resilient environments, mission-critical outcomes, operational advancement, scientific discovery and cutting-edge manufacturing, turning abstract ideas into realities that transform the world for good.
Your impact
At Jacobs, we're challenging today to reinvent tomorrow by solving the world's most critical problems for thriving cities, resilient environments, mission-critical outcomes, operational advancement, scientific discovery and cutting-edge manufacturing, turning abstract ideas into realities that transform","Jacobs
About us
Solutions
Careers
Newsroom
Investors
Search jobs
Life at Jacobs
Events
Early careers
Military & veteran talent
Login
Careers
Let's see the impact we can create together.
Search jobs
Job Detail
EPC Telecom Engineer
Apply
Share
Location
San Francisco, California, United States
Capabilities
Drafting and Design
Office Setup
Remote
Job ID
#41177
At Jacobs, we're challenging today to reinvent tomorrow by solving the world's most critical problems for thriving cities, resilient environments, mission-critical outcomes, operational advancement, scientific discovery and cutting-edge manufacturing, turning abstract ideas into realities that transform the world for good.
Your impact
At Jacobs, we're challenging today to reinvent tomorrow by solving the world's most critical problems for thriving cities, resilient environments, mission-critical outcomes, operational advancement, scientific discovery and cutting-edge manufacturing, turning abstract ideas into realities that transform",,2026-06-25_14-41-07
"Assistant Resident Engineer (Newark, NJ)","Newark, New Jersey, United States",Jacobs,Construction,https://careers.jacobs.com/en_US/careers/JobDetail/Assistant-Resident-Engineer-Newark-NJ/41175,"Jacobs
About us
Solutions
Careers
Newsroom
Investors
Search jobs
Life at Jacobs
Events
Early careers
Military & veteran talent
Login
Careers
Let's see the impact we can create together.
Search jobs
Job Detail
Assistant Resident Engineer (Newark, NJ)
Apply
Share
Location
Newark, New Jersey, United States
Capabilities
Construction
Office Setup
Office/Onsite
Job ID
#41175
At Jacobs, we're challenging today to reinvent tomorrow by solving the world's most critical problems for thriving cities, resilient environments, mission-critical outcomes, operational advancement, scientific discovery and cutting-edge manufacturing, turning abstract ideas into realities that transform the world for good.
Your impact
At Jacobs we’re continually challenging today to reinvent tomorrow, and we need an Asst Resident Engineer who also shares that same intent.  

By joining our team, we’ll have you be responsible for managing a group of Field Engineers in monitoring the performance of the Contractor to assure","Jacobs
About us
Solutions
Careers
Newsroom
Investors
Search jobs
Life at Jacobs
Events
Early careers
Military & veteran talent
Login
Careers
Let's see the impact we can create together.
Search jobs
Job Detail
Assistant Resident Engineer (Newark, NJ)
Apply
Share
Location
Newark, New Jersey, United States
Capabilities
Construction
Office Setup
Office/Onsite
Job ID
#41175
At Jacobs, we're challenging today to reinvent tomorrow by solving the world's most critical problems for thriving cities, resilient environments, mission-critical outcomes, operational advancement, scientific discovery and cutting-edge manufacturing, turning abstract ideas into realities that transform the world for good.
Your impact
At Jacobs we’re continually challenging today to reinvent tomorrow, and we need an Asst Resident Engineer who also shares that same intent.  

By joining our team, we’ll have you be responsible for managing a group of Field Engineers in monitoring the performance of the Contractor to assure",,2026-06-25_14-41-13
Associate Project Architect,"Boston, Massachusetts, United States",Jacobs,Architecture and Interiors,https://careers.jacobs.com/en_US/careers/JobDetail/Associate-Project-Architect/41172,"Jacobs
About us
Solutions
Careers
Newsroom
Investors
Search jobs
Life at Jacobs
Events
Early careers
Military & veteran talent
Login
Careers
Let's see the impact we can create together.
Search jobs
Job Detail
Associate Project Architect
Apply
Share
Location
Boston, Massachusetts, United States
Capabilities
Architecture and Interiors
Office Setup
Hybrid
Job ID
#41172
At Jacobs, we're challenging today to reinvent tomorrow by solving the world's most critical problems for thriving cities, resilient environments, mission-critical outcomes, operational advancement, scientific discovery and cutting-edge manufacturing, turning abstract ideas into realities that transform the world for good.
Your impact
At Jacobs, we’re challenging today to reinvent tomorrow by solving the world’s most critical challenges across the built environment. Our Cities & Places team is seeking an Associate Project Architect to help deliver innovative, sustainable, and human-centered design solutions that shape commu","Jacobs
About us
Solutions
Careers
Newsroom
Investors
Search jobs
Life at Jacobs
Events
Early careers
Military & veteran talent
Login
Careers
Let's see the impact we can create together.
Search jobs
Job Detail
Associate Project Architect
Apply
Share
Location
Boston, Massachusetts, United States
Capabilities
Architecture and Interiors
Office Setup
Hybrid
Job ID
#41172
At Jacobs, we're challenging today to reinvent tomorrow by solving the world's most critical problems for thriving cities, resilient environments, mission-critical outcomes, operational advancement, scientific discovery and cutting-edge manufacturing, turning abstract ideas into realities that transform the world for good.
Your impact
At Jacobs, we’re challenging today to reinvent tomorrow by solving the world’s most critical challenges across the built environment. Our Cities & Places team is seeking an Associate Project Architect to help deliver innovative, sustainable, and human-centered design solutions that shape commu",,2026-06-25_14-41-18
Multimedia Environmental Compliance Consultant,"Baltimore, Maryland, United States",Jacobs,Environmental,https://careers.jacobs.com/en_US/careers/JobDetail/Multimedia-Environmental-Compliance-Consultant/41171,"Jacobs
About us
Solutions
Careers
Newsroom
Investors
Search jobs
Life at Jacobs
Events
Early careers
Military & veteran talent
Login
Careers
Let's see the impact we can create together.
Search jobs
Job Detail
Multimedia Environmental Compliance Consultant
Apply
Share
Location
Baltimore, Maryland, United States
Capabilities
Environmental
Office Setup
Hybrid
Job ID
#41171
At Jacobs, we're challenging today to reinvent tomorrow by solving the world's most critical problems for thriving cities, resilient environments, mission-critical outcomes, operational advancement, scientific discovery and cutting-edge manufacturing, turning abstract ideas into realities that transform the world for good.
Your impact
When it comes to environmental consulting, we’re focused on cleaning up our communities today to improve tomorrow. We’re seeking a Multimedia Environmental Compliance Consultant to ensure environmental regulatory compliance. This role combines deep environmental compliance expertise with t","Jacobs
About us
Solutions
Careers
Newsroom
Investors
Search jobs
Life at Jacobs
Events
Early careers
Military & veteran talent
Login
Careers
Let's see the impact we can create together.
Search jobs
Job Detail
Multimedia Environmental Compliance Consultant
Apply
Share
Location
Baltimore, Maryland, United States
Capabilities
Environmental
Office Setup
Hybrid
Job ID
#41171
At Jacobs, we're challenging today to reinvent tomorrow by solving the world's most critical problems for thriving cities, resilient environments, mission-critical outcomes, operational advancement, scientific discovery and cutting-edge manufacturing, turning abstract ideas into realities that transform the world for good.
Your impact
When it comes to environmental consulting, we’re focused on cleaning up our communities today to improve tomorrow. We’re seeking a Multimedia Environmental Compliance Consultant to ensure environmental regulatory compliance. This role combines deep environmental compliance expertise with t",,2026-06-25_14-41-24
Multimedia Environmental Compliance Consultant,"Virginia Beach, Virginia, United States",Jacobs,Environmental,https://careers.jacobs.com/en_US/careers/JobDetail/Multimedia-Environmental-Compliance-Consultant/41170,"Jacobs
About us
Solutions
Careers
Newsroom
Investors
Search jobs
Life at Jacobs
Events
Early careers
Military & veteran talent
Login
Careers
Let's see the impact we can create together.
Search jobs
Job Detail
Multimedia Environmental Compliance Consultant
Apply
Share
Location
Virginia Beach, Virginia, United States
Capabilities
Environmental
Office Setup
Hybrid
Job ID
#41170
At Jacobs, we're challenging today to reinvent tomorrow by solving the world's most critical problems for thriving cities, resilient environments, mission-critical outcomes, operational advancement, scientific discovery and cutting-edge manufacturing, turning abstract ideas into realities that transform the world for good.
Your impact
When it comes to environmental consulting, we’re focused on cleaning up our communities today to improve tomorrow. We’re seeking a Multimedia Environmental Compliance Consultant to ensure environmental regulatory compliance. This role combines deep environmental compliance expertise w","Jacobs
About us
Solutions
Careers
Newsroom
Investors
Search jobs
Life at Jacobs
Events
Early careers
Military & veteran talent
Login
Careers
Let's see the impact we can create together.
Search jobs
Job Detail
Multimedia Environmental Compliance Consultant
Apply
Share
Location
Virginia Beach, Virginia, United States
Capabilities
Environmental
Office Setup
Hybrid
Job ID
#41170
At Jacobs, we're challenging today to reinvent tomorrow by solving the world's most critical problems for thriving cities, resilient environments, mission-critical outcomes, operational advancement, scientific discovery and cutting-edge manufacturing, turning abstract ideas into realities that transform the world for good.
Your impact
When it comes to environmental consulting, we’re focused on cleaning up our communities today to improve tomorrow. We’re seeking a Multimedia Environmental Compliance Consultant to ensure environmental regulatory compliance. This role combines deep environmental compliance expertise w",,2026-06-25_14-41-29
Procurement Associate Professional,"Denver, Colorado, United States",Jacobs,Operations and Maintenance,https://careers.jacobs.com/en_US/careers/JobDetail/Procurement-Associate-Professional/41167,"Jacobs
About us
Solutions
Careers
Newsroom
Investors
Search jobs
Life at Jacobs
Events
Early careers
Military & veteran talent
Login
Careers
Let's see the impact we can create together.
Search jobs
Job Detail
Procurement Associate Professional
Apply
Share
Location
Denver, Colorado, United States
Capabilities
Operations and Maintenance
Office Setup
Hybrid
Job ID
#41167
At Jacobs, we're challenging today to reinvent tomorrow by solving the world's most critical problems for thriving cities, resilient environments, mission-critical outcomes, operational advancement, scientific discovery and cutting-edge manufacturing, turning abstract ideas into realities that transform the world for good.
Your impact
At Jacobs, we don’t settle – always looking beyond to raise the bar and deliver with excellence. We apply our expertise and knowledge as we look into the future with great optimism and focus. We don’t settle until we give our best and know that we’re making a difference.
Jacobs is seeking a ","Jacobs
About us
Solutions
Careers
Newsroom
Investors
Search jobs
Life at Jacobs
Events
Early careers
Military & veteran talent
Login
Careers
Let's see the impact we can create together.
Search jobs
Job Detail
Procurement Associate Professional
Apply
Share
Location
Denver, Colorado, United States
Capabilities
Operations and Maintenance
Office Setup
Hybrid
Job ID
#41167
At Jacobs, we're challenging today to reinvent tomorrow by solving the world's most critical problems for thriving cities, resilient environments, mission-critical outcomes, operational advancement, scientific discovery and cutting-edge manufacturing, turning abstract ideas into realities that transform the world for good.
Your impact
At Jacobs, we don’t settle – always looking beyond to raise the bar and deliver with excellence. We apply our expertise and knowledge as we look into the future with great optimism and focus. We don’t settle until we give our best and know that we’re making a difference.
Jacobs is seeking a ",,2026-06-25_14-41-35
Senior Health & Safety Auditor,"FPO, All US Regions, United States",Jacobs,Environmental,https://careers.jacobs.com/en_US/careers/JobDetail/Senior-Health-Safety-Auditor/41166,"Jacobs
About us
Solutions
Careers
Newsroom
Investors
Search jobs
Life at Jacobs
Events
Early careers
Military & veteran talent
Login
Careers
Let's see the impact we can create together.
Search jobs
Job Detail
Senior Health & Safety Auditor
Apply
Share
Location
FPO, All US Regions, United States
Capabilities
Environmental
Office Setup
Hybrid
Job ID
#41166
At Jacobs, we're challenging today to reinvent tomorrow by solving the world's most critical problems for thriving cities, resilient environments, mission-critical outcomes, operational advancement, scientific discovery and cutting-edge manufacturing, turning abstract ideas into realities that transform the world for good.
Your impact
When it comes to environmental consulting, we’re focused on cleaning up our communities today to improve tomorrow. We’re seeking a Senior Health & Safety Auditor that will be responsible for planning and conducting health and safety audits to ensure compliance with internal policies, regulatory requiremen","Jacobs
About us
Solutions
Careers
Newsroom
Investors
Search jobs
Life at Jacobs
Events
Early careers
Military & veteran talent
Login
Careers
Let's see the impact we can create together.
Search jobs
Job Detail
Senior Health & Safety Auditor
Apply
Share
Location
FPO, All US Regions, United States
Capabilities
Environmental
Office Setup
Hybrid
Job ID
#41166
At Jacobs, we're challenging today to reinvent tomorrow by solving the world's most critical problems for thriving cities, resilient environments, mission-critical outcomes, operational advancement, scientific discovery and cutting-edge manufacturing, turning abstract ideas into realities that transform the world for good.
Your impact
When it comes to environmental consulting, we’re focused on cleaning up our communities today to improve tomorrow. We’re seeking a Senior Health & Safety Auditor that will be responsible for planning and conducting health and safety audits to ensure compliance with internal policies, regulatory requiremen",,2026-06-25_14-41-40
"Senior Environmental, Health & Safety (EHS) Auditor","FPO, All US Regions, United States",Jacobs,Environmental,https://careers.jacobs.com/en_US/careers/JobDetail/Senior-Environmental-Health-Safety-EHS-Auditor/41165,"Jacobs
About us
Solutions
Careers
Newsroom
Investors
Search jobs
Life at Jacobs
Events
Early careers
Military & veteran talent
Login
Careers
Let's see the impact we can create together.
Search jobs
Job Detail
Senior Environmental, Health & Safety (EHS) Auditor
Apply
Share
Location
FPO, All US Regions, United States
Capabilities
Environmental
Office Setup
Hybrid
Job ID
#41165
At Jacobs, we're challenging today to reinvent tomorrow by solving the world's most critical problems for thriving cities, resilient environments, mission-critical outcomes, operational advancement, scientific discovery and cutting-edge manufacturing, turning abstract ideas into realities that transform the world for good.
Your impact
When it comes to environmental consulting, we’re focused on cleaning up our communities today to improve tomorrow. We’re seeking a Senior Environmental, Health & Safety Auditor that will be responsible for planning and conducting environmental, health, and safety audits to ensure comp","Jacobs
About us
Solutions
Careers
Newsroom
Investors
Search jobs
Life at Jacobs
Events
Early careers
Military & veteran talent
Login
Careers
Let's see the impact we can create together.
Search jobs
Job Detail
Senior Environmental, Health & Safety (EHS) Auditor
Apply
Share
Location
FPO, All US Regions, United States
Capabilities
Environmental
Office Setup
Hybrid
Job ID
#41165
At Jacobs, we're challenging today to reinvent tomorrow by solving the world's most critical problems for thriving cities, resilient environments, mission-critical outcomes, operational advancement, scientific discovery and cutting-edge manufacturing, turning abstract ideas into realities that transform the world for good.
Your impact
When it comes to environmental consulting, we’re focused on cleaning up our communities today to improve tomorrow. We’re seeking a Senior Environmental, Health & Safety Auditor that will be responsible for planning and conducting environmental, health, and safety audits to ensure comp",,2026-06-25_14-41-45
Civil/Structural/Arch Construction Technical Services Specialist,"Spartanburg, South Carolina, United States",Jacobs,Enterprise Functions,https://careers.jacobs.com/en_US/careers/JobDetail/Civil-Structural-Arch-Construction-Technical-Services-Specialist/41139,"Jacobs
About us
Solutions
Careers
Newsroom
Investors
Search jobs
Life at Jacobs
Events
Early careers
Military & veteran talent
Login
Careers
Let's see the impact we can create together.
Search jobs
Job Detail
Civil/Structural/Arch Construction Technical Services Specialist
Apply
Share
Location
Spartanburg, South Carolina, United States
Capabilities
Enterprise Functions
Office Setup
Hybrid
Job ID
#41139
At Jacobs, we're challenging today to reinvent tomorrow by solving the world's most critical problems for thriving cities, resilient environments, mission-critical outcomes, operational advancement, scientific discovery and cutting-edge manufacturing, turning abstract ideas into realities that transform the world for good.
Your impact
Our People & Places Solutions business – reinforces our drive to improve the lives of people everywhere and epitomizes the ""why"" of what we do – the tremendous positive impact and value our solutions bring to our communities and society as a whole. From fac","Jacobs
About us
Solutions
Careers
Newsroom
Investors
Search jobs
Life at Jacobs
Events
Early careers
Military & veteran talent
Login
Careers
Let's see the impact we can create together.
Search jobs
Job Detail
Civil/Structural/Arch Construction Technical Services Specialist
Apply
Share
Location
Spartanburg, South Carolina, United States
Capabilities
Enterprise Functions
Office Setup
Hybrid
Job ID
#41139
At Jacobs, we're challenging today to reinvent tomorrow by solving the world's most critical problems for thriving cities, resilient environments, mission-critical outcomes, operational advancement, scientific discovery and cutting-edge manufacturing, turning abstract ideas into realities that transform the world for good.
Your impact
Our People & Places Solutions business – reinforces our drive to improve the lives of people everywhere and epitomizes the ""why"" of what we do – the tremendous positive impact and value our solutions bring to our communities and society as a whole. From fac",,2026-06-25_14-41-51
Civil/Structural/Arch Construction Technical Services Specialist,"Saint Francisville, Louisiana, United States",Jacobs,Enterprise Functions,https://careers.jacobs.com/en_US/careers/JobDetail/Civil-Structural-Arch-Construction-Technical-Services-Specialist/41138,"Jacobs
About us
Solutions
Careers
Newsroom
Investors
Search jobs
Life at Jacobs
Events
Early careers
Military & veteran talent
Login
Careers
Let's see the impact we can create together.
Search jobs
Job Detail
Civil/Structural/Arch Construction Technical Services Specialist
Apply
Share
Location
Saint Francisville, Louisiana, United States
Capabilities
Enterprise Functions
Office Setup
Hybrid
Job ID
#41138
At Jacobs, we're challenging today to reinvent tomorrow by solving the world's most critical problems for thriving cities, resilient environments, mission-critical outcomes, operational advancement, scientific discovery and cutting-edge manufacturing, turning abstract ideas into realities that transform the world for good.
Your impact
Our People & Places Solutions business – reinforces our drive to improve the lives of people everywhere and epitomizes the ""why"" of what we do – the tremendous positive impact and value our solutions bring to our communities and society as a whole. From f","Jacobs
About us
Solutions
Careers
Newsroom
Investors
Search jobs
Life at Jacobs
Events
Early careers
Military & veteran talent
Login
Careers
Let's see the impact we can create together.
Search jobs
Job Detail
Civil/Structural/Arch Construction Technical Services Specialist
Apply
Share
Location
Saint Francisville, Louisiana, United States
Capabilities
Enterprise Functions
Office Setup
Hybrid
Job ID
#41138
At Jacobs, we're challenging today to reinvent tomorrow by solving the world's most critical problems for thriving cities, resilient environments, mission-critical outcomes, operational advancement, scientific discovery and cutting-edge manufacturing, turning abstract ideas into realities that transform the world for good.
Your impact
Our People & Places Solutions business – reinforces our drive to improve the lives of people everywhere and epitomizes the ""why"" of what we do – the tremendous positive impact and value our solutions bring to our communities and society as a whole. From f",,2026-06-25_14-41-57
Intermediate Health & Safety Auditor,"FPO, All US Regions, United States",Jacobs,Environmental,https://careers.jacobs.com/en_US/careers/JobDetail/Intermediate-Health-Safety-Auditor/41137,"Jacobs
About us
Solutions
Careers
Newsroom
Investors
Search jobs
Life at Jacobs
Events
Early careers
Military & veteran talent
Login
Careers
Let's see the impact we can create together.
Search jobs
Job Detail
Intermediate Health & Safety Auditor
Apply
Share
Location
FPO, All US Regions, United States
Capabilities
Environmental
Office Setup
Hybrid
Job ID
#41137
At Jacobs, we're challenging today to reinvent tomorrow by solving the world's most critical problems for thriving cities, resilient environments, mission-critical outcomes, operational advancement, scientific discovery and cutting-edge manufacturing, turning abstract ideas into realities that transform the world for good.
Your impact
When it comes to environmental consulting, we’re focused on cleaning up our communities today to improve tomorrow. We’re seeking an Intermediate Health and Safety Auditor that will be responsible for planning and conducting health and safety audits to ensure compliance with internal policies, regula","Jacobs
About us
Solutions
Careers
Newsroom
Investors
Search jobs
Life at Jacobs
Events
Early careers
Military & veteran talent
Login
Careers
Let's see the impact we can create together.
Search jobs
Job Detail
Intermediate Health & Safety Auditor
Apply
Share
Location
FPO, All US Regions, United States
Capabilities
Environmental
Office Setup
Hybrid
Job ID
#41137
At Jacobs, we're challenging today to reinvent tomorrow by solving the world's most critical problems for thriving cities, resilient environments, mission-critical outcomes, operational advancement, scientific discovery and cutting-edge manufacturing, turning abstract ideas into realities that transform the world for good.
Your impact
When it comes to environmental consulting, we’re focused on cleaning up our communities today to improve tomorrow. We’re seeking an Intermediate Health and Safety Auditor that will be responsible for planning and conducting health and safety audits to ensure compliance with internal policies, regula",,2026-06-25_14-42-03
"Intermediate Environmental, Health & Safety (EHS) Auditor","FPO, All US Regions, United States",Jacobs,Environmental,https://careers.jacobs.com/en_US/careers/JobDetail/Intermediate-Environmental-Health-Safety-EHS-Auditor/41136,"Jacobs
About us
Solutions
Careers
Newsroom
Investors
Search jobs
Life at Jacobs
Events
Early careers
Military & veteran talent
Login
Careers
Let's see the impact we can create together.
Search jobs
Job Detail
Intermediate Environmental, Health & Safety (EHS) Auditor
Apply
Share
Location
FPO, All US Regions, United States
Capabilities
Environmental
Office Setup
Hybrid
Job ID
#41136
At Jacobs, we're challenging today to reinvent tomorrow by solving the world's most critical problems for thriving cities, resilient environments, mission-critical outcomes, operational advancement, scientific discovery and cutting-edge manufacturing, turning abstract ideas into realities that transform the world for good.
Your impact
When it comes to environmental consulting, we’re focused on cleaning up our communities today to improve tomorrow. We’re seeking an Intermediate Environmental, Health & Safety Auditor that will be responsible for planning and conducting environmental, health, and safety audits t","Jacobs
About us
Solutions
Careers
Newsroom
Investors
Search jobs
Life at Jacobs
Events
Early careers
Military & veteran talent
Login
Careers
Let's see the impact we can create together.
Search jobs
Job Detail
Intermediate Environmental, Health & Safety (EHS) Auditor
Apply
Share
Location
FPO, All US Regions, United States
Capabilities
Environmental
Office Setup
Hybrid
Job ID
#41136
At Jacobs, we're challenging today to reinvent tomorrow by solving the world's most critical problems for thriving cities, resilient environments, mission-critical outcomes, operational advancement, scientific discovery and cutting-edge manufacturing, turning abstract ideas into realities that transform the world for good.
Your impact
When it comes to environmental consulting, we’re focused on cleaning up our communities today to improve tomorrow. We’re seeking an Intermediate Environmental, Health & Safety Auditor that will be responsible for planning and conducting environmental, health, and safety audits t",,2026-06-25_14-42-08
Senior Construction Director (LSNA-Northeast),"Cary, North Carolina, United States",Jacobs,Construction,https://careers.jacobs.com/en_US/careers/JobDetail/Senior-Construction-Director-LSNA-Northeast/41135,"Jacobs
About us
Solutions
Careers
Newsroom
Investors
Search jobs
Life at Jacobs
Events
Early careers
Military & veteran talent
Login
Careers
Let's see the impact we can create together.
Search jobs
Job Detail
Senior Construction Director (LSNA-Northeast)
Apply
Share
Location
Cary, North Carolina, United States
Capabilities
Construction
Office Setup
Hybrid
Job ID
#41135
At Jacobs, we're challenging today to reinvent tomorrow by solving the world's most critical problems for thriving cities, resilient environments, mission-critical outcomes, operational advancement, scientific discovery and cutting-edge manufacturing, turning abstract ideas into realities that transform the world for good.
Your impact
We are looking for a passionate Senior Construction Director for our LSNA Northeast area who is excited about working on projects that enable the heart of our clients’ business. This position will report to the Senior Director of Life Science North America Construction. Join us and you’ll h","Jacobs
About us
Solutions
Careers
Newsroom
Investors
Search jobs
Life at Jacobs
Events
Early careers
Military & veteran talent
Login
Careers
Let's see the impact we can create together.
Search jobs
Job Detail
Senior Construction Director (LSNA-Northeast)
Apply
Share
Location
Cary, North Carolina, United States
Capabilities
Construction
Office Setup
Hybrid
Job ID
#41135
At Jacobs, we're challenging today to reinvent tomorrow by solving the world's most critical problems for thriving cities, resilient environments, mission-critical outcomes, operational advancement, scientific discovery and cutting-edge manufacturing, turning abstract ideas into realities that transform the world for good.
Your impact
We are looking for a passionate Senior Construction Director for our LSNA Northeast area who is excited about working on projects that enable the heart of our clients’ business. This position will report to the Senior Director of Life Science North America Construction. Join us and you’ll h",,2026-06-25_14-42-14
"GIS Technician - The Villages, FL","The Villages, Florida, United States",Jacobs,Operations and Maintenance,https://careers.jacobs.com/en_US/careers/JobDetail/GIS-Technician-The-Villages-FL/41130,"Jacobs
About us
Solutions
Careers
Newsroom
Investors
Search jobs
Life at Jacobs
Events
Early careers
Military & veteran talent
Login
Careers
Let's see the impact we can create together.
Search jobs
Job Detail
GIS Technician - The Villages, FL
Apply
Share
Location
The Villages, Florida, United States
Capabilities
Operations and Maintenance
Office Setup
Office/Onsite
Job ID
#41130
At Jacobs, we're challenging today to reinvent tomorrow by solving the world's most critical problems for thriving cities, resilient environments, mission-critical outcomes, operational advancement, scientific discovery and cutting-edge manufacturing, turning abstract ideas into realities that transform the world for good.
Your impact
At Jacobs, we challenge what is currently accepted, so we can shape innovative and lasting solutions for tomorrow. Through the delivery of our operations and maintenance services, you’ll make it simpler and more seamless for our municipal clients to operate safely and efficiently,","Jacobs
About us
Solutions
Careers
Newsroom
Investors
Search jobs
Life at Jacobs
Events
Early careers
Military & veteran talent
Login
Careers
Let's see the impact we can create together.
Search jobs
Job Detail
GIS Technician - The Villages, FL
Apply
Share
Location
The Villages, Florida, United States
Capabilities
Operations and Maintenance
Office Setup
Office/Onsite
Job ID
#41130
At Jacobs, we're challenging today to reinvent tomorrow by solving the world's most critical problems for thriving cities, resilient environments, mission-critical outcomes, operational advancement, scientific discovery and cutting-edge manufacturing, turning abstract ideas into realities that transform the world for good.
Your impact
At Jacobs, we challenge what is currently accepted, so we can shape innovative and lasting solutions for tomorrow. Through the delivery of our operations and maintenance services, you’ll make it simpler and more seamless for our municipal clients to operate safely and efficiently,",,2026-06-25_14-42-20
Senior Scheduler - Engineering,"New Orleans, Louisiana, United States",Jacobs,Project Controls,https://careers.jacobs.com/en_US/careers/JobDetail/Senior-Scheduler-Engineering/41129,"Jacobs
About us
Solutions
Careers
Newsroom
Investors
Search jobs
Life at Jacobs
Events
Early careers
Military & veteran talent
Login
Careers
Let's see the impact we can create together.
Search jobs
Job Detail
Senior Scheduler - Engineering
Apply
Share
Location
New Orleans, Louisiana, United States
Capabilities
Project Controls
Office Setup
Hybrid
Job ID
#41129
At Jacobs, we're challenging today to reinvent tomorrow by solving the world's most critical problems for thriving cities, resilient environments, mission-critical outcomes, operational advancement, scientific discovery and cutting-edge manufacturing, turning abstract ideas into realities that transform the world for good.
Your impact
The Scheduler will support a utility client’s capital project portfolio by developing, maintaining, and analyzing detailed project schedules using Primavera P6. This role partners closely with Project Managers, construction teams, and contractors to ensure schedule integrity, visibility into key mil","Jacobs
About us
Solutions
Careers
Newsroom
Investors
Search jobs
Life at Jacobs
Events
Early careers
Military & veteran talent
Login
Careers
Let's see the impact we can create together.
Search jobs
Job Detail
Senior Scheduler - Engineering
Apply
Share
Location
New Orleans, Louisiana, United States
Capabilities
Project Controls
Office Setup
Hybrid
Job ID
#41129
At Jacobs, we're challenging today to reinvent tomorrow by solving the world's most critical problems for thriving cities, resilient environments, mission-critical outcomes, operational advancement, scientific discovery and cutting-edge manufacturing, turning abstract ideas into realities that transform the world for good.
Your impact
The Scheduler will support a utility client’s capital project portfolio by developing, maintaining, and analyzing detailed project schedules using Primavera P6. This role partners closely with Project Managers, construction teams, and contractors to ensure schedule integrity, visibility into key mil",,2026-06-25_14-42-25
"Water Instrumentation & Controls Electrician - Woodland-Davis, CA","Woodland, California, United States",Jacobs,Operations and Maintenance,https://careers.jacobs.com/en_US/careers/JobDetail/Water-Instrumentation-Controls-Electrician-Woodland-Davis-CA/41126,"Jacobs
About us
Solutions
Careers
Newsroom
Investors
Search jobs
Life at Jacobs
Events
Early careers
Military & veteran talent
Login
Careers
Let's see the impact we can create together.
Search jobs
Job Detail
Water Instrumentation & Controls Electrician - Woodland-Davis, CA
Apply
Share
Location
Woodland, California, United States
Capabilities
Operations and Maintenance
Office Setup
Office/Onsite
Job ID
#41126
At Jacobs, we're challenging today to reinvent tomorrow by solving the world's most critical problems for thriving cities, resilient environments, mission-critical outcomes, operational advancement, scientific discovery and cutting-edge manufacturing, turning abstract ideas into realities that transform the world for good.
Your impact
At Jacobs, we challenge what’s currently accepted, so we can shape innovative and lasting solutions for tomorrow. Through the delivery of our operations and maintenance services, you’ll make it simpler and more seamless for our municipal clients to o","Jacobs
About us
Solutions
Careers
Newsroom
Investors
Search jobs
Life at Jacobs
Events
Early careers
Military & veteran talent
Login
Careers
Let's see the impact we can create together.
Search jobs
Job Detail
Water Instrumentation & Controls Electrician - Woodland-Davis, CA
Apply
Share
Location
Woodland, California, United States
Capabilities
Operations and Maintenance
Office Setup
Office/Onsite
Job ID
#41126
At Jacobs, we're challenging today to reinvent tomorrow by solving the world's most critical problems for thriving cities, resilient environments, mission-critical outcomes, operational advancement, scientific discovery and cutting-edge manufacturing, turning abstract ideas into realities that transform the world for good.
Your impact
At Jacobs, we challenge what’s currently accepted, so we can shape innovative and lasting solutions for tomorrow. Through the delivery of our operations and maintenance services, you’ll make it simpler and more seamless for our municipal clients to o",,2026-06-25_14-42-31
Construction Manager - Rail/Transit,"New York, New York, United States",Jacobs,Construction,https://careers.jacobs.com/en_US/careers/JobDetail/Construction-Manager-Rail-Transit/41121,"Jacobs
About us
Solutions
Careers
Newsroom
Investors
Search jobs
Life at Jacobs
Events
Early careers
Military & veteran talent
Login
Careers
Let's see the impact we can create together.
Search jobs
Job Detail
Construction Manager - Rail/Transit
Apply
Share
Location
New York, New York, United States
Capabilities
Construction
Office Setup
Office/Onsite
Job ID
#41121
At Jacobs, we're challenging today to reinvent tomorrow by solving the world's most critical problems for thriving cities, resilient environments, mission-critical outcomes, operational advancement, scientific discovery and cutting-edge manufacturing, turning abstract ideas into realities that transform the world for good.
Your impact
Do you have an appreciation and expertise in managing the construction of major transit projects? If so, we’ve been looking for you!

By joining our team, we’ll have you demonstrate your experience with construction elements of rail/transit projects of rehabilitation and repair work while you se","Jacobs
About us
Solutions
Careers
Newsroom
Investors
Search jobs
Life at Jacobs
Events
Early careers
Military & veteran talent
Login
Careers
Let's see the impact we can create together.
Search jobs
Job Detail
Construction Manager - Rail/Transit
Apply
Share
Location
New York, New York, United States
Capabilities
Construction
Office Setup
Office/Onsite
Job ID
#41121
At Jacobs, we're challenging today to reinvent tomorrow by solving the world's most critical problems for thriving cities, resilient environments, mission-critical outcomes, operational advancement, scientific discovery and cutting-edge manufacturing, turning abstract ideas into realities that transform the world for good.
Your impact
Do you have an appreciation and expertise in managing the construction of major transit projects? If so, we’ve been looking for you!

By joining our team, we’ll have you demonstrate your experience with construction elements of rail/transit projects of rehabilitation and repair work while you se",,2026-06-25_14-42-36
"Meter Department Supervisor - Pembroke Pines, FL","Pembroke Pines, Florida, United States",Jacobs,Operations and Maintenance,https://careers.jacobs.com/en_US/careers/JobDetail/Meter-Department-Supervisor-Pembroke-Pines-FL/41117,"Jacobs
About us
Solutions
Careers
Newsroom
Investors
Search jobs
Life at Jacobs
Events
Early careers
Military & veteran talent
Login
Careers
Let's see the impact we can create together.
Search jobs
Job Detail
Meter Department Supervisor - Pembroke Pines, FL
Apply
Share
Location
Pembroke Pines, Florida, United States
Capabilities
Operations and Maintenance
Office Setup
Office/Onsite
Job ID
#41117
At Jacobs, we're challenging today to reinvent tomorrow by solving the world's most critical problems for thriving cities, resilient environments, mission-critical outcomes, operational advancement, scientific discovery and cutting-edge manufacturing, turning abstract ideas into realities that transform the world for good.
Your impact
Jacobs, we challenge what is currently accepted, so we can shape innovative and lasting solutions for tomorrow. Through the delivery of our operations and maintenance services, you’ll make it simpler and more seamless for our municipal clients to operate safely an","Jacobs
About us
Solutions
Careers
Newsroom
Investors
Search jobs
Life at Jacobs
Events
Early careers
Military & veteran talent
Login
Careers
Let's see the impact we can create together.
Search jobs
Job Detail
Meter Department Supervisor - Pembroke Pines, FL
Apply
Share
Location
Pembroke Pines, Florida, United States
Capabilities
Operations and Maintenance
Office Setup
Office/Onsite
Job ID
#41117
At Jacobs, we're challenging today to reinvent tomorrow by solving the world's most critical problems for thriving cities, resilient environments, mission-critical outcomes, operational advancement, scientific discovery and cutting-edge manufacturing, turning abstract ideas into realities that transform the world for good.
Your impact
Jacobs, we challenge what is currently accepted, so we can shape innovative and lasting solutions for tomorrow. Through the delivery of our operations and maintenance services, you’ll make it simpler and more seamless for our municipal clients to operate safely an",,2026-06-25_14-42-42
Project Manager,"Tampa, Florida, United States",Jacobs,Project Management,https://careers.jacobs.com/en_US/careers/JobDetail/Project-Manager/41116,"Jacobs
About us
Solutions
Careers
Newsroom
Investors
Search jobs
Life at Jacobs
Events
Early careers
Military & veteran talent
Login
Careers
Let's see the impact we can create together.
Search jobs
Job Detail
Project Manager
Apply
Share
Location
Tampa, Florida, United States
Capabilities
Project Management
Office Setup
Office/Onsite
Job ID
#41116
At Jacobs, we're challenging today to reinvent tomorrow by solving the world's most critical problems for thriving cities, resilient environments, mission-critical outcomes, operational advancement, scientific discovery and cutting-edge manufacturing, turning abstract ideas into realities that transform the world for good.
Your impact
At Jacobs, our PMCM team works seamlessly with clients by delivering projects and programs to achieve our clients’ goals. Whether it’s managing construction or designing buildings, solutions are continuously being implemented. What we do is more than construction; we play a part in moving a vision from concept to","Jacobs
About us
Solutions
Careers
Newsroom
Investors
Search jobs
Life at Jacobs
Events
Early careers
Military & veteran talent
Login
Careers
Let's see the impact we can create together.
Search jobs
Job Detail
Project Manager
Apply
Share
Location
Tampa, Florida, United States
Capabilities
Project Management
Office Setup
Office/Onsite
Job ID
#41116
At Jacobs, we're challenging today to reinvent tomorrow by solving the world's most critical problems for thriving cities, resilient environments, mission-critical outcomes, operational advancement, scientific discovery and cutting-edge manufacturing, turning abstract ideas into realities that transform the world for good.
Your impact
At Jacobs, our PMCM team works seamlessly with clients by delivering projects and programs to achieve our clients’ goals. Whether it’s managing construction or designing buildings, solutions are continuously being implemented. What we do is more than construction; we play a part in moving a vision from concept to",,2026-06-25_14-42-48
Senior Design Architect (LSNA-PA/IN/OH/NC/TX/VA),"Conshohocken, Pennsylvania, United States",Jacobs,Architecture and Interiors,https://careers.jacobs.com/en_US/careers/JobDetail/Senior-Design-Architect-LSNA-PA-IN-OH-NC-TX-VA/41100,"Jacobs
About us
Solutions
Careers
Newsroom
Investors
Search jobs
Life at Jacobs
Events
Early careers
Military & veteran talent
Login
Careers
Let's see the impact we can create together.
Search jobs
Job Detail
Senior Design Architect (LSNA-PA/IN/OH/NC/TX/VA)
Apply
Share
Location
Conshohocken, Pennsylvania, United States
Capabilities
Architecture and Interiors
Office Setup
Hybrid
Job ID
#41100
At Jacobs, we're challenging today to reinvent tomorrow by solving the world's most critical problems for thriving cities, resilient environments, mission-critical outcomes, operational advancement, scientific discovery and cutting-edge manufacturing, turning abstract ideas into realities that transform the world for good.
Your impact
At Jacobs, we challenge what is currently accepted, so we can shape innovative and lasting solutions for tomorrow. If you’re interested in a long and rewarding career working with the industry’s best and most innovative engineers, then Jacobs is where you belong. 

We","Jacobs
About us
Solutions
Careers
Newsroom
Investors
Search jobs
Life at Jacobs
Events
Early careers
Military & veteran talent
Login
Careers
Let's see the impact we can create together.
Search jobs
Job Detail
Senior Design Architect (LSNA-PA/IN/OH/NC/TX/VA)
Apply
Share
Location
Conshohocken, Pennsylvania, United States
Capabilities
Architecture and Interiors
Office Setup
Hybrid
Job ID
#41100
At Jacobs, we're challenging today to reinvent tomorrow by solving the world's most critical problems for thriving cities, resilient environments, mission-critical outcomes, operational advancement, scientific discovery and cutting-edge manufacturing, turning abstract ideas into realities that transform the world for good.
Your impact
At Jacobs, we challenge what is currently accepted, so we can shape innovative and lasting solutions for tomorrow. If you’re interested in a long and rewarding career working with the industry’s best and most innovative engineers, then Jacobs is where you belong. 

We",,2026-06-25_14-42-54
Senior Certified Welder and High Strength Bolting Inspector,"Los Angeles, California, United States",Jacobs,Construction,https://careers.jacobs.com/en_US/careers/JobDetail/Senior-Certified-Welder-and-High-Strength-Bolting-Inspector/41097,"Jacobs
About us
Solutions
Careers
Newsroom
Investors
Search jobs
Life at Jacobs
Events
Early careers
Military & veteran talent
Login
Careers
Let's see the impact we can create together.
Search jobs
Job Detail
Senior Certified Welder and High Strength Bolting Inspector
Apply
Share
Location
Los Angeles, California, United States
Capabilities
Construction
Office Setup
Office/Onsite
Job ID
#41097
At Jacobs, we're challenging today to reinvent tomorrow by solving the world's most critical problems for thriving cities, resilient environments, mission-critical outcomes, operational advancement, scientific discovery and cutting-edge manufacturing, turning abstract ideas into realities that transform the world for good.
Your impact
We are seeking a highly experienced and qualified Senior Welding & Structural Inspection Specialist to support a wide range of construction, fabrication, and industrial projects. This position requires an accomplished professional with extensive experience in welding","Jacobs
About us
Solutions
Careers
Newsroom
Investors
Search jobs
Life at Jacobs
Events
Early careers
Military & veteran talent
Login
Careers
Let's see the impact we can create together.
Search jobs
Job Detail
Senior Certified Welder and High Strength Bolting Inspector
Apply
Share
Location
Los Angeles, California, United States
Capabilities
Construction
Office Setup
Office/Onsite
Job ID
#41097
At Jacobs, we're challenging today to reinvent tomorrow by solving the world's most critical problems for thriving cities, resilient environments, mission-critical outcomes, operational advancement, scientific discovery and cutting-edge manufacturing, turning abstract ideas into realities that transform the world for good.
Your impact
We are seeking a highly experienced and qualified Senior Welding & Structural Inspection Specialist to support a wide range of construction, fabrication, and industrial projects. This position requires an accomplished professional with extensive experience in welding",,2026-06-25_14-42-59
Construction Manager (LSNA-PA),"Conshohocken, Pennsylvania, United States",Jacobs,Construction,https://careers.jacobs.com/en_US/careers/JobDetail/Construction-Manager-LSNA-PA/41096,"Jacobs
About us
Solutions
Careers
Newsroom
Investors
Search jobs
Life at Jacobs
Events
Early careers
Military & veteran talent
Login
Careers
Let's see the impact we can create together.
Search jobs
Job Detail
Construction Manager (LSNA-PA)
Apply
Share
Location
Conshohocken, Pennsylvania, United States
Capabilities
Construction
Office Setup
Office/Onsite
Job ID
#41096
At Jacobs, we're challenging today to reinvent tomorrow by solving the world's most critical problems for thriving cities, resilient environments, mission-critical outcomes, operational advancement, scientific discovery and cutting-edge manufacturing, turning abstract ideas into realities that transform the world for good.
Your impact
At Jacobs, we challenge what is currently accepted, so we can shape innovative and lasting solutions for tomorrow. If you’re interested in a long and rewarding career working with the industry’s best and most innovative engineers, then Jacobs is where you belong. We are looking for a driven a","Jacobs
About us
Solutions
Careers
Newsroom
Investors
Search jobs
Life at Jacobs
Events
Early careers
Military & veteran talent
Login
Careers
Let's see the impact we can create together.
Search jobs
Job Detail
Construction Manager (LSNA-PA)
Apply
Share
Location
Conshohocken, Pennsylvania, United States
Capabilities
Construction
Office Setup
Office/Onsite
Job ID
#41096
At Jacobs, we're challenging today to reinvent tomorrow by solving the world's most critical problems for thriving cities, resilient environments, mission-critical outcomes, operational advancement, scientific discovery and cutting-edge manufacturing, turning abstract ideas into realities that transform the world for good.
Your impact
At Jacobs, we challenge what is currently accepted, so we can shape innovative and lasting solutions for tomorrow. If you’re interested in a long and rewarding career working with the industry’s best and most innovative engineers, then Jacobs is where you belong. We are looking for a driven a",,2026-06-25_14-43-05
Senior Water Resources Project Manager,"Omaha, Nebraska, United States",Jacobs,Project Management,https://careers.jacobs.com/en_US/careers/JobDetail/Senior-Water-Resources-Project-Manager/41095,"Jacobs
About us
Solutions
Careers
Newsroom
Investors
Search jobs
Life at Jacobs
Events
Early careers
Military & veteran talent
Login
Careers
Let's see the impact we can create together.
Search jobs
Job Detail
Senior Water Resources Project Manager
Apply
Share
Location
Omaha, Nebraska, United States
Capabilities
Project Management
Office Setup
Hybrid
Job ID
#41095
At Jacobs, we're challenging today to reinvent tomorrow by solving the world's most critical problems for thriving cities, resilient environments, mission-critical outcomes, operational advancement, scientific discovery and cutting-edge manufacturing, turning abstract ideas into realities that transform the world for good.
Your impact
We are looking to add another Project Manager to assist with large cutting edge projects in the Omaha area! If you’re interested in a company where you can learn and collaborate with the best engineers, working on the world’s most exciting and challenging projects, and a place you can retire from","Jacobs
About us
Solutions
Careers
Newsroom
Investors
Search jobs
Life at Jacobs
Events
Early careers
Military & veteran talent
Login
Careers
Let's see the impact we can create together.
Search jobs
Job Detail
Senior Water Resources Project Manager
Apply
Share
Location
Omaha, Nebraska, United States
Capabilities
Project Management
Office Setup
Hybrid
Job ID
#41095
At Jacobs, we're challenging today to reinvent tomorrow by solving the world's most critical problems for thriving cities, resilient environments, mission-critical outcomes, operational advancement, scientific discovery and cutting-edge manufacturing, turning abstract ideas into realities that transform the world for good.
Your impact
We are looking to add another Project Manager to assist with large cutting edge projects in the Omaha area! If you’re interested in a company where you can learn and collaborate with the best engineers, working on the world’s most exciting and challenging projects, and a place you can retire from",,2026-06-25_14-43-11
Water Project Engineer,"Davie, Florida, United States",Jacobs,Civil and Structural,https://careers.jacobs.com/en_US/careers/JobDetail/Water-Project-Engineer/41094,"Jacobs
About us
Solutions
Careers
Newsroom
Investors
Search jobs
Life at Jacobs
Events
Early careers
Military & veteran talent
Login
Careers
Let's see the impact we can create together.
Search jobs
Job Detail
Water Project Engineer
Apply
Share
Location
Davie, Florida, United States
Capabilities
Civil and Structural
Office Setup
Office/Onsite
Job ID
#41094
At Jacobs, we're challenging today to reinvent tomorrow by solving the world's most critical problems for thriving cities, resilient environments, mission-critical outcomes, operational advancement, scientific discovery and cutting-edge manufacturing, turning abstract ideas into realities that transform the world for good.
Your impact
At Jacobs, we are challenging today to reinvent tomorrow by solving the world’s most critical infrastructure challenges. In our people and places solutions business, we deliver projects that protect public health, improve water quality, and support sustainable communities. This role supports water and wa","Jacobs
About us
Solutions
Careers
Newsroom
Investors
Search jobs
Life at Jacobs
Events
Early careers
Military & veteran talent
Login
Careers
Let's see the impact we can create together.
Search jobs
Job Detail
Water Project Engineer
Apply
Share
Location
Davie, Florida, United States
Capabilities
Civil and Structural
Office Setup
Office/Onsite
Job ID
#41094
At Jacobs, we're challenging today to reinvent tomorrow by solving the world's most critical problems for thriving cities, resilient environments, mission-critical outcomes, operational advancement, scientific discovery and cutting-edge manufacturing, turning abstract ideas into realities that transform the world for good.
Your impact
At Jacobs, we are challenging today to reinvent tomorrow by solving the world’s most critical infrastructure challenges. In our people and places solutions business, we deliver projects that protect public health, improve water quality, and support sustainable communities. This role supports water and wa",,2026-06-25_14-43-16
Director of Construction (Data Centers),"Corpus Christi, Texas, United States",Jacobs,Construction,https://careers.jacobs.com/en_US/careers/JobDetail/Director-of-Construction-Data-Centers/41368,,,,2026-06-26_08-57-45
Director of Construction (Data Centers),"Saint Francisville, Louisiana, United States",Jacobs,Construction,https://careers.jacobs.com/en_US/careers/JobDetail/Director-of-Construction-Data-Centers/41367,,,,2026-06-26_08-57-46
Sr Construction Manager (Data Centers),"Saint Francisville, Louisiana, United States",Jacobs,Construction,https://careers.jacobs.com/en_US/careers/JobDetail/Sr-Construction-Manager-Data-Centers/41366,,,,2026-06-26_08-57-46
Sr Construction Manager (Data Centers),"Corpus Christi, Texas, United States",Jacobs,Construction,https://careers.jacobs.com/en_US/careers/JobDetail/Sr-Construction-Manager-Data-Centers/41365,Max challenge attempts exceeded. Please refresh the page to try again!,Max challenge attempts exceeded. Please refresh the page to try again!,,2026-06-26_08-57-47
Wireless Telecommunications Design Lead,"Philadelphia, Pennsylvania, United States",Jacobs,Drafting and Design,https://careers.jacobs.com/en_US/careers/JobDetail/Wireless-Telecommunications-Design-Lead/41364,,,,2026-06-26_08-57-47
Design Coordination Lead - (Design/Build – Rail/Transit),"New York, New York, United States",Jacobs,Project Management,https://careers.jacobs.com/en_US/careers/JobDetail/Design-Coordination-Lead-Design-Build-Rail-Transit/41358,,,,2026-06-26_08-57-47
Electrical Engineer -- Bellevue WA,"Bellevue, Washington, United States",Jacobs,Electrical,https://careers.jacobs.com/en_US/careers/JobDetail/Electrical-Engineer-Bellevue-WA/41356,,,,2026-06-26_08-57-47
Water Design-Build Design Manager,"San Diego, California, United States",Jacobs,Project Management,https://careers.jacobs.com/en_US/careers/JobDetail/Water-Design-Build-Design-Manager/41355,Max challenge attempts exceeded. Please refresh the page to try again!,Max challenge attempts exceeded. Please refresh the page to try again!,,2026-06-26_08-57-48
Project Engineer - Water/Wastewater,"Morristown, New Jersey, United States",Jacobs,Civil and Structural,https://careers.jacobs.com/en_US/careers/JobDetail/Project-Engineer-Water-Wastewater/41352,,,,2026-06-26_08-57-48
Senior Project Architect (Transportation),"New York, New York, United States",Jacobs,Architecture and Interiors,https://careers.jacobs.com/en_US/careers/JobDetail/Senior-Project-Architect-Transportation/41350,,,,2026-06-26_08-57-49
Entry Level Overhead Transmission Line Engineer,"Boston, Massachusetts, United States",Jacobs,Electrical,https://careers.jacobs.com/en_US/careers/JobDetail/Entry-Level-Overhead-Transmission-Line-Engineer/41091,,,,2026-06-26_08-57-49
Piping Design Lead / Discipline Specialist,"Portland, Oregon, United States",Jacobs,Drafting and Design,https://careers.jacobs.com/en_US/careers/JobDetail/Piping-Design-Lead-Discipline-Specialist/41089,Max challenge attempts exceeded. Please refresh the page to try again!,Max challenge attempts exceeded. Please refresh the page to try again!,,2026-06-26_08-57-50
Senior Piping Designer,"Portland, Oregon, United States",Jacobs,Drafting and Design,https://careers.jacobs.com/en_US/careers/JobDetail/Senior-Piping-Designer/41088,,,,2026-06-26_08-57-50
OT Administrator - West Region,"San Diego, California, United States",Jacobs,Information Technology,https://careers.jacobs.com/en_US/careers/JobDetail/OT-Administrator-West-Region/41086,,,,2026-06-26_08-57-50
Cost Controls (LSNA-OH/IN),"Cincinnati, Ohio, United States",Jacobs,Project Controls,https://careers.jacobs.com/en_US/careers/JobDetail/Cost-Controls-LSNA-OH-IN/41084,,,,2026-06-26_08-57-51
Piping Superintendent (LSNA-NC),"Cary, North Carolina, United States",Jacobs,Construction,https://careers.jacobs.com/en_US/careers/JobDetail/Piping-Superintendent-LSNA-NC/41077,Max challenge attempts exceeded. Please refresh the page to try again!,Max challenge attempts exceeded. Please refresh the page to try again!,,2026-06-26_08-57-51
Mid Career Electrical Cost Estimator - Eastern U.S.,"Boston, Massachusetts, United States",Jacobs,Electrical,https://careers.jacobs.com/en_US/careers/JobDetail/Mid-Career-Electrical-Cost-Estimator-Eastern-U-S/41074,,,,2026-06-26_08-57-52
Jr Electrical Cost Estimator - Eastern U.S.,"Boston, Massachusetts, United States",Jacobs,Electrical,https://careers.jacobs.com/en_US/careers/JobDetail/Jr-Electrical-Cost-Estimator-Eastern-U-S/41072,,,,2026-06-26_08-57-52
Scheduler,"Atlanta, Georgia, United States",Jacobs,Project Controls,https://careers.jacobs.com/en_US/careers/JobDetail/Scheduler/41071,,,,2026-06-26_08-57-52
Senior Scheduler,"Atlanta, Georgia, United States",Jacobs,Project Controls,https://careers.jacobs.com/en_US/careers/JobDetail/Senior-Scheduler/41070,Max challenge attempts exceeded. Please refresh the page to try again!,Max challenge attempts exceeded. Please refresh the page to try again!,,2026-06-26_08-57-53
"Electrical Engineer, Digital Twin & Simulation","Dallas, Texas, United States",Jacobs,Digital and Data,https://careers.jacobs.com/en_US/careers/JobDetail/Electrical-Engineer-Digital-Twin-Simulation/40783,,,,2026-06-26_08-57-53
Design Manager – Electrical Transmission and Distribution (Pacific NW),"Bellevue, Washington, United States",Jacobs,Project Management,https://careers.jacobs.com/en_US/careers/JobDetail/Design-Manager-Electrical-Transmission-and-Distribution-Pacific-NW/40782,,,,2026-06-26_08-57-53
Project Controls Professional - Central Region U.S.,"Denver, Colorado, United States",Jacobs,Project Controls,https://careers.jacobs.com/en_US/careers/JobDetail/Project-Controls-Professional-Central-Region-U-S/40780,,,,2026-06-26_08-57-54
Project Controls Specialist – Southeast Region U.S.,"Philadelphia, Pennsylvania, United States",Jacobs,Project Controls,https://careers.jacobs.com/en_US/careers/JobDetail/Project-Controls-Specialist-Southeast-Region-U-S/40779,Max challenge attempts exceeded. Please refresh the page to try again!,Max challenge attempts exceeded. Please refresh the page to try again!,,2026-06-26_08-57-54
Pipe Stress Engineer,"Chandler, Arizona, United States",Jacobs,Drafting and Design,https://careers.jacobs.com/en_US/careers/JobDetail/Pipe-Stress-Engineer/40777,,,,2026-06-26_08-57-54
Pipe Stress Engineer,"Chandler, Arizona, United States",Jacobs,Drafting and Design,https://careers.jacobs.com/en_US/careers/JobDetail/Pipe-Stress-Engineer/40776,,,,2026-06-26_08-57-55
Tunnel Structural Engineer,"Boston, Massachusetts, United States",Jacobs,Civil and Structural,https://careers.jacobs.com/en_US/careers/JobDetail/Tunnel-Structural-Engineer/40770,,,,2026-06-26_08-57-55
Project Manager (LSNA-NC-1),"Cary, North Carolina, United States",Jacobs,Project Management,https://careers.jacobs.com/en_US/careers/JobDetail/Project-Manager-LSNA-NC-1/40738,Max challenge attempts exceeded. Please refresh the page to try again!,Max challenge attempts exceeded. Please refresh the page to try again!,,2026-06-26_08-57-55
Senior Solution Architect,"Arlington, Virginia, United States",Jacobs,Digital and Data,https://careers.jacobs.com/en_US/careers/JobDetail/Senior-Solution-Architect/40737,,,,2026-06-26_08-57-56
Project Manager - MEP Buildings,"Dallas, Texas, United States",Jacobs,Construction,https://careers.jacobs.com/en_US/careers/JobDetail/Project-Manager-MEP-Buildings/40736,,,,2026-06-26_08-57-56
Senior Process Engineer - Remote/Hybrid (LSNA-PA/NC/OH/IN/TX/VA/MA/CA),"Conshohocken, Pennsylvania, United States",Jacobs,Chemical,https://careers.jacobs.com/en_US/careers/JobDetail/Senior-Process-Engineer-Remote-Hybrid-LSNA-PA-NC-OH-IN-TX-VA-MA-CA/40464,,,,2026-06-26_08-57-56
Construction Project Manager,"New York, New York, United States",Jacobs,Project Management,https://careers.jacobs.com/en_US/careers/JobDetail/Construction-Project-Manager/40462,Max challenge attempts exceeded. Please refresh the page to try again!,Max challenge attempts exceeded. Please refresh the page to try again!,,2026-06-26_08-57-57
Senior Siting Lead,"St. Louis, Missouri, United States",Jacobs,Environmental,https://careers.jacobs.com/en_US/careers/JobDetail/Senior-Siting-Lead/40457,,,,2026-06-26_08-57-57
Construction Management Professional Associate,"Cary, North Carolina, United States",Jacobs,Project Management,https://careers.jacobs.com/en_US/careers/JobDetail/Construction-Management-Professional-Associate/40439,,,,2026-06-26_08-57-57
Instrumentation and Controls Engineer,"Bellevue, Washington, United States",Jacobs,Electrical,https://careers.jacobs.com/en_US/careers/JobDetail/Instrumentation-and-Controls-Engineer/40413,,,,2026-06-26_08-57-58
"Water Mechanic II - Woodland-Davis, CA","Woodland, California, United States",Jacobs,Operations and Maintenance,https://careers.jacobs.com/en_US/careers/JobDetail/Water-Mechanic-II-Woodland-Davis-CA/40411,Max challenge attempts exceeded. Please refresh the page to try again!,Max challenge attempts exceeded. Please refresh the page to try again!,,2026-06-26_08-57-58
Mechanical HVAC Engineer (Data Center),"Pittsburgh, Pennsylvania, United States",Jacobs,Architecture and Interiors,https://careers.jacobs.com/en_US/careers/JobDetail/Mechanical-HVAC-Engineer-Data-Center/40410,,,,2026-06-26_08-57-58
Project Controls Professional,"Portland, Oregon, United States",Jacobs,Project Controls,https://careers.jacobs.com/en_US/careers/JobDetail/Project-Controls-Professional/40408,,,,2026-06-26_08-57-59
Communications Systems Designer - security clearance required,"Arlington, Virginia, United States",Jacobs,Drafting and Design,https://careers.jacobs.com/en_US/careers/JobDetail/Communications-Systems-Designer-security-clearance-required/40406,,,,2026-06-26_08-57-59
Life Safety Systems/Fire Alarm Engineer,"Philadelphia, Pennsylvania, United States",Jacobs,Drafting and Design,https://careers.jacobs.com/en_US/careers/JobDetail/Life-Safety-Systems-Fire-Alarm-Engineer/40405,Max challenge attempts exceeded. Please refresh the page to try again!,Max challenge attempts exceeded. Please refresh the page to try again!,,2026-06-26_08-57-59
Associate Salesforce Product Owner,"Dallas, Texas, United States",Jacobs,Digital and Data,https://careers.jacobs.com/en_US/careers/JobDetail/Associate-Salesforce-Product-Owner/39975,,,,2026-06-26_08-58-00
Senior Commissioning Specialist,"New York, New York, United States",Jacobs,Planning and Consulting,https://careers.jacobs.com/en_US/careers/JobDetail/Senior-Commissioning-Specialist/39972,,,,2026-06-26_08-58-00
Client Service Lead (FDOT),"Orlando, Florida, United States",Jacobs,Project Management,https://careers.jacobs.com/en_US/careers/JobDetail/Client-Service-Lead-FDOT/39971,,,,2026-06-26_08-58-00
Piping Construction Superintendent (LSNA-PR),"Guaynabo, Puerto Rico, United States",Jacobs,Construction,https://careers.jacobs.com/en_US/careers/JobDetail/Piping-Construction-Superintendent-LSNA-PR/39967,Max challenge attempts exceeded. Please refresh the page to try again!,Max challenge attempts exceeded. Please refresh the page to try again!,,2026-06-26_08-58-01
Mid-Level Water Engineer,"Holladay, Utah, United States",Jacobs,Civil and Structural,https://careers.jacobs.com/en_US/careers/JobDetail/Mid-Level-Water-Engineer/39964,,,,2026-06-26_08-58-01
Commissioning Specialist,"St. Louis, Missouri, United States",Jacobs,Planning and Consulting,https://careers.jacobs.com/en_US/careers/JobDetail/Commissioning-Specialist/39963,,,,2026-06-26_08-58-01
Commissioning Specialist,"Chicago, Illinois, United States",Jacobs,Planning and Consulting,https://careers.jacobs.com/en_US/careers/JobDetail/Commissioning-Specialist/39962,,,,2026-06-26_08-58-02
Wastewater Engineer,"Holladay, Utah, United States",Jacobs,Civil and Structural,https://careers.jacobs.com/en_US/careers/JobDetail/Wastewater-Engineer/39961,Max challenge attempts exceeded. Please refresh the page to try again!,Max challenge attempts exceeded. Please refresh the page to try again!,,2026-06-26_08-58-02
Senior Conveyance Project Manager,"Holladay, Utah, United States",Jacobs,Project Management,https://careers.jacobs.com/en_US/careers/JobDetail/Senior-Conveyance-Project-Manager/39960,,,,2026-06-26_08-58-02
Structural/Bridge Design Technician,"St. Louis, Missouri, United States",Jacobs,Civil and Structural,https://careers.jacobs.com/en_US/careers/JobDetail/Structural-Bridge-Design-Technician/39957,,,,2026-06-26_08-58-03
Safety Supervisor,"Corpus Christi, Texas, United States",Jacobs,Health and Safety,https://careers.jacobs.com/en_US/careers/JobDetail/Safety-Supervisor/39562,,,,2026-06-26_08-58-03
Wastewater Assistant Project Manager - Westerly RI,"Westerly, Rhode Island, United States",Jacobs,Operations and Maintenance,https://careers.jacobs.com/en_US/careers/JobDetail/Wastewater-Assistant-Project-Manager-Westerly-RI/39522,Max challenge attempts exceeded. Please refresh the page to try again!,Max challenge attempts exceeded. Please refresh the page to try again!,,2026-06-26_08-58-04
Water Resources Design Engineer / Design Manager,"Denver, Colorado, United States",Jacobs,Civil and Structural,https://careers.jacobs.com/en_US/careers/JobDetail/Water-Resources-Design-Engineer-Design-Manager/39517,,,,2026-06-26_08-58-04
Civil Engineer,"St. Louis, Missouri, United States",Jacobs,Civil and Structural,https://careers.jacobs.com/en_US/careers/JobDetail/Civil-Engineer/39513,,,,2026-06-26_08-58-04
Senior Fire Protection Engineer,"Arlington, Virginia, United States",Jacobs,Health and Safety,https://careers.jacobs.com/en_US/careers/JobDetail/Senior-Fire-Protection-Engineer/39512,,,,2026-06-26_08-58-04
Project Manager - Healthcare Buildings,"Los Angeles, California, United States",Jacobs,Construction,https://careers.jacobs.com/en_US/careers/JobDetail/Project-Manager-Healthcare-Buildings/39510,Max challenge attempts exceeded. Please refresh the page to try again!,Max challenge attempts exceeded. Please refresh the page to try again!,,2026-06-26_08-58-05
Senior/Lead Electrical Engineer: Energy and Power (Nationwide),"Philadelphia, Pennsylvania, United States",Jacobs,Electrical,https://careers.jacobs.com/en_US/careers/JobDetail/Senior-Lead-Electrical-Engineer-Energy-and-Power-Nationwide/39509,,,,2026-06-26_08-58-05
Electrical Engineer: Energy and Power,"Philadelphia, Pennsylvania, United States",Jacobs,Electrical,https://careers.jacobs.com/en_US/careers/JobDetail/Electrical-Engineer-Energy-and-Power/39508,,,,2026-06-26_08-58-05
Cities & Places Practice Leader - West Region,"San Francisco, California, United States",Jacobs,Project Management,https://careers.jacobs.com/en_US/careers/JobDetail/Cities-Places-Practice-Leader-West-Region/39506,,,,2026-06-26_08-58-06
Florida Business Leader-Vertical PMCM,"Miami, Florida, United States",Jacobs,Program Management,https://careers.jacobs.com/en_US/careers/JobDetail/Florida-Business-Leader-Vertical-PMCM/39484,Max challenge attempts exceeded. Please refresh the page to try again!,Max challenge attempts exceeded. Please refresh the page to try again!,,2026-06-26_08-58-06
Structural Engineering Professional (39131),"Tempe, Arizona, United States",Jacobs,Civil and Structural,https://careers.jacobs.com/en_US/careers/JobDetail/Structural-Engineering-Professional-39131/39131,,,,2026-06-26_08-58-06
Structural Engineering Professional (39129),"Tempe, Arizona, United States",Jacobs,Civil and Structural,https://careers.jacobs.com/en_US/careers/JobDetail/Structural-Engineering-Professional-39129/39129,,,,2026-06-26_08-58-07
Proposal Manager - Austin TX,"Austin, Texas, United States",Jacobs,Business and Sales,https://careers.jacobs.com/en_US/careers/JobDetail/Proposal-Manager-Austin-TX/39127,,,,2026-06-26_08-58-07
Sustainability Lead (Data Centers),"Conshohocken, Pennsylvania, United States",Jacobs,Drafting and Design,https://careers.jacobs.com/en_US/careers/JobDetail/Sustainability-Lead-Data-Centers/39118,Max challenge attempts exceeded. Please refresh the page to try again!,Max challenge attempts exceeded. Please refresh the page to try again!,,2026-06-26_08-58-07
Sr. CQV Start-Up/Commissioning Project Manager (LSNA-IN/VA),"Indianapolis, Indiana, United States",Jacobs,Construction,https://careers.jacobs.com/en_US/careers/JobDetail/Sr-CQV-Start-Up-Commissioning-Project-Manager-LSNA-IN-VA/39116,,,,2026-06-26_08-58-07
CQV Engineer (LSNA-IN/VA),"Indianapolis, Indiana, United States",Jacobs,Construction,https://careers.jacobs.com/en_US/careers/JobDetail/CQV-Engineer-LSNA-IN-VA/39114,,,,2026-06-26_08-58-08
Site Services & Mechanical Equipment Reassembly Construction Superintendent (LSNA-NC),"Cary, North Carolina, United States",Jacobs,Construction,https://careers.jacobs.com/en_US/careers/JobDetail/Site-Services-Mechanical-Equipment-Reassembly-Construction-Superintendent-LSNA-NC/39111,,,,2026-06-26_08-58-08
"Project Manager (Pearl River, NY)","Orangeburg, New York, United States",Jacobs,Project Management,https://careers.jacobs.com/en_US/careers/JobDetail/Project-Manager-Pearl-River-NY/39110,Max challenge attempts exceeded. Please refresh the page to try again!,Max challenge attempts exceeded. Please refresh the page to try again!,,2026-06-26_08-58-08
Sr. Electrical Engineer (Data Centers),"Philadelphia, Pennsylvania, United States",Jacobs,Electrical,https://careers.jacobs.com/en_US/careers/JobDetail/Sr-Electrical-Engineer-Data-Centers/39108,,,,2026-06-26_08-58-09
Structural Engineer (Mid-Senior Level),"Philadelphia, Pennsylvania, United States",Jacobs,Civil and Structural,https://careers.jacobs.com/en_US/careers/JobDetail/Structural-Engineer-Mid-Senior-Level/39106,,,,2026-06-26_08-58-09
Senior Landscape Architect,"Chicago, Illinois, United States",Jacobs,Architecture and Interiors,https://careers.jacobs.com/en_US/careers/JobDetail/Senior-Landscape-Architect/38547,,,,2026-06-26_08-58-09
CAD Design Technician - Aviation,"Pittsburgh, Pennsylvania, United States",Jacobs,Civil and Structural,https://careers.jacobs.com/en_US/careers/JobDetail/CAD-Design-Technician-Aviation/38545,Max challenge attempts exceeded. Please refresh the page to try again!,Max challenge attempts exceeded. Please refresh the page to try again!,,2026-06-26_08-58-10
Project Manager,"Goose Creek, South Carolina, United States",Jacobs,Project Management,https://careers.jacobs.com/en_US/careers/JobDetail/Project-Manager/38536,,,,2026-06-26_08-58-10
Career Level DevSecOps Engineer,"Nashua, New Hampshire, United States",Jacobs,Digital and Data,https://careers.jacobs.com/en_US/careers/JobDetail/Career-Level-DevSecOps-Engineer/38531,,,,2026-06-26_08-58-10
Associate Level DevSecOps Engineer,"Nashua, New Hampshire, United States",Jacobs,Digital and Data,https://careers.jacobs.com/en_US/careers/JobDetail/Associate-Level-DevSecOps-Engineer/38530,,,,2026-06-26_08-58-11
Intermediate Level DevSecOps Engineer,"Nashua, New Hampshire, United States",Jacobs,Digital and Data,https://careers.jacobs.com/en_US/careers/JobDetail/Intermediate-Level-DevSecOps-Engineer/38529,Max challenge attempts exceeded. Please refresh the page to try again!,Max challenge attempts exceeded. Please refresh the page to try again!,,2026-06-26_08-58-11
Senior Project Architect & Design Manager,"San Francisco, California, United States",Jacobs,Program Management,https://careers.jacobs.com/en_US/careers/JobDetail/Senior-Project-Architect-Design-Manager/38521,,,,2026-06-26_08-58-12
Preconstruction Manager - Design-Build,"Tampa, Florida, United States",Jacobs,Construction,https://careers.jacobs.com/en_US/careers/JobDetail/Preconstruction-Manager-Design-Build/38520,,,,2026-06-26_08-58-12
Senior Resident Engineer,"Atlanta, Georgia, United States",Jacobs,Construction,https://careers.jacobs.com/en_US/careers/JobDetail/Senior-Resident-Engineer/38519,,,,2026-06-26_08-58-13
Electrical Estimator,"Denver, Colorado, United States",Jacobs,Project Controls,https://careers.jacobs.com/en_US/careers/JobDetail/Electrical-Estimator/38516,Max challenge attempts exceeded. Please refresh the page to try again!,Max challenge attempts exceeded. Please refresh the page to try again!,,2026-06-26_08-58-13
Project Manager - Construction,"Wethersfield, Connecticut, United States",Jacobs,Project Management,https://careers.jacobs.com/en_US/careers/JobDetail/Project-Manager-Construction/37861,,,,2026-06-26_08-58-14
Project Engineer - Education Facilities,"Albany, New York, United States",Jacobs,Project Management,https://careers.jacobs.com/en_US/careers/JobDetail/Project-Engineer-Education-Facilities/37847,,,,2026-06-26_08-58-14
Senior Overhead Transmission Line Engineer,"Denver, Colorado, United States",Jacobs,Civil and Structural,https://careers.jacobs.com/en_US/careers/JobDetail/Senior-Overhead-Transmission-Line-Engineer/37843,,,,2026-06-26_08-58-14
Aviation Project Manager,"Washington, District of Columbia, United States",Jacobs,Project Management,https://careers.jacobs.com/en_US/careers/JobDetail/Aviation-Project-Manager/37824,Max challenge attempts exceeded. Please refresh the page to try again!,Max challenge attempts exceeded. Please refresh the page to try again!,,2026-06-26_08-58-15
Senior Structural Engineer - Ports and Maritime,"Bellevue, Washington, United States",Jacobs,Civil and Structural,https://careers.jacobs.com/en_US/careers/JobDetail/Senior-Structural-Engineer-Ports-and-Maritime/37799,,,,2026-06-26_08-58-15
Senior Highway Design Engineer,"Atlanta, Georgia, United States",Jacobs,Civil and Structural,https://careers.jacobs.com/en_US/careers/JobDetail/Senior-Highway-Design-Engineer/37782,,,,2026-06-26_08-58-15
Resident Project Representative/Construction Inspector,"Louisville, Kentucky, United States",Jacobs,Construction,https://careers.jacobs.com/en_US/careers/JobDetail/Resident-Project-Representative-Construction-Inspector/37778,,,,2026-06-26_08-58-16
Sr. Mechanical Engineer,"Portland, Oregon, United States",Jacobs,Mechanical,https://careers.jacobs.com/en_US/careers/JobDetail/Sr-Mechanical-Engineer/37724,Max challenge attempts exceeded. Please refresh the page to try again!,Max challenge attempts exceeded. Please refresh the page to try again!,,2026-06-26_08-58-16
Structural Engineer - Federal Buildings,"Knoxville, Tennessee, United States",Jacobs,Civil and Structural,https://careers.jacobs.com/en_US/careers/JobDetail/Structural-Engineer-Federal-Buildings/37723,,,,2026-06-26_08-58-17
Geotechnical Engineer/Construction Administrator,"St. Louis, Missouri, United States",Jacobs,Civil and Structural,https://careers.jacobs.com/en_US/careers/JobDetail/Geotechnical-Engineer-Construction-Administrator/37722,,,,2026-06-26_08-58-17
Design Architect,"Portland, Oregon, United States",Jacobs,Architecture and Interiors,https://careers.jacobs.com/en_US/careers/JobDetail/Design-Architect/36704,,,,2026-06-26_08-58-18
High Voltage Equipment Specialist (HVDC/FACTS),"Denver, Colorado, United States",Jacobs,Electrical,https://careers.jacobs.com/en_US/careers/JobDetail/High-Voltage-Equipment-Specialist-HVDC-FACTS/36703,Max challenge attempts exceeded. Please refresh the page to try again!,Max challenge attempts exceeded. Please refresh the page to try again!,,2026-06-26_08-58-18
BHS Inspector/Construction Coordinator,"Tampa, Florida, United States",Jacobs,Construction,https://careers.jacobs.com/en_US/careers/JobDetail/BHS-Inspector-Construction-Coordinator/36699,,,,2026-06-26_08-58-19
Fire Protection / Life Safety Systems (LSS) Engineer,"Philadelphia, Pennsylvania, United States",Jacobs,Health and Safety,https://careers.jacobs.com/en_US/careers/JobDetail/Fire-Protection-Life-Safety-Systems-LSS-Engineer/36697,,,,2026-06-26_08-58-19
Sr Rail Transit Project Manager,"Los Angeles, California, United States",Jacobs,Project Management,https://careers.jacobs.com/en_US/careers/JobDetail/Sr-Rail-Transit-Project-Manager/36688,,,,2026-06-26_08-58-20
Project Engineer - Design Build,"Cincinnati, Ohio, United States",Jacobs,Construction,https://careers.jacobs.com/en_US/careers/JobDetail/Project-Engineer-Design-Build/36682,Max challenge attempts exceeded. Please refresh the page to try again!,Max challenge attempts exceeded. Please refresh the page to try again!,,2026-06-26_08-58-20
Civil/Structural/Arch Construction Technical Services Specialist,"Baton Rouge, Louisiana, United States",Jacobs,Enterprise Functions,https://careers.jacobs.com/en_US/careers/JobDetail/Civil-Structural-Arch-Construction-Technical-Services-Specialist/36671,,,,2026-06-26_08-58-21
Electrical Construction Technical Services Specialist,"Spartanburg, South Carolina, United States",Jacobs,Enterprise Functions,https://careers.jacobs.com/en_US/careers/JobDetail/Electrical-Construction-Technical-Services-Specialist/36670,,,,2026-06-26_08-58-21
Construction Inspector - Water/Wastewater,"Richmond, Virginia, United States",Jacobs,Construction,https://careers.jacobs.com/en_US/careers/JobDetail/Construction-Inspector-Water-Wastewater/36624,,,,2026-06-26_08-58-22
Client Service Lead (CDOT),"Denver, Colorado, United States",Jacobs,Business and Sales,https://careers.jacobs.com/en_US/careers/JobDetail/Client-Service-Lead-CDOT/36617,Max challenge attempts exceeded. Please refresh the page to try again!,Max challenge attempts exceeded. Please refresh the page to try again!,,2026-06-26_08-58-22
Protection and Control (P&C) Engineer – Transmission,"Denver, Colorado, United States",Jacobs,Electrical,https://careers.jacobs.com/en_US/careers/JobDetail/Protection-and-Control-P-C-Engineer-Transmission/35135,,,,2026-06-26_08-58-22
Senior Project Manager/Client Service Lead - Water,"Nashville, Tennessee, United States",Jacobs,Project Management,https://careers.jacobs.com/en_US/careers/JobDetail/Senior-Project-Manager-Client-Service-Lead-Water/35126,,,,2026-06-26_08-58-22
Structural Bridge Engineer,"Baltimore, Maryland, United States",Jacobs,Civil and Structural,https://careers.jacobs.com/en_US/careers/JobDetail/Structural-Bridge-Engineer/35125,,,,2026-06-26_08-58-23
VDC 4D Coordinator,"Dallas, Texas, United States",Jacobs,Drafting and Design,https://careers.jacobs.com/en_US/careers/JobDetail/VDC-4D-Coordinator/35110,Max challenge attempts exceeded. Please refresh the page to try again!,Max challenge attempts exceeded. Please refresh the page to try again!,,2026-06-26_08-58-23
Mechanical Construction Superintendent (LSNA),"Conshohocken, Pennsylvania, United States",Jacobs,Construction,https://careers.jacobs.com/en_US/careers/JobDetail/Mechanical-Construction-Superintendent-LSNA/35084,,,,2026-06-26_08-58-24
Sr. Project Manager - Buildings,"Los Angeles, California, United States",Jacobs,Construction,https://careers.jacobs.com/en_US/careers/JobDetail/Sr-Project-Manager-Buildings/35074,,,,2026-06-26_08-58-24
Purchasing Professional,"Greenville, South Carolina, United States",Jacobs,Business and Sales,https://careers.jacobs.com/en_US/careers/JobDetail/Purchasing-Professional/35070,,,,2026-06-26_08-58-24
Design Build Transportation Design Manager,"Tempe, Arizona, United States",Jacobs,Civil and Structural,https://careers.jacobs.com/en_US/careers/JobDetail/Design-Build-Transportation-Design-Manager/34985,Max challenge attempts exceeded. Please refresh the page to try again!,Max challenge attempts exceeded. Please refresh the page to try again!,,2026-06-26_08-58-25
Design Build Transportation Design Manager,"Houston, Texas, United States",Jacobs,Civil and Structural,https://careers.jacobs.com/en_US/careers/JobDetail/Design-Build-Transportation-Design-Manager/34984,,,,2026-06-26_08-58-25
Design Build Transportation Design Manager,"Holladay, Utah, United States",Jacobs,Civil and Structural,https://careers.jacobs.com/en_US/careers/JobDetail/Design-Build-Transportation-Design-Manager/34982,,,,2026-06-26_08-58-25
Junior Civil Engineer,"Irvine, California, United States",Jacobs,Civil and Structural,https://careers.jacobs.com/en_US/careers/JobDetail/Junior-Civil-Engineer/29934,,,,2026-06-26_08-58-26
Federal Design Project Manager,"Honolulu, Hawaii, United States",Jacobs,Project Management,https://careers.jacobs.com/en_US/careers/JobDetail/Federal-Design-Project-Manager/29726,Max challenge attempts exceeded. Please refresh the page to try again!,Max challenge attempts exceeded. Please refresh the page to try again!,,2026-06-26_08-58-26
Project Architect - Water Resource Recovery Market,"Detroit, Michigan, United States",Jacobs,Architecture and Interiors,https://careers.jacobs.com/en_US/careers/JobDetail/Project-Architect-Water-Resource-Recovery-Market/29665,,,,2026-06-26_08-58-26
Senior Hydraulic Modeler,"Chicago, Illinois, United States",Jacobs,Civil and Structural,https://careers.jacobs.com/en_US/careers/JobDetail/Senior-Hydraulic-Modeler/29660,,,,2026-06-26_08-58-27
Industrial Water Principal,"Atlanta, Georgia, United States",Jacobs,Planning and Consulting,https://careers.jacobs.com/en_US/careers/JobDetail/Industrial-Water-Principal/29652,,,,2026-06-26_08-58-27
Electrical Engineer,"St. Louis, Missouri, United States",Jacobs,Planning and Consulting,https://careers.jacobs.com/en_US/careers/JobDetail/Electrical-Engineer/29210,Max challenge attempts exceeded. Please refresh the page to try again!,Max challenge attempts exceeded. Please refresh the page to try again!,,2026-06-26_08-58-27
Industrial Water/Wastewater Engineer,"Cleveland, Ohio, United States",Jacobs,Planning and Consulting,https://careers.jacobs.com/en_US/careers/JobDetail/Industrial-Water-Wastewater-Engineer/29001,,,,2026-06-26_08-58-28
Project Controls Engineer,"Washington, District of Columbia, United States",Jacobs,Construction,https://careers.jacobs.com/en_US/careers/JobDetail/Project-Controls-Engineer/28879,,,,2026-06-26_08-58-28
Roadway Project Manager (P.E.),"Orlando, Florida, United States",Jacobs,Project Management,https://careers.jacobs.com/en_US/careers/JobDetail/Roadway-Project-Manager-P-E/28872,,,,2026-06-26_08-58-29
Cost Estimator - Education Facilities,"Manhattan, New York, United States",Jacobs,Project Controls,https://careers.jacobs.com/en_US/careers/JobDetail/Cost-Estimator-Education-Facilities/28585,Max challenge attempts exceeded. Please refresh the page to try again!,Max challenge attempts exceeded. Please refresh the page to try again!,,2026-06-26_08-58-29
Intermediate Level Software Engineer,"Nashua, New Hampshire, United States",Jacobs,Digital and Data,https://careers.jacobs.com/en_US/careers/JobDetail/Intermediate-Level-Software-Engineer/40402,,,,2026-06-26_11-48-35
Senior Wastewater Project Manager,"Holladay, Utah, United States",Jacobs,Project Management,https://careers.jacobs.com/en_US/careers/JobDetail/Senior-Wastewater-Project-Manager/39955,,,,2026-06-26_11-48-35
Florida Business Leader-Vertical PMCM,"Fort Lauderdale, Florida, United States",Jacobs,Program Management,https://careers.jacobs.com/en_US/careers/JobDetail/Florida-Business-Leader-Vertical-PMCM/39483,,,,2026-06-26_11-48-36
Software Engineer - Kubernetes,"Chantilly, Virginia, United States",Jacobs,Digital and Data,https://careers.jacobs.com/en_US/careers/JobDetail/Software-Engineer-Kubernetes/39102,Max challenge attempts exceeded. Please refresh the page to try again!,Max challenge attempts exceeded. Please refresh the page to try again!,,2026-06-26_11-48-36
Project Manager - Water Design Build,"San Francisco, California, United States",Jacobs,Construction,https://careers.jacobs.com/en_US/careers/JobDetail/Project-Manager-Water-Design-Build/38515,,,,2026-06-26_11-48-37
Structural Engineer - Civil Works,"Arlington, Virginia, United States",Jacobs,Civil and Structural,https://careers.jacobs.com/en_US/careers/JobDetail/Structural-Engineer-Civil-Works/37721,,,,2026-06-26_11-48-37
Sr Mechanical HVAC Engineer,"Conshohocken, Pennsylvania, United States",Jacobs,Drafting and Design,https://careers.jacobs.com/en_US/careers/JobDetail/Sr-Mechanical-HVAC-Engineer/36613,,,,2026-06-26_11-48-38
Design Build Transportation Design Manager,"Englewood, Colorado, United States",Jacobs,Civil and Structural,https://careers.jacobs.com/en_US/careers/JobDetail/Design-Build-Transportation-Design-Manager/34969,Max challenge attempts exceeded. Please refresh the page to try again!,Max challenge attempts exceeded. Please refresh the page to try again!,,2026-06-26_11-48-38
Civil Engineer,"Dallas, Texas, United States",Jacobs,Civil and Structural,https://careers.jacobs.com/en_US/careers/JobDetail/Civil-Engineer/27557,,,,2026-06-26_11-48-39
Environmental Remediation Project Manager,"Houston, Texas, United States",Jacobs,Project Management,https://careers.jacobs.com/en_US/careers/JobDetail/Environmental-Remediation-Project-Manager/41687,,,,2026-07-03_07-48-34
Digital Delivery Application Developer (LSNA-OH),"Cincinnati, Ohio, United States",Jacobs,Construction,https://careers.jacobs.com/en_US/careers/JobDetail/Digital-Delivery-Application-Developer-LSNA-OH/41686,,,,2026-07-03_07-48-35
Environmental Geologist,"Houston, Texas, United States",Jacobs,Environmental,https://careers.jacobs.com/en_US/careers/JobDetail/Environmental-Geologist/41685,,,,2026-07-03_07-48-35
Project HSE Supervisor (LSNA-PR),"Guaynabo, Puerto Rico, United States",Jacobs,Health and Safety,https://careers.jacobs.com/en_US/careers/JobDetail/Project-HSE-Supervisor-LSNA-PR/41684,Max challenge attempts exceeded. Please refresh the page to try again!,Max challenge attempts exceeded. Please refresh the page to try again!,,2026-07-03_07-48-36
Project Manager – Customer Owned Energy Systems,"Denver, Colorado, United States",Jacobs,Program Management,https://careers.jacobs.com/en_US/careers/JobDetail/Project-Manager-Customer-Owned-Energy-Systems/41683,,,,2026-07-03_07-48-36
Telecommunications & Security Systems/Information & Communications Technology (ICT) Designer (LSNA-PA/OH/IN/NC/VA/TX),"Conshohocken, Pennsylvania, United States",Jacobs,Electrical,https://careers.jacobs.com/en_US/careers/JobDetail/Telecommunications-Security-Systems-Information-Communications-Technology-ICT-Designer-LSNA-PA-OH-IN-NC-VA-TX/41682,,,,2026-07-03_07-48-37
Environmental Characterization/Remediation Geologist/Hydrogeologist,"Irvine, California, United States",Jacobs,Environmental,https://careers.jacobs.com/en_US/careers/JobDetail/Environmental-Characterization-Remediation-Geologist-Hydrogeologist/41681,,,,2026-07-03_07-48-37
Mid-Level Environmental Engineer/Geologist/Scientist,"Kansas City, Missouri, United States",Jacobs,Environmental,https://careers.jacobs.com/en_US/careers/JobDetail/Mid-Level-Environmental-Engineer-Geologist-Scientist/41680,Max challenge attempts exceeded. Please refresh the page to try again!,Max challenge attempts exceeded. Please refresh the page to try again!,,2026-07-03_07-48-38
Intermediate-Level Mechanical Engineer - Cities & Places,"Houston, Texas, United States",Jacobs,Mechanical,https://careers.jacobs.com/en_US/careers/JobDetail/Intermediate-Level-Mechanical-Engineer-Cities-Places/41679,,,,2026-07-03_07-48-38
Entry Level Electrical Engineer,"Philadelphia, Pennsylvania, United States",Jacobs,Electrical,https://careers.jacobs.com/en_US/careers/JobDetail/Entry-Level-Electrical-Engineer/41678,,,,2026-07-03_07-48-38
Mid-Level Environmental Engineer/Geologist/Scientist,"Troy, Michigan, United States",Jacobs,Environmental,https://careers.jacobs.com/en_US/careers/JobDetail/Mid-Level-Environmental-Engineer-Geologist-Scientist/41406,,,,2026-07-03_07-48-39
"Facilities Project Manager - Top Secret Clearance, CI Poly required.","Arlington, Virginia, United States",Jacobs,Construction,https://careers.jacobs.com/en_US/careers/JobDetail/Facilities-Project-Manager-Top-Secret-Clearance-CI-Poly-required/41405,Max challenge attempts exceeded. Please refresh the page to try again!,Max challenge attempts exceeded. Please refresh the page to try again!,,2026-07-03_07-48-39
Mechanical Engineer (41402),"Chandler, Arizona, United States",Jacobs,Mechanical,https://careers.jacobs.com/en_US/careers/JobDetail/Mechanical-Engineer-41402/41402,,,,2026-07-03_07-48-40
Process-Mechanical Engineer,"Corvallis, Oregon, United States",Jacobs,Mechanical,https://careers.jacobs.com/en_US/careers/JobDetail/Process-Mechanical-Engineer/41400,,,,2026-07-03_07-48-40
"Administrative Specialist - San Marcos, CA","San Marcos, California, United States",Jacobs,Operations and Maintenance,https://careers.jacobs.com/en_US/careers/JobDetail/Administrative-Specialist-San-Marcos-CA/41398,,,,2026-07-03_07-48-41
Sanitation Worker II,"The Villages, Florida, United States",Jacobs,Operations and Maintenance,https://careers.jacobs.com/en_US/careers/JobDetail/Sanitation-Worker-II/41390,Max challenge attempts exceeded. Please refresh the page to try again!,Max challenge attempts exceeded. Please refresh the page to try again!,,2026-07-03_07-48-41
Mechanical Field Engineer (Baton Rouge Data Center),"Baton Rouge, Louisiana, United States",Jacobs,Mechanical,https://careers.jacobs.com/en_US/careers/JobDetail/Mechanical-Field-Engineer-Baton-Rouge-Data-Center/41038,,,,2026-07-03_07-48-41
Mechanical Field Engineer (Spartanburg Data Center),"Spartanburg, South Carolina, United States",Jacobs,Mechanical,https://careers.jacobs.com/en_US/careers/JobDetail/Mechanical-Field-Engineer-Spartanburg-Data-Center/41037,,,,2026-07-03_07-48-42
"Advanced Water Treatment Operator - Santa Cruz, CA","Santa Cruz, California, United States",Jacobs,Operations and Maintenance,https://careers.jacobs.com/en_US/careers/JobDetail/Advanced-Water-Treatment-Operator-Santa-Cruz-CA/41035,,,,2026-07-03_07-48-42
Environmental Data Management Specialist III - EQuIS,"Anchorage, Alaska, United States",Jacobs,Environmental,https://careers.jacobs.com/en_US/careers/JobDetail/Environmental-Data-Management-Specialist-III-EQuIS/41034,Max challenge attempts exceeded. Please refresh the page to try again!,Max challenge attempts exceeded. Please refresh the page to try again!,,2026-07-03_07-48-43
Environmental Engineer,"Anchorage, Alaska, United States",Jacobs,Environmental,https://careers.jacobs.com/en_US/careers/JobDetail/Environmental-Engineer/41033,,,,2026-07-03_07-48-43
Environmental Project Manager,"Bourne, Massachusetts, United States",Jacobs,Environmental,https://careers.jacobs.com/en_US/careers/JobDetail/Environmental-Project-Manager/41032,,,,2026-07-03_07-48-43
Mid-Level Environmental Engineer/Geologist/Scientist,"Knoxville, Tennessee, United States",Jacobs,Environmental,https://careers.jacobs.com/en_US/careers/JobDetail/Mid-Level-Environmental-Engineer-Geologist-Scientist/41031,,,,2026-07-03_07-48-44
Entry Level Water/Wastewater Engineer,"Cary, North Carolina, United States",Jacobs,Environmental,https://careers.jacobs.com/en_US/careers/JobDetail/Entry-Level-Water-Wastewater-Engineer/40718,Max challenge attempts exceeded. Please refresh the page to try again!,Max challenge attempts exceeded. Please refresh the page to try again!,,2026-07-03_07-48-44
Entry Level Structural Engineer,"Boston, Massachusetts, United States",Jacobs,Drafting and Design,https://careers.jacobs.com/en_US/careers/JobDetail/Entry-Level-Structural-Engineer/40715,,,,2026-07-03_07-48-45
Sanitation Worker II,"The Villages, Florida, United States",Jacobs,Operations and Maintenance,https://careers.jacobs.com/en_US/careers/JobDetail/Sanitation-Worker-II/40714,,,,2026-07-03_07-48-45
Piping Engineer,"Pittsburgh, Pennsylvania, United States",Jacobs,Drafting and Design,https://careers.jacobs.com/en_US/careers/JobDetail/Piping-Engineer/40704,,,,2026-07-03_07-48-46
Life Safety Systems/Fire Alarm Engineer SME,"Philadelphia, Pennsylvania, United States",Jacobs,Drafting and Design,https://careers.jacobs.com/en_US/careers/JobDetail/Life-Safety-Systems-Fire-Alarm-Engineer-SME/40703,Max challenge attempts exceeded. Please refresh the page to try again!,Max challenge attempts exceeded. Please refresh the page to try again!,,2026-07-03_07-48-46
Expeditor (LSNA-PA/OH/NC/IN/TX/VA),"Conshohocken, Pennsylvania, United States",Jacobs,Project Controls,https://careers.jacobs.com/en_US/careers/JobDetail/Expeditor-LSNA-PA-OH-NC-IN-TX-VA/40699,,,,2026-07-03_07-48-47
Senior Buyer (LSNA-PR/PA),"Guaynabo, Puerto Rico, United States",Jacobs,Project Controls,https://careers.jacobs.com/en_US/careers/JobDetail/Senior-Buyer-LSNA-PR-PA/40698,,,,2026-07-03_07-48-47
Project Manager/Project Architect - Cities & Places,"Las Vegas, Nevada, United States",Jacobs,Program Management,https://careers.jacobs.com/en_US/careers/JobDetail/Project-Manager-Project-Architect-Cities-Places/40697,,,,2026-07-03_07-48-47
Telecommunications & Security Systems Engineer (LSNA-PA/OH/IN/NC/TX/VA),"Conshohocken, Pennsylvania, United States",Jacobs,Electrical,https://careers.jacobs.com/en_US/careers/JobDetail/Telecommunications-Security-Systems-Engineer-LSNA-PA-OH-IN-NC-TX-VA/40696,Max challenge attempts exceeded. Please refresh the page to try again!,Max challenge attempts exceeded. Please refresh the page to try again!,,2026-07-03_07-48-48
Structural Engineer (LSNA-PR),"Guaynabo, Puerto Rico, United States",Jacobs,Civil and Structural,https://careers.jacobs.com/en_US/careers/JobDetail/Structural-Engineer-LSNA-PR/40694,,,,2026-07-03_07-48-48
Senior Electrical Designer,"Pittsburgh, Pennsylvania, United States",Jacobs,Drafting and Design,https://careers.jacobs.com/en_US/careers/JobDetail/Senior-Electrical-Designer/40343,,,,2026-07-03_07-48-48
Entry Level Construction Manager,"Atlanta, Georgia, United States",Jacobs,Construction,https://careers.jacobs.com/en_US/careers/JobDetail/Entry-Level-Construction-Manager/40339,,,,2026-07-03_07-48-49
Roadway Engineer / Project Manager,"Madison, Wisconsin, United States",Jacobs,Multiple locations,https://careers.jacobs.com/en_US/careers/JobDetail/Roadway-Engineer-Project-Manager/40337,Max challenge attempts exceeded. Please refresh the page to try again!,Max challenge attempts exceeded. Please refresh the page to try again!,,2026-07-03_07-48-49
Fire Protection Engineer,"Dallas, Texas, United States",Jacobs,Health and Safety,https://careers.jacobs.com/en_US/careers/JobDetail/Fire-Protection-Engineer/40332,,,,2026-07-03_07-48-50
Planner Scheduler - Hybrid (LSNA-IN/OH),"Indianapolis, Indiana, United States",Jacobs,Project Controls,https://careers.jacobs.com/en_US/careers/JobDetail/Planner-Scheduler-Hybrid-LSNA-IN-OH/40310,,,,2026-07-03_07-48-50
Senior Structural Engineer (Civil Works) - Federal,"Houston, Texas, United States",Jacobs,Civil and Structural,https://careers.jacobs.com/en_US/careers/JobDetail/Senior-Structural-Engineer-Civil-Works-Federal/40308,,,,2026-07-03_07-48-51
Mid-Level Piping Designer - Remote/Hybrid (LSNA),"Conshohocken, Pennsylvania, United States",Jacobs,Drafting and Design,https://careers.jacobs.com/en_US/careers/JobDetail/Mid-Level-Piping-Designer-Remote-Hybrid-LSNA/40307,Max challenge attempts exceeded. Please refresh the page to try again!,Max challenge attempts exceeded. Please refresh the page to try again!,,2026-07-03_07-48-51
Sr Project Architect (Data Centers),"Philadelphia, Pennsylvania, United States",Jacobs,Architecture and Interiors,https://careers.jacobs.com/en_US/careers/JobDetail/Sr-Project-Architect-Data-Centers/40305,,,,2026-07-03_07-48-51
Senior Piping Designer - Remote (LSNA),"Conshohocken, Pennsylvania, United States",Jacobs,Drafting and Design,https://careers.jacobs.com/en_US/careers/JobDetail/Senior-Piping-Designer-Remote-LSNA/40303,,,,2026-07-03_07-48-52
EPCM Project Director,"Greenville, South Carolina, United States",Jacobs,Construction,https://careers.jacobs.com/en_US/careers/JobDetail/EPCM-Project-Director/40301,,,,2026-07-03_07-48-52
"Wastewater Operator - Gresham, OR (all levels welcome to apply)","Portland, Oregon, United States",Jacobs,Operations and Maintenance,https://careers.jacobs.com/en_US/careers/JobDetail/Wastewater-Operator-Gresham-OR-all-levels-welcome-to-apply/39828,Max challenge attempts exceeded. Please refresh the page to try again!,Max challenge attempts exceeded. Please refresh the page to try again!,,2026-07-03_07-48-53
"Wastewater Operations Supervisor - Vancouver, WA","Vancouver, Washington, United States",Jacobs,Operations and Maintenance,https://careers.jacobs.com/en_US/careers/JobDetail/Wastewater-Operations-Supervisor-Vancouver-WA/39826,,,,2026-07-03_07-48-53
Project Manager - Water Design Build,"Gainesville, Florida, United States",Jacobs,Construction,https://careers.jacobs.com/en_US/careers/JobDetail/Project-Manager-Water-Design-Build/39825,,,,2026-07-03_07-48-53
Commissioning Specialist,"Arlington, Virginia, United States",Jacobs,Planning and Consulting,https://careers.jacobs.com/en_US/careers/JobDetail/Commissioning-Specialist/39821,,,,2026-07-03_07-48-54
Software Engineer,"Chantilly, Virginia, United States",Jacobs,Digital and Data,https://careers.jacobs.com/en_US/careers/JobDetail/Software-Engineer/39819,Max challenge attempts exceeded. Please refresh the page to try again!,Max challenge attempts exceeded. Please refresh the page to try again!,,2026-07-03_07-48-54
Senior Planner Scheduler (LSNA-VA-1),"Cary, North Carolina, United States",Jacobs,Project Controls,https://careers.jacobs.com/en_US/careers/JobDetail/Senior-Planner-Scheduler-LSNA-VA-1/39784,,,,2026-07-03_07-48-55
"Industrial Assembly Facilities Professionals: PMs, Arch & Engineers (Civil, Structural, Mechanical, Electrical)","Newport News, Virginia, United States",Jacobs,Civil and Structural,https://careers.jacobs.com/en_US/careers/JobDetail/Industrial-Assembly-Facilities-Professionals-PMs-Arch-Engineers-Civil-Structural-Mechanical-Electrical/39783,,,,2026-07-03_07-48-55
Associate Level Test Engineer,"Nashua, New Hampshire, United States",Jacobs,Digital and Data,https://careers.jacobs.com/en_US/careers/JobDetail/Associate-Level-Test-Engineer/39777,,,,2026-07-03_07-48-55
Construction Engineer,"Chicago, Illinois, United States",Jacobs,Construction,https://careers.jacobs.com/en_US/careers/JobDetail/Construction-Engineer/39776,Max challenge attempts exceeded. Please refresh the page to try again!,Max challenge attempts exceeded. Please refresh the page to try again!,,2026-07-03_07-48-56
Construction Engineer,"Chicago, Illinois, United States",Jacobs,Construction,https://careers.jacobs.com/en_US/careers/JobDetail/Construction-Engineer/39775,,,,2026-07-03_07-48-56
Mid-Level Mechanical Designer (LSNA-US Remote),"Conshohocken, Pennsylvania, United States",Jacobs,Mechanical,https://careers.jacobs.com/en_US/careers/JobDetail/Mid-Level-Mechanical-Designer-LSNA-US-Remote/39327,,,,2026-07-03_07-48-56
Senior Electrical Engineer - Federal,"Greenville, South Carolina, United States",Jacobs,Electrical,https://careers.jacobs.com/en_US/careers/JobDetail/Senior-Electrical-Engineer-Federal/39322,,,,2026-07-03_07-48-57
Digital Delivery Lead - Federal,"Kansas City, Missouri, United States",Jacobs,Drafting and Design,https://careers.jacobs.com/en_US/careers/JobDetail/Digital-Delivery-Lead-Federal/39321,Max challenge attempts exceeded. Please refresh the page to try again!,Max challenge attempts exceeded. Please refresh the page to try again!,,2026-07-03_07-48-58
Civil Engineer,"Corvallis, Oregon, United States",Jacobs,Civil and Structural,https://careers.jacobs.com/en_US/careers/JobDetail/Civil-Engineer/39312,,,,2026-07-03_07-48-58
Mid-Level Plumbing Designer - Remote/Hybrid (LSNA-IN/OH/PA/NC),"Indianapolis, Indiana, United States",Jacobs,Mechanical,https://careers.jacobs.com/en_US/careers/JobDetail/Mid-Level-Plumbing-Designer-Remote-Hybrid-LSNA-IN-OH-PA-NC/39305,,,,2026-07-03_07-48-59
Senior Wastewater Process Engineer,"Nashville, Tennessee, United States",Jacobs,Project Management,https://careers.jacobs.com/en_US/careers/JobDetail/Senior-Wastewater-Process-Engineer/39303,,,,2026-07-03_07-48-59
Water Resources Project Manager,"Omaha, Nebraska, United States",Jacobs,Project Management,https://careers.jacobs.com/en_US/careers/JobDetail/Water-Resources-Project-Manager/39302,Max challenge attempts exceeded. Please refresh the page to try again!,Max challenge attempts exceeded. Please refresh the page to try again!,,2026-07-03_07-49-00
Water/Wastewater Project Manager,"Henderson, Nevada, United States",Jacobs,Project Management,https://careers.jacobs.com/en_US/careers/JobDetail/Water-Wastewater-Project-Manager/39297,,,,2026-07-03_07-49-00
"Operator-in-Training (Water Treatment) - Bear Creek, GA","Atlanta, Georgia, United States",Jacobs,Operations and Maintenance,https://careers.jacobs.com/en_US/careers/JobDetail/Operator-in-Training-Water-Treatment-Bear-Creek-GA/39296,,,,2026-07-03_07-49-01
Sr Digital Delivery Coordinator (Data Centers),"Dallas, Texas, United States",Jacobs,Drafting and Design,https://careers.jacobs.com/en_US/careers/JobDetail/Sr-Digital-Delivery-Coordinator-Data-Centers/39276,,,,2026-07-03_07-49-01
Construction Manager/Resident Engineer - Transportation,"Irvine, California, United States",Jacobs,Construction,https://careers.jacobs.com/en_US/careers/JobDetail/Construction-Manager-Resident-Engineer-Transportation/38859,Max challenge attempts exceeded. Please refresh the page to try again!,Max challenge attempts exceeded. Please refresh the page to try again!,,2026-07-03_07-49-02
Entry Level CAD Technician - Water/Wastewater,"Milwaukee, Wisconsin, United States",Jacobs,Drafting and Design,https://careers.jacobs.com/en_US/careers/JobDetail/Entry-Level-CAD-Technician-Water-Wastewater/38855,,,,2026-07-03_07-49-02
Wastewater Project Manager,"Portland, Oregon, United States",Jacobs,Project Management,https://careers.jacobs.com/en_US/careers/JobDetail/Wastewater-Project-Manager/38851,,,,2026-07-03_07-49-03
Southeast Ecology Team Lead,"Atlanta, Georgia, United States",Jacobs,Environmental,https://careers.jacobs.com/en_US/careers/JobDetail/Southeast-Ecology-Team-Lead/38840,,,,2026-07-03_07-49-03
Structural Discipline Lead - Design Build (Water/Wastewater),"Columbus, Ohio, United States",Jacobs,Civil and Structural,https://careers.jacobs.com/en_US/careers/JobDetail/Structural-Discipline-Lead-Design-Build-Water-Wastewater/38838,Max challenge attempts exceeded. Please refresh the page to try again!,Max challenge attempts exceeded. Please refresh the page to try again!,,2026-07-03_07-49-04
Site/Civil Discipline Lead - Design Build (Water/Wastewater),"Columbus, Ohio, United States",Jacobs,Civil and Structural,https://careers.jacobs.com/en_US/careers/JobDetail/Site-Civil-Discipline-Lead-Design-Build-Water-Wastewater/38836,,,,2026-07-03_07-49-04
Process Mechanical Discipline Lead - Design Build (Water/Wastewater),"Columbus, Ohio, United States",Jacobs,Mechanical,https://careers.jacobs.com/en_US/careers/JobDetail/Process-Mechanical-Discipline-Lead-Design-Build-Water-Wastewater/38834,,,,2026-07-03_07-49-05
Electrical Discipline Lead - Design Build (Water/Wastewater),"Columbus, Ohio, United States",Jacobs,Civil and Structural,https://careers.jacobs.com/en_US/careers/JobDetail/Electrical-Discipline-Lead-Design-Build-Water-Wastewater/38831,,,,2026-07-03_07-49-05
CAD Technician - Water/Wastewater,"Milwaukee, Wisconsin, United States",Jacobs,Drafting and Design,https://careers.jacobs.com/en_US/careers/JobDetail/CAD-Technician-Water-Wastewater/38829,Max challenge attempts exceeded. Please refresh the page to try again!,Max challenge attempts exceeded. Please refresh the page to try again!,,2026-07-03_07-49-06
Senior Automation Design Engineer (LSNA-PA/OH/IN/NC),"Conshohocken, Pennsylvania, United States",Jacobs,Electrical,https://careers.jacobs.com/en_US/careers/JobDetail/Senior-Automation-Design-Engineer-LSNA-PA-OH-IN-NC/38782,,,,2026-07-03_07-49-06
"Professional Land Surveyor - Bellevue, WA","Bellevue, Washington, United States",Jacobs,Civil and Structural,https://careers.jacobs.com/en_US/careers/JobDetail/Professional-Land-Surveyor-Bellevue-WA/38145,,,,2026-07-03_07-49-07
Geospatial Project Manager - Hawaii,"Honolulu, Hawaii, United States",Jacobs,Civil and Structural,https://careers.jacobs.com/en_US/careers/JobDetail/Geospatial-Project-Manager-Hawaii/38144,,,,2026-07-03_07-49-07
"Geospatial Project Manager - Portland, OR","Portland, Oregon, United States",Jacobs,Civil and Structural,https://careers.jacobs.com/en_US/careers/JobDetail/Geospatial-Project-Manager-Portland-OR/38143,Max challenge attempts exceeded. Please refresh the page to try again!,Max challenge attempts exceeded. Please refresh the page to try again!,,2026-07-03_07-49-08
"Geospatial Project Manager - Bellevue, WA","Bellevue, Washington, United States",Jacobs,Civil and Structural,https://careers.jacobs.com/en_US/careers/JobDetail/Geospatial-Project-Manager-Bellevue-WA/38142,,,,2026-07-03_07-49-08
Survey Technician - Hawaii,"Honolulu, Hawaii, United States",Jacobs,Civil and Structural,https://careers.jacobs.com/en_US/careers/JobDetail/Survey-Technician-Hawaii/38140,,,,2026-07-03_07-49-09
"Survey Technician - Portland, OR","Portland, Oregon, United States",Jacobs,Civil and Structural,https://careers.jacobs.com/en_US/careers/JobDetail/Survey-Technician-Portland-OR/38139,,,,2026-07-03_07-49-09
"Survey Technician - Bellevue, WA","Bellevue, Washington, United States",Jacobs,Civil and Structural,https://careers.jacobs.com/en_US/careers/JobDetail/Survey-Technician-Bellevue-WA/38138,Max challenge attempts exceeded. Please refresh the page to try again!,Max challenge attempts exceeded. Please refresh the page to try again!,,2026-07-03_07-49-10
Electrical Engineer,"Orlando, Florida, United States",Jacobs,Electrical,https://careers.jacobs.com/en_US/careers/JobDetail/Electrical-Engineer/38137,,,,2026-07-03_07-49-10
Design Project Manager - Federal,"Arlington, Virginia, United States",Jacobs,Project Management,https://careers.jacobs.com/en_US/careers/JobDetail/Design-Project-Manager-Federal/38135,,,,2026-07-03_07-49-11
Senior Planner / Scheduler (LSNA-TX),"Houston, Texas, United States",Jacobs,Project Controls,https://careers.jacobs.com/en_US/careers/JobDetail/Senior-Planner-Scheduler-LSNA-TX/38134,,,,2026-07-03_07-49-11
C-17 Pilot Subject Matter Expert,"Nashua, New Hampshire, United States",Jacobs,Digital and Data,https://careers.jacobs.com/en_US/careers/JobDetail/C-17-Pilot-Subject-Matter-Expert/37037,Max challenge attempts exceeded. Please refresh the page to try again!,Max challenge attempts exceeded. Please refresh the page to try again!,,2026-07-03_07-49-12
Water Conveyance Project Manager,"Bellevue, Washington, United States",Jacobs,Project Management,https://careers.jacobs.com/en_US/careers/JobDetail/Water-Conveyance-Project-Manager/37033,,,,2026-07-03_07-49-12
Instrumentation & Controls BIM designer (36995),"Portland, Oregon, United States",Jacobs,Electrical,https://careers.jacobs.com/en_US/careers/JobDetail/Instrumentation-Controls-BIM-designer-36995/36995,,,,2026-07-03_07-49-13
Instrumentation & Controls BIM designer (36994),"Tempe, Arizona, United States",Jacobs,Electrical,https://careers.jacobs.com/en_US/careers/JobDetail/Instrumentation-Controls-BIM-designer-36994/36994,,,,2026-07-03_07-49-13
Civil Engineer - Federal,"Boston, Massachusetts, United States",Jacobs,Civil and Structural,https://careers.jacobs.com/en_US/careers/JobDetail/Civil-Engineer-Federal/36984,Max challenge attempts exceeded. Please refresh the page to try again!,Max challenge attempts exceeded. Please refresh the page to try again!,,2026-07-03_07-49-14
Senior Civil Engineer - Federal,"Boston, Massachusetts, United States",Jacobs,Civil and Structural,https://careers.jacobs.com/en_US/careers/JobDetail/Senior-Civil-Engineer-Federal/36983,,,,2026-07-03_07-49-14
Senior Civil Engineer - Federal,"Arlington, Virginia, United States",Jacobs,Civil and Structural,https://careers.jacobs.com/en_US/careers/JobDetail/Senior-Civil-Engineer-Federal/36953,,,,2026-07-03_07-49-15
Civil Engineer - Federal,"Arlington, Virginia, United States",Jacobs,Civil and Structural,https://careers.jacobs.com/en_US/careers/JobDetail/Civil-Engineer-Federal/36952,,,,2026-07-03_07-49-15
Structural Engineer (Data Center) 36947,"Portland, Oregon, United States",Jacobs,Civil and Structural,https://careers.jacobs.com/en_US/careers/JobDetail/Structural-Engineer-Data-Center-36947/36947,Max challenge attempts exceeded. Please refresh the page to try again!,Max challenge attempts exceeded. Please refresh the page to try again!,,2026-07-03_07-49-15
"Power Plant Construction Site Manager – Electrical, Instrumentation and Controls Trades","Denver, Colorado, United States",Jacobs,Construction,https://careers.jacobs.com/en_US/careers/JobDetail/Power-Plant-Construction-Site-Manager-Electrical-Instrumentation-and-Controls-Trades/36946,,,,2026-07-03_07-49-16
Project Engineer - Buildings,"Los Angeles, California, United States",Jacobs,Construction,https://careers.jacobs.com/en_US/careers/JobDetail/Project-Engineer-Buildings/35471,,,,2026-07-03_07-49-16
Senior Transportation Project Manager,"Honolulu, Hawaii, United States",Jacobs,Project Management,https://careers.jacobs.com/en_US/careers/JobDetail/Senior-Transportation-Project-Manager/35424,,,,2026-07-03_07-49-17
Senior Project Manager (Water/Wastewater),"Chattanooga, Tennessee, United States",Jacobs,Project Management,https://careers.jacobs.com/en_US/careers/JobDetail/Senior-Project-Manager-Water-Wastewater/35419,Max challenge attempts exceeded. Please refresh the page to try again!,Max challenge attempts exceeded. Please refresh the page to try again!,,2026-07-03_07-49-17
Senior CEI Project Engineer,"Jacksonville, Florida, United States",Jacobs,Construction,https://careers.jacobs.com/en_US/careers/JobDetail/Senior-CEI-Project-Engineer/35404,,,,2026-07-03_07-49-17
"Senior Consultant – Gas Turbine/O&M, Power Generation","Fort Worth, Texas, United States",Jacobs,Enterprise Functions,https://careers.jacobs.com/en_US/careers/JobDetail/Senior-Consultant-Gas-Turbine-O-M-Power-Generation/35373,,,,2026-07-03_07-49-18
Project Manager - Undergrounding Program (Chico Area),"Redding, California, United States",Jacobs,Construction,https://careers.jacobs.com/en_US/careers/JobDetail/Project-Manager-Undergrounding-Program-Chico-Area/35368,,,,2026-07-03_07-49-18
Senior Project Architect - SoCal CA,"San Diego, California, United States",Jacobs,Architecture and Interiors,https://careers.jacobs.com/en_US/careers/JobDetail/Senior-Project-Architect-SoCal-CA/35325,Max challenge attempts exceeded. Please refresh the page to try again!,Max challenge attempts exceeded. Please refresh the page to try again!,,2026-07-03_07-49-19
Resident Engineer- Water and Wastewater,"New York, New York, United States",Jacobs,Construction,https://careers.jacobs.com/en_US/careers/JobDetail/Resident-Engineer-Water-and-Wastewater/35275,,,,2026-07-03_07-49-19
Senior Project Manager - Water/Wastewater,"New York, New York, United States",Jacobs,Project Management,https://careers.jacobs.com/en_US/careers/JobDetail/Senior-Project-Manager-Water-Wastewater/35273,,,,2026-07-03_07-49-20
Water Resources Engineer - Transportation,"Baltimore, Maryland, United States",Jacobs,Civil and Structural,https://careers.jacobs.com/en_US/careers/JobDetail/Water-Resources-Engineer-Transportation/35230,,,,2026-07-03_07-49-20
Senior Ports Civil Engineer,"New York, New York, United States",Jacobs,Civil and Structural,https://careers.jacobs.com/en_US/careers/JobDetail/Senior-Ports-Civil-Engineer/30691,Max challenge attempts exceeded. Please refresh the page to try again!,Max challenge attempts exceeded. Please refresh the page to try again!,,2026-07-03_07-49-21
"Senior Systems Engineer / Network Engineer (Micro Focus NA & NNMi, OpenText)","Chantilly, Virginia, United States",Jacobs,Digital and Data,https://careers.jacobs.com/en_US/careers/JobDetail/Senior-Systems-Engineer-Network-Engineer-Micro-Focus-NA-NNMi-OpenText/30563,,,,2026-07-03_07-49-21
Network Engineer,"Chantilly, Virginia, United States",Jacobs,Digital and Data,https://careers.jacobs.com/en_US/careers/JobDetail/Network-Engineer/30432,,,,2026-07-03_07-49-21
Network Engineer,"Denver, Colorado, United States",Jacobs,Digital and Data,https://careers.jacobs.com/en_US/careers/JobDetail/Network-Engineer/30429,,,,2026-07-03_07-49-22
Junior Civil Engineer - Federal,"Irvine, California, United States",Jacobs,Civil and Structural,https://careers.jacobs.com/en_US/careers/JobDetail/Junior-Civil-Engineer-Federal/29934,Max challenge attempts exceeded. Please refresh the page to try again!,Max challenge attempts exceeded. Please refresh the page to try again!,,2026-07-03_07-49-22
Design Project Manager - Federal,"Honolulu, Hawaii, United States",Jacobs,Project Management,https://careers.jacobs.com/en_US/careers/JobDetail/Design-Project-Manager-Federal/29726,,,,2026-07-03_07-49-23
Project Manager: Electrical Transmission & Distribution (EPC) (Bay Area),"Oakland, California, United States",Jacobs,Project Management,https://careers.jacobs.com/en_US/careers/JobDetail/Project-Manager-Electrical-Transmission-Distribution-EPC-Bay-Area/41941,,,,2026-07-09_09-17-16
Sr Mechanical HVAC Engineer (Data Centers),"Philadelphia, Pennsylvania, United States",Jacobs,Architecture and Interiors,https://careers.jacobs.com/en_US/careers/JobDetail/Sr-Mechanical-HVAC-Engineer-Data-Centers/41940,,,,2026-07-09_09-17-16
Drinking Water & Reuse Project Manager,"Irvine, California, United States",Jacobs,Project Management,https://careers.jacobs.com/en_US/careers/JobDetail/Drinking-Water-Reuse-Project-Manager/41938,,,,2026-07-09_09-17-17
Senior Mechanical Engineer,"Philadelphia, Pennsylvania, United States",Jacobs,Mechanical,https://careers.jacobs.com/en_US/careers/JobDetail/Senior-Mechanical-Engineer/41936,Max challenge attempts exceeded. Please refresh the page to try again!,Max challenge attempts exceeded. Please refresh the page to try again!,,2026-07-09_09-17-17
Junior Architectural Designer,"St. Louis, Missouri, United States",Jacobs,Architecture and Interiors,https://careers.jacobs.com/en_US/careers/JobDetail/Junior-Architectural-Designer/41935,,,,2026-07-09_09-17-18
Project Administrative Assistant,"Austin, Texas, United States",Jacobs,Enterprise Functions,https://careers.jacobs.com/en_US/careers/JobDetail/Project-Administrative-Assistant/41934,,,,2026-07-09_09-17-18
Structural Engineer - Ports and Maritime,"Bellevue, Washington, United States",Jacobs,Civil and Structural,https://careers.jacobs.com/en_US/careers/JobDetail/Structural-Engineer-Ports-and-Maritime/41932,,,,2026-07-09_09-17-18
Area Construction Manager (LSNA-NC),"Cary, North Carolina, United States",Jacobs,Construction,https://careers.jacobs.com/en_US/careers/JobDetail/Area-Construction-Manager-LSNA-NC/41931,Max challenge attempts exceeded. Please refresh the page to try again!,Max challenge attempts exceeded. Please refresh the page to try again!,,2026-07-09_09-17-19
Field Material Controller,"Saint Francisville, Louisiana, United States",Jacobs,Enterprise Functions,https://careers.jacobs.com/en_US/careers/JobDetail/Field-Material-Controller/41928,,,,2026-07-09_09-17-19
Senior Water Technical Specialist,"Atlanta, Georgia, United States",Jacobs,Operations and Maintenance,https://careers.jacobs.com/en_US/careers/JobDetail/Senior-Water-Technical-Specialist/41927,,,,2026-07-09_09-17-20
Construction Project Engineer III (Data Centers),"Greenville, South Carolina, United States",Jacobs,Construction,https://careers.jacobs.com/en_US/careers/JobDetail/Construction-Project-Engineer-III-Data-Centers/41550,,,,2026-07-09_09-17-20
Construction Project Engineer II (Data Centers),"Greenville, South Carolina, United States",Jacobs,Construction,https://careers.jacobs.com/en_US/careers/JobDetail/Construction-Project-Engineer-II-Data-Centers/41549,Max challenge attempts exceeded. Please refresh the page to try again!,Max challenge attempts exceeded. Please refresh the page to try again!,,2026-07-09_09-17-20
Subcontracts Administrator-Intermediate,"Greenville, South Carolina, United States",Jacobs,Business and Sales,https://careers.jacobs.com/en_US/careers/JobDetail/Subcontracts-Administrator-Intermediate/41548,,,,2026-07-09_09-17-21
Interior Principal – Client Service Leader,"St. Louis, Missouri, United States",Jacobs,Architecture and Interiors,https://careers.jacobs.com/en_US/careers/JobDetail/Interior-Principal-Client-Service-Leader/41547,,,,2026-07-09_09-17-21
Document Control Professional,"Denver, Colorado, United States",Jacobs,Project Controls,https://careers.jacobs.com/en_US/careers/JobDetail/Document-Control-Professional/41541,,,,2026-07-09_09-17-21
Senior Bridge Project Manager / Transportation Practice Builder,"Holladay, Utah, United States",Jacobs,Project Management,https://careers.jacobs.com/en_US/careers/JobDetail/Senior-Bridge-Project-Manager-Transportation-Practice-Builder/41540,Max challenge attempts exceeded. Please refresh the page to try again!,Max challenge attempts exceeded. Please refresh the page to try again!,,2026-07-09_09-17-22
Water Resource Recovery (Wastewater) Process Engineer,"Irvine, California, United States",Jacobs,Civil and Structural,https://careers.jacobs.com/en_US/careers/JobDetail/Water-Resource-Recovery-Wastewater-Process-Engineer/41539,,,,2026-07-09_09-17-22
Fire Protection Engineer - Federal,"Arlington, Virginia, United States",Jacobs,Health and Safety,https://careers.jacobs.com/en_US/careers/JobDetail/Fire-Protection-Engineer-Federal/41537,,,,2026-07-09_09-17-23
"Water Treatment Assistant Project Manager - Jackson, MS","Jackson, Mississippi, United States",Jacobs,Operations and Maintenance,https://careers.jacobs.com/en_US/careers/JobDetail/Water-Treatment-Assistant-Project-Manager-Jackson-MS/41535,,,,2026-07-09_09-17-23
Commercial Manager,"New York, New York, United States",Jacobs,Project Controls,https://careers.jacobs.com/en_US/careers/JobDetail/Commercial-Manager/41533,Max challenge attempts exceeded. Please refresh the page to try again!,Max challenge attempts exceeded. Please refresh the page to try again!,,2026-07-09_09-17-24
Sr Mechanical HVAC Engineer (Data Centers),"Philadelphia, Pennsylvania, United States",Jacobs,Architecture and Interiors,https://careers.jacobs.com/en_US/careers/JobDetail/Sr-Mechanical-HVAC-Engineer-Data-Centers/40852,,,,2026-07-09_09-17-24
Civil Engineering Professional,"Bellevue, Washington, United States",Jacobs,Civil and Structural,https://careers.jacobs.com/en_US/careers/JobDetail/Civil-Engineering-Professional/40848,,,,2026-07-09_09-17-24
Wastewater Treatment Engineer,"Honolulu, Hawaii, United States",Jacobs,Mechanical,https://careers.jacobs.com/en_US/careers/JobDetail/Wastewater-Treatment-Engineer/40841,,,,2026-07-09_09-17-25
Senior Hydraulic Modeler,"Holladay, Utah, United States",Jacobs,Civil and Structural,https://careers.jacobs.com/en_US/careers/JobDetail/Senior-Hydraulic-Modeler/40835,Max challenge attempts exceeded. Please refresh the page to try again!,Max challenge attempts exceeded. Please refresh the page to try again!,,2026-07-09_09-17-25
Office Engineer - NYCDEP,"New York, New York, United States",Jacobs,Civil and Structural,https://careers.jacobs.com/en_US/careers/JobDetail/Office-Engineer-NYCDEP/40831,,,,2026-07-09_09-17-26
Airfield Design Engineer Professional Associate Level,"Bellevue, Washington, United States",Jacobs,Civil and Structural,https://careers.jacobs.com/en_US/careers/JobDetail/Airfield-Design-Engineer-Professional-Associate-Level/40827,,,,2026-07-09_09-17-26
Highway Engineering Professional,"Bellevue, Washington, United States",Jacobs,Civil and Structural,https://careers.jacobs.com/en_US/careers/JobDetail/Highway-Engineering-Professional/40822,,,,2026-07-09_09-17-26
E & I Superintendent (Data Centers),"Corpus Christi, Texas, United States",Jacobs,Construction,https://careers.jacobs.com/en_US/careers/JobDetail/E-I-Superintendent-Data-Centers/40806,Max challenge attempts exceeded. Please refresh the page to try again!,Max challenge attempts exceeded. Please refresh the page to try again!,,2026-07-09_09-17-27
Rigging Superintendent (Data Centers),"Corpus Christi, Texas, United States",Jacobs,Construction,https://careers.jacobs.com/en_US/careers/JobDetail/Rigging-Superintendent-Data-Centers/40804,,,,2026-07-09_09-17-27
Mechanical Superintendent (Data Centers),"Corpus Christi, Texas, United States",Jacobs,Construction,https://careers.jacobs.com/en_US/careers/JobDetail/Mechanical-Superintendent-Data-Centers/40803,,,,2026-07-09_09-17-27
Highway Design Engineer,"Nashville, Tennessee, United States",Jacobs,Civil and Structural,https://careers.jacobs.com/en_US/careers/JobDetail/Highway-Design-Engineer/40479,,,,2026-07-09_09-17-28
Project Manager - Advanced Technology Facilities,"Syracuse, New York, United States",Jacobs,Project Management,https://careers.jacobs.com/en_US/careers/JobDetail/Project-Manager-Advanced-Technology-Facilities/40478,Max challenge attempts exceeded. Please refresh the page to try again!,Max challenge attempts exceeded. Please refresh the page to try again!,,2026-07-09_09-17-28
CEI Senior Inspector,"Miami, Florida, United States",Jacobs,Construction,https://careers.jacobs.com/en_US/careers/JobDetail/CEI-Senior-Inspector/40477,,,,2026-07-09_09-17-29
Assistant Project Manager - Advanced Technology Facilities,"Syracuse, New York, United States",Jacobs,Project Management,https://careers.jacobs.com/en_US/careers/JobDetail/Assistant-Project-Manager-Advanced-Technology-Facilities/40476,,,,2026-07-09_09-17-29
"Thermal Generation Development Project Manager (TX, MN, CO)","Denver, Colorado, United States",Jacobs,Project Management,https://careers.jacobs.com/en_US/careers/JobDetail/Thermal-Generation-Development-Project-Manager-TX-MN-CO/40475,,,,2026-07-09_09-17-29
"Municipal Water Conveyance Leader – Dallas, TX","Dallas, Texas, United States",Jacobs,Project Management,https://careers.jacobs.com/en_US/careers/JobDetail/Municipal-Water-Conveyance-Leader-Dallas-TX/39952,Max challenge attempts exceeded. Please refresh the page to try again!,Max challenge attempts exceeded. Please refresh the page to try again!,,2026-07-09_09-17-30
Structural Engineering Professional,"Hillsboro, Oregon, United States",Jacobs,Civil and Structural,https://careers.jacobs.com/en_US/careers/JobDetail/Structural-Engineering-Professional/39898,,,,2026-07-09_09-17-30
Architectural Design Technician,"Boise, Idaho, United States",Jacobs,Architecture and Interiors,https://careers.jacobs.com/en_US/careers/JobDetail/Architectural-Design-Technician/39896,,,,2026-07-09_09-17-30
Structural Design Technician,"Hillsboro, Oregon, United States",Jacobs,Civil and Structural,https://careers.jacobs.com/en_US/careers/JobDetail/Structural-Design-Technician/39895,,,,2026-07-09_09-17-31
Instrumentation & Fire Alarm Engineer,"Boise, Idaho, United States",Jacobs,Electrical,https://careers.jacobs.com/en_US/careers/JobDetail/Instrumentation-Fire-Alarm-Engineer/39892,Max challenge attempts exceeded. Please refresh the page to try again!,Max challenge attempts exceeded. Please refresh the page to try again!,,2026-07-09_09-17-31
Sr. Construction Manager - Healthcare Buildings,"Austin, Texas, United States",Jacobs,Construction,https://careers.jacobs.com/en_US/careers/JobDetail/Sr-Construction-Manager-Healthcare-Buildings/39891,,,,2026-07-09_09-17-31
North America Geothermal Project Engineer,"Denver, Colorado, United States",Jacobs,Construction,https://careers.jacobs.com/en_US/careers/JobDetail/North-America-Geothermal-Project-Engineer/39382,,,,2026-07-09_09-17-32
BIM Lead - Architectural Designer BIM/CADD,"Boise, Idaho, United States",Jacobs,Drafting and Design,https://careers.jacobs.com/en_US/careers/JobDetail/BIM-Lead-Architectural-Designer-BIM-CADD/39380,,,,2026-07-09_09-17-32
Architectural BIM/CADD Designer,"Dallas, Texas, United States",Jacobs,Drafting and Design,https://careers.jacobs.com/en_US/careers/JobDetail/Architectural-BIM-CADD-Designer/39379,Max challenge attempts exceeded. Please refresh the page to try again!,Max challenge attempts exceeded. Please refresh the page to try again!,,2026-07-09_09-17-33
Civil Engineer - Federal,"Honolulu, Hawaii, United States",Jacobs,Civil and Structural,https://careers.jacobs.com/en_US/careers/JobDetail/Civil-Engineer-Federal/39377,,,,2026-07-09_09-17-33
North America Geothermal Project Engineer,"Calgary, Alberta, Canada",Jacobs,Construction,https://careers.jacobs.com/en_US/careers/JobDetail/North-America-Geothermal-Project-Engineer/39376,,,,2026-07-09_09-17-33
Mechanical HVAC Engineer SME - AI Data Centers,"Greenville, South Carolina, United States",Jacobs,Mechanical,https://careers.jacobs.com/en_US/careers/JobDetail/Mechanical-HVAC-Engineer-SME-AI-Data-Centers/39373,,,,2026-07-09_09-17-34
"Construction Superintendent (Fishkill, NY)","Beacon, New York, United States",Jacobs,Project Management,https://careers.jacobs.com/en_US/careers/JobDetail/Construction-Superintendent-Fishkill-NY/39372,Max challenge attempts exceeded. Please refresh the page to try again!,Max challenge attempts exceeded. Please refresh the page to try again!,,2026-07-09_09-17-34
Computational Fluid Dynamics Engineer (39369),"Portland, Oregon, United States",Jacobs,Mechanical,https://careers.jacobs.com/en_US/careers/JobDetail/Computational-Fluid-Dynamics-Engineer-39369/39369,,,,2026-07-09_09-17-34
Electrical Engineer SME - AI Data Centers,"Greenville, South Carolina, United States",Jacobs,Electrical,https://careers.jacobs.com/en_US/careers/JobDetail/Electrical-Engineer-SME-AI-Data-Centers/39368,,,,2026-07-09_09-17-34
Project Engineer - Construction,"Rochester, New York, United States",Jacobs,Project Management,https://careers.jacobs.com/en_US/careers/JobDetail/Project-Engineer-Construction/39367,,,,2026-07-09_09-17-35
Defense Contractors Client Account Manager,"Arlington, Virginia, United States",Jacobs,Business and Sales,https://careers.jacobs.com/en_US/careers/JobDetail/Defense-Contractors-Client-Account-Manager/38940,Max challenge attempts exceeded. Please refresh the page to try again!,Max challenge attempts exceeded. Please refresh the page to try again!,,2026-07-09_09-17-35
Roadway Design Engineer,"Portland, Oregon, United States",Jacobs,Civil and Structural,https://careers.jacobs.com/en_US/careers/JobDetail/Roadway-Design-Engineer/38937,,,,2026-07-09_09-17-36
Senior Electrical Engineer – Aviation,"New York, New York, United States",Jacobs,Electrical,https://careers.jacobs.com/en_US/careers/JobDetail/Senior-Electrical-Engineer-Aviation/38936,,,,2026-07-09_09-17-36
Project Controls Analyst (Rocklin/Chico Area),"Redding, California, United States",Jacobs,Accounting and Finance,https://careers.jacobs.com/en_US/careers/JobDetail/Project-Controls-Analyst-Rocklin-Chico-Area/38932,,,,2026-07-09_09-17-36
Senior Project Controls Analyst (Rocklin/Chico Area),"Redding, California, United States",Jacobs,Accounting and Finance,https://careers.jacobs.com/en_US/careers/JobDetail/Senior-Project-Controls-Analyst-Rocklin-Chico-Area/38931,Max challenge attempts exceeded. Please refresh the page to try again!,Max challenge attempts exceeded. Please refresh the page to try again!,,2026-07-09_09-17-36
Design Project Manager - Federal,"Boston, Massachusetts, United States",Jacobs,Project Management,https://careers.jacobs.com/en_US/careers/JobDetail/Design-Project-Manager-Federal/38929,,,,2026-07-09_09-17-37
Senior Planner/Scheduler – Upper Mid-West USA,"Detroit, Michigan, United States",Jacobs,Project Controls,https://careers.jacobs.com/en_US/careers/JobDetail/Senior-Planner-Scheduler-Upper-Mid-West-USA/38922,,,,2026-07-09_09-17-37
Senior Project Manager - Buildings,"Syracuse, New York, United States",Jacobs,Project Management,https://careers.jacobs.com/en_US/careers/JobDetail/Senior-Project-Manager-Buildings/38919,,,,2026-07-09_09-17-37
Wisconsin Water - Market Growth Leader,"Milwaukee, Wisconsin, United States",Jacobs,Business and Sales,https://careers.jacobs.com/en_US/careers/JobDetail/Wisconsin-Water-Market-Growth-Leader/38903,Max challenge attempts exceeded. Please refresh the page to try again!,Max challenge attempts exceeded. Please refresh the page to try again!,,2026-07-09_09-17-38
"Wastewater Collection Systems Engineer / Project Manager - Hoboken, NJ","Hoboken, New Jersey, United States",Jacobs,Operations and Maintenance,https://careers.jacobs.com/en_US/careers/JobDetail/Wastewater-Collection-Systems-Engineer-Project-Manager-Hoboken-NJ/38873,,,,2026-07-09_09-17-38
Project Manager - Construction,"Albany, New York, United States",Jacobs,Project Management,https://careers.jacobs.com/en_US/careers/JobDetail/Project-Manager-Construction/38267,,,,2026-07-09_09-17-38
Maui Civil Engineering Project Manager,"Honolulu, Hawaii, United States",Jacobs,Project Management,https://careers.jacobs.com/en_US/careers/JobDetail/Maui-Civil-Engineering-Project-Manager/38261,,,,2026-07-09_09-17-39
Water/Wastewater Project Manager,"Cleveland, Ohio, United States",Jacobs,Project Management,https://careers.jacobs.com/en_US/careers/JobDetail/Water-Wastewater-Project-Manager/38249,Max challenge attempts exceeded. Please refresh the page to try again!,Max challenge attempts exceeded. Please refresh the page to try again!,,2026-07-09_09-17-39
CEI Inspector - Daytona Beach,"Orlando, Florida, United States",Jacobs,Construction,https://careers.jacobs.com/en_US/careers/JobDetail/CEI-Inspector-Daytona-Beach/38202,,,,2026-07-09_09-17-40
Substation Project Engineer,"Denver, Colorado, United States",Jacobs,Electrical,https://careers.jacobs.com/en_US/careers/JobDetail/Substation-Project-Engineer/38200,,,,2026-07-09_09-17-40
Environmental Remediation Geologist,"Boise, Idaho, United States",Jacobs,Environmental,https://careers.jacobs.com/en_US/careers/JobDetail/Environmental-Remediation-Geologist/38148,,,,2026-07-09_09-17-40
Professional Land Surveyor - Hawaii,"Honolulu, Hawaii, United States",Jacobs,Civil and Structural,https://careers.jacobs.com/en_US/careers/JobDetail/Professional-Land-Surveyor-Hawaii/38147,Max challenge attempts exceeded. Please refresh the page to try again!,Max challenge attempts exceeded. Please refresh the page to try again!,,2026-07-09_09-17-40
"Professional Land Surveyor - Portland, OR","Portland, Oregon, United States",Jacobs,Civil and Structural,https://careers.jacobs.com/en_US/careers/JobDetail/Professional-Land-Surveyor-Portland-OR/38146,,,,2026-07-09_09-17-41
Resident Project Representative (RPR) - Water/Wastewater,"St. Louis, Missouri, United States",Jacobs,Construction,https://careers.jacobs.com/en_US/careers/JobDetail/Resident-Project-Representative-RPR-Water-Wastewater/37067,,,,2026-07-09_09-17-41
Roadway Engineer,"Baltimore, Maryland, United States",Jacobs,Civil and Structural,https://careers.jacobs.com/en_US/careers/JobDetail/Roadway-Engineer/35229,,,,2026-07-09_09-17-41
Sr. Project Manager- Healthcare,"Los Angeles, California, United States",Jacobs,Construction,https://careers.jacobs.com/en_US/careers/JobDetail/Sr-Project-Manager-Healthcare/35202,Max challenge attempts exceeded. Please refresh the page to try again!,Max challenge attempts exceeded. Please refresh the page to try again!,,2026-07-09_09-17-42
Sediment Design Engineer,"Seattle, Washington, United States",Jacobs,Environmental,https://careers.jacobs.com/en_US/careers/JobDetail/Sediment-Design-Engineer/35182,,,,2026-07-09_09-17-42
Design Build Transportation Design Manager,"Austin, Texas, United States",Jacobs,Civil and Structural,https://careers.jacobs.com/en_US/careers/JobDetail/Design-Build-Transportation-Design-Manager/35153,,,,2026-07-09_09-17-42
Civil Engineer - Federal,"Dallas, Texas, United States",Jacobs,Civil and Structural,https://careers.jacobs.com/en_US/careers/JobDetail/Civil-Engineer-Federal/27557,,,,2026-07-09_09-17-43
Sr. Electrical Engineer,"Columbus, Ohio, United States",Jacobs,Electrical,https://careers.jacobs.com/en_US/careers/JobDetail/Sr-Electrical-Engineer/26691,Max challenge attempts exceeded. Please refresh the page to try again!,Max challenge attempts exceeded. Please refresh the page to try again!,,2026-07-09_09-17-43
Resident Engineer,"Wethersfield, Connecticut, United States",Jacobs,Construction,https://careers.jacobs.com/en_US/careers/JobDetail/Resident-Engineer/26258,,,,2026-07-09_09-17-43
Project Manager - Water/Wastewater,"Hampton, Virginia, United States",Jacobs,Project Management,https://careers.jacobs.com/en_US/careers/JobDetail/Project-Manager-Water-Wastewater/25458,,,,2026-07-09_09-17-44
Structural Engineer,"Reston, Virginia, United States",Jacobs,Planning and Consulting,https://careers.jacobs.com/en_US/careers/JobDetail/Structural-Engineer/24714,,,,2026-07-09_09-17-44
Sr. Project Manager,"Cleveland, Ohio, United States",Jacobs,Planning and Consulting,https://careers.jacobs.com/en_US/careers/JobDetail/Sr-Project-Manager/24712,Max challenge attempts exceeded. Please refresh the page to try again!,Max challenge attempts exceeded. Please refresh the page to try again!,,2026-07-09_09-17-44
Project Manager - Water,"St. Louis, Missouri, United States",Jacobs,Project Management,https://careers.jacobs.com/en_US/careers/JobDetail/Project-Manager-Water/24706,,,,2026-07-09_09-17-44
Structural Engineer,"Bellevue, Washington, United States",Jacobs,Civil and Structural,https://careers.jacobs.com/en_US/careers/JobDetail/Structural-Engineer/42042,,,,2026-07-13_10-08-08
Senior Building Mechanical Engineer,"Denver, Colorado, United States",Jacobs,Mechanical,https://careers.jacobs.com/en_US/careers/JobDetail/Senior-Building-Mechanical-Engineer/42041,,,,2026-07-13_10-08-08
Building Mechanical Engineer,"Denver, Colorado, United States",Jacobs,Mechanical,https://careers.jacobs.com/en_US/careers/JobDetail/Building-Mechanical-Engineer/42040,,,,2026-07-13_10-08-09
Manager of Construction (Data Centers),"Philadelphia, Pennsylvania, United States",Jacobs,Construction,https://careers.jacobs.com/en_US/careers/JobDetail/Manager-of-Construction-Data-Centers/42038,Max challenge attempts exceeded. Please refresh the page to try again!,Max challenge attempts exceeded. Please refresh the page to try again!,,2026-07-13_10-08-09
Electrical Superintendent - Design Build,"Torrance, California, United States",Jacobs,Electrical,https://careers.jacobs.com/en_US/careers/JobDetail/Electrical-Superintendent-Design-Build/42037,,,,2026-07-13_10-08-09
Roadway Project Manager - FDOT (PE),"Orlando, Florida, United States",Jacobs,Project Management,https://careers.jacobs.com/en_US/careers/JobDetail/Roadway-Project-Manager-FDOT-PE/42036,,,,2026-07-13_10-08-10
Project Design Manager,"Davie, Florida, United States",Jacobs,Project Management,https://careers.jacobs.com/en_US/careers/JobDetail/Project-Design-Manager/42035,,,,2026-07-13_10-08-10
Transportation Market Leader - Highway/Roadway,"Wethersfield, Connecticut, United States",Jacobs,Project Management,https://careers.jacobs.com/en_US/careers/JobDetail/Transportation-Market-Leader-Highway-Roadway/42034,Max challenge attempts exceeded. Please refresh the page to try again!,Max challenge attempts exceeded. Please refresh the page to try again!,,2026-07-13_10-08-11
Project Manager - Construction,"Poughkeepsie, New York, United States",Jacobs,Project Management,https://careers.jacobs.com/en_US/careers/JobDetail/Project-Manager-Construction/42033,,,,2026-07-13_10-08-11
Mechanical Construction Manager,"Saint Francisville, Louisiana, United States",Jacobs,Construction,https://careers.jacobs.com/en_US/careers/JobDetail/Mechanical-Construction-Manager/42032,,,,2026-07-13_10-08-11
Network Engineer,"Chantilly, Virginia, United States",Jacobs,Digital and Data,https://careers.jacobs.com/en_US/careers/JobDetail/Network-Engineer/41664,,,,2026-07-13_10-08-12
Facilities Support Professional / Receptionist,"Houston, Texas, United States",Jacobs,Enterprise Functions,https://careers.jacobs.com/en_US/careers/JobDetail/Facilities-Support-Professional-Receptionist/41659,Max challenge attempts exceeded. Please refresh the page to try again!,Max challenge attempts exceeded. Please refresh the page to try again!,,2026-07-13_10-08-12
Lead Facilities Plant Operator,"Little Rock, Arkansas, United States",Jacobs,Operations and Maintenance,https://careers.jacobs.com/en_US/careers/JobDetail/Lead-Facilities-Plant-Operator/41653,,,,2026-07-13_10-08-13
Design Architect (41647),"Pittsburgh, Pennsylvania, United States",Jacobs,Architecture and Interiors,https://careers.jacobs.com/en_US/careers/JobDetail/Design-Architect-41647/41647,,,,2026-07-13_10-08-13
Design Architect (41646),"Pittsburgh, Pennsylvania, United States",Jacobs,Architecture and Interiors,https://careers.jacobs.com/en_US/careers/JobDetail/Design-Architect-41646/41646,,,,2026-07-13_10-08-14
Design Architect (41645),"Pittsburgh, Pennsylvania, United States",Jacobs,Architecture and Interiors,https://careers.jacobs.com/en_US/careers/JobDetail/Design-Architect-41645/41645,Max challenge attempts exceeded. Please refresh the page to try again!,Max challenge attempts exceeded. Please refresh the page to try again!,,2026-07-13_10-08-14
Architectural Designer (41642),"Portland, Oregon, United States",Jacobs,Architecture and Interiors,https://careers.jacobs.com/en_US/careers/JobDetail/Architectural-Designer-41642/41642,,,,2026-07-13_10-08-14
Lead Transportation Drainage Engineer,"Nashville, Tennessee, United States",Jacobs,Civil and Structural,https://careers.jacobs.com/en_US/careers/JobDetail/Lead-Transportation-Drainage-Engineer/41618,,,,2026-07-13_10-08-14
Lead Utility Engineer or Coordinator,"Nashville, Tennessee, United States",Jacobs,Civil and Structural,https://careers.jacobs.com/en_US/careers/JobDetail/Lead-Utility-Engineer-or-Coordinator/41617,,,,2026-07-13_10-08-15
"Operations Supervisor- Winter Park, CO","Denver, Colorado, United States",Jacobs,Operations and Maintenance,https://careers.jacobs.com/en_US/careers/JobDetail/Operations-Supervisor-Winter-Park-CO/41616,Max challenge attempts exceeded. Please refresh the page to try again!,Max challenge attempts exceeded. Please refresh the page to try again!,,2026-07-13_10-08-15
BIM/VDC Coordinator - Data Centers,"Dallas, Texas, United States",Jacobs,Drafting and Design,https://careers.jacobs.com/en_US/careers/JobDetail/BIM-VDC-Coordinator-Data-Centers/40970,,,,2026-07-13_10-08-16
Quality Assurance Manager - Construction (TS/SCI poly required),"Arlington, Virginia, United States",Jacobs,Construction,https://careers.jacobs.com/en_US/careers/JobDetail/Quality-Assurance-Manager-Construction-TS-SCI-poly-required/40969,,,,2026-07-13_10-08-16
Small Work Project Coordinator,"Bellevue, Washington, United States",Jacobs,Construction,https://careers.jacobs.com/en_US/careers/JobDetail/Small-Work-Project-Coordinator/40966,,,,2026-07-13_10-08-16
Environmental Remediation Project Manager,"Spokane, Washington, United States",Jacobs,Environmental,https://careers.jacobs.com/en_US/careers/JobDetail/Environmental-Remediation-Project-Manager/40964,Max challenge attempts exceeded. Please refresh the page to try again!,Max challenge attempts exceeded. Please refresh the page to try again!,,2026-07-13_10-08-17
Administrative Assistant,"Chicago, Illinois, United States",Jacobs,Project Management,https://careers.jacobs.com/en_US/careers/JobDetail/Administrative-Assistant/40944,,,,2026-07-13_10-08-17
Structural Bridge Engineer,"Reston, Virginia, United States",Jacobs,Civil and Structural,https://careers.jacobs.com/en_US/careers/JobDetail/Structural-Bridge-Engineer/40940,,,,2026-07-13_10-08-18
Junior Level Bridge Engineer,"Bellevue, Washington, United States",Jacobs,Civil and Structural,https://careers.jacobs.com/en_US/careers/JobDetail/Junior-Level-Bridge-Engineer/40939,,,,2026-07-13_10-08-18
Air Quality Consultant,"Philadelphia, Pennsylvania, United States",Jacobs,Environmental,https://careers.jacobs.com/en_US/careers/JobDetail/Air-Quality-Consultant/40907,Max challenge attempts exceeded. Please refresh the page to try again!,Max challenge attempts exceeded. Please refresh the page to try again!,,2026-07-13_10-08-18
Electrical Group Lead,"Tempe, Arizona, United States",Jacobs,Electrical,https://careers.jacobs.com/en_US/careers/JobDetail/Electrical-Group-Lead/40905,,,,2026-07-13_10-08-19
Project Engineer (LSNA-NC),"Cary, North Carolina, United States",Jacobs,Project Management,https://careers.jacobs.com/en_US/careers/JobDetail/Project-Engineer-LSNA-NC/40902,,,,2026-07-13_10-08-19
Lead Construction Inspector - Water/ Wastewater,"Seattle, Washington, United States",Jacobs,Construction,https://careers.jacobs.com/en_US/careers/JobDetail/Lead-Construction-Inspector-Water-Wastewater/40568,,,,2026-07-13_10-08-19
Director of Projects: Energy and Power,"Fort Worth, Texas, United States",Jacobs,Project Management,https://careers.jacobs.com/en_US/careers/JobDetail/Director-of-Projects-Energy-and-Power/40564,Max challenge attempts exceeded. Please refresh the page to try again!,Max challenge attempts exceeded. Please refresh the page to try again!,,2026-07-13_10-08-20
Navy Portfolio Manager of Projects (MOP),"Arlington, Virginia, United States",Jacobs,Project Management,https://careers.jacobs.com/en_US/careers/JobDetail/Navy-Portfolio-Manager-of-Projects-MOP/40561,,,,2026-07-13_10-08-20
"Design Oversite Manager (Operations) - Ocoee, FL","Ocoee, Florida, United States",Jacobs,Operations and Maintenance,https://careers.jacobs.com/en_US/careers/JobDetail/Design-Oversite-Manager-Operations-Ocoee-FL/40560,,,,2026-07-13_10-08-21
Superintendent/Inspector - Advanced Technology Facilities,"Syracuse, New York, United States",Jacobs,Project Management,https://careers.jacobs.com/en_US/careers/JobDetail/Superintendent-Inspector-Advanced-Technology-Facilities/40559,,,,2026-07-13_10-08-21
Utilities Coordination Engineer,"Chicago, Illinois, United States",Jacobs,Project Management,https://careers.jacobs.com/en_US/careers/JobDetail/Utilities-Coordination-Engineer/40557,Max challenge attempts exceeded. Please refresh the page to try again!,Max challenge attempts exceeded. Please refresh the page to try again!,,2026-07-13_10-08-21
Project Engineer - Water/Wastewater,"Wethersfield, Connecticut, United States",Jacobs,Civil and Structural,https://careers.jacobs.com/en_US/careers/JobDetail/Project-Engineer-Water-Wastewater/40552,,,,2026-07-13_10-08-21
"Drinking Water Operator II - Renton, WA","Renton, Washington, United States",Jacobs,Operations and Maintenance,https://careers.jacobs.com/en_US/careers/JobDetail/Drinking-Water-Operator-II-Renton-WA/40536,,,,2026-07-13_10-08-22
Electrical Construction Technical Services Specialist,"Baton Rouge, Louisiana, United States",Jacobs,Enterprise Functions,https://careers.jacobs.com/en_US/careers/JobDetail/Electrical-Construction-Technical-Services-Specialist/40535,,,,2026-07-13_10-08-22
Highway/Bridge Project Manager,"Philadelphia, Pennsylvania, United States",Jacobs,Project Management,https://careers.jacobs.com/en_US/careers/JobDetail/Highway-Bridge-Project-Manager/40533,Max challenge attempts exceeded. Please refresh the page to try again!,Max challenge attempts exceeded. Please refresh the page to try again!,,2026-07-13_10-08-22
Aerospace Software Engineer,"Chantilly, Virginia, United States",Jacobs,Digital and Data,https://careers.jacobs.com/en_US/careers/JobDetail/Aerospace-Software-Engineer/40070,,,,2026-07-13_10-08-23
"Proposal Manager, Geographic Sales Operations - CA US","Irvine, California, United States",Jacobs,Business and Sales,https://careers.jacobs.com/en_US/careers/JobDetail/Proposal-Manager-Geographic-Sales-Operations-CA-US/40064,,,,2026-07-13_10-08-23
Design Manager - Water/Wastewater,"Boston, Massachusetts, United States",Jacobs,Project Management,https://careers.jacobs.com/en_US/careers/JobDetail/Design-Manager-Water-Wastewater/40061,,,,2026-07-13_10-08-23
Senior Project Manager - Water/Wastewater,"Boston, Massachusetts, United States",Jacobs,Project Management,https://careers.jacobs.com/en_US/careers/JobDetail/Senior-Project-Manager-Water-Wastewater/40059,Max challenge attempts exceeded. Please refresh the page to try again!,Max challenge attempts exceeded. Please refresh the page to try again!,,2026-07-13_10-08-24
Preconstruction Sr Director (Data Centers),"Greenville, South Carolina, United States",Jacobs,Construction,https://careers.jacobs.com/en_US/careers/JobDetail/Preconstruction-Sr-Director-Data-Centers/40029,,,,2026-07-13_10-08-24
"Project Manager – Transmission, Distribution, and Substation (Pacific NW)","Seattle, Washington, United States",Jacobs,Project Management,https://careers.jacobs.com/en_US/careers/JobDetail/Project-Manager-Transmission-Distribution-and-Substation-Pacific-NW/40026,,,,2026-07-13_10-08-24
Assistant Project Manager – Baggage Handling Systems,"Chicago, Illinois, United States",Jacobs,Project Management,https://careers.jacobs.com/en_US/careers/JobDetail/Assistant-Project-Manager-Baggage-Handling-Systems/40024,,,,2026-07-13_10-08-24
Commissioning Specialist,"Boston, Massachusetts, United States",Jacobs,Planning and Consulting,https://careers.jacobs.com/en_US/careers/JobDetail/Commissioning-Specialist/40023,Max challenge attempts exceeded. Please refresh the page to try again!,Max challenge attempts exceeded. Please refresh the page to try again!,,2026-07-13_10-08-25
Entry Level Civil Engineer - FED/ARL,"Arlington, Virginia, United States",Jacobs,Civil and Structural,https://careers.jacobs.com/en_US/careers/JobDetail/Entry-Level-Civil-Engineer-FED-ARL/40019,,,,2026-07-13_10-08-25
Career Level Systems Engineer,"Nashua, New Hampshire, United States",Jacobs,Digital and Data,https://careers.jacobs.com/en_US/careers/JobDetail/Career-Level-Systems-Engineer/40018,,,,2026-07-13_10-08-26
Florida Business Leader-Vertical PMCM,"Tampa, Florida, United States",Jacobs,Program Management,https://careers.jacobs.com/en_US/careers/JobDetail/Florida-Business-Leader-Vertical-PMCM/39482,,,,2026-07-13_10-08-26
Florida Business Leader-Vertical PMCM,"Orlando, Florida, United States",Jacobs,Program Management,https://careers.jacobs.com/en_US/careers/JobDetail/Florida-Business-Leader-Vertical-PMCM/39481,Max challenge attempts exceeded. Please refresh the page to try again!,Max challenge attempts exceeded. Please refresh the page to try again!,,2026-07-13_10-08-26
Senior Electrical Engineer - Cities & Places,"Boise, Idaho, United States",Jacobs,Electrical,https://careers.jacobs.com/en_US/careers/JobDetail/Senior-Electrical-Engineer-Cities-Places/39444,,,,2026-07-13_10-08-27
Area Mining & Heavy Industry Lead,"Tempe, Arizona, United States",Jacobs,Environmental,https://careers.jacobs.com/en_US/careers/JobDetail/Area-Mining-Heavy-Industry-Lead/39443,,,,2026-07-13_10-08-27
Senior Engineer Diver/Project Manager,"New York, New York, United States",Jacobs,Civil and Structural,https://careers.jacobs.com/en_US/careers/JobDetail/Senior-Engineer-Diver-Project-Manager/39440,,,,2026-07-13_10-08-27
Senior Drinking Water Treatment Technologist,"Fort Lauderdale, Florida, United States",Jacobs,Project Management,https://careers.jacobs.com/en_US/careers/JobDetail/Senior-Drinking-Water-Treatment-Technologist/39434,Max challenge attempts exceeded. Please refresh the page to try again!,Max challenge attempts exceeded. Please refresh the page to try again!,,2026-07-13_10-08-28
Design Project Manager - Federal,"Boise, Idaho, United States",Jacobs,Project Management,https://careers.jacobs.com/en_US/careers/JobDetail/Design-Project-Manager-Federal/39015,,,,2026-07-13_10-08-28
Project Manager: Electrical Transmission & Distribution (EPC) (Redding),"Redding, California, United States",Jacobs,Project Management,https://careers.jacobs.com/en_US/careers/JobDetail/Project-Manager-Electrical-Transmission-Distribution-EPC-Redding/39014,,,,2026-07-13_10-08-29
Senior Project Manager: Electrical Transmission & Distribution (EPC) (Redding),"Redding, California, United States",Jacobs,Project Management,https://careers.jacobs.com/en_US/careers/JobDetail/Senior-Project-Manager-Electrical-Transmission-Distribution-EPC-Redding/39013,,,,2026-07-13_10-08-29
Project Manager: Electrical Transmission & Distribution (EPC) (Sacramento/Rocklin),"Sacramento, California, United States",Jacobs,Project Management,https://careers.jacobs.com/en_US/careers/JobDetail/Project-Manager-Electrical-Transmission-Distribution-EPC-Sacramento-Rocklin/39012,Max challenge attempts exceeded. Please refresh the page to try again!,Max challenge attempts exceeded. Please refresh the page to try again!,,2026-07-13_10-08-29
Senior Project Manager: Electrical Transmission & Distribution (EPC) (Sacramento/Rocklin Area),"Sacramento, California, United States",Jacobs,Project Management,https://careers.jacobs.com/en_US/careers/JobDetail/Senior-Project-Manager-Electrical-Transmission-Distribution-EPC-Sacramento-Rocklin-Area/39009,,,,2026-07-13_10-08-30
Senior I&C Project/Portfolio Manager,"Fayetteville, Arkansas, United States",Jacobs,Project Management,https://careers.jacobs.com/en_US/careers/JobDetail/Senior-I-C-Project-Portfolio-Manager/39005,,,,2026-07-13_10-08-30
Maintenance Mechanic - Baton Rouge (North Plant),"Baton Rouge, Louisiana, United States",Jacobs,Operations and Maintenance,https://careers.jacobs.com/en_US/careers/JobDetail/Maintenance-Mechanic-Baton-Rouge-North-Plant/38992,,,,2026-07-13_10-08-30
CSA Quality Lead (LSNA-PR),"Guaynabo, Puerto Rico, United States",Jacobs,Construction,https://careers.jacobs.com/en_US/careers/JobDetail/CSA-Quality-Lead-LSNA-PR/38991,Max challenge attempts exceeded. Please refresh the page to try again!,Max challenge attempts exceeded. Please refresh the page to try again!,,2026-07-13_10-08-31
Construction Manager,"Richmond, Virginia, United States",Jacobs,Construction,https://careers.jacobs.com/en_US/careers/JobDetail/Construction-Manager/38979,,,,2026-07-13_10-08-31
Senior Project Manager: Electrical Transmission & Distribution (EPC) (Bay Area),"Oakland, California, United States",Jacobs,Project Management,https://careers.jacobs.com/en_US/careers/JobDetail/Senior-Project-Manager-Electrical-Transmission-Distribution-EPC-Bay-Area/38950,,,,2026-07-13_10-08-31
Mid-Level Site Civil Engineer (Cities & Places),"Boise, Idaho, United States",Jacobs,Civil and Structural,https://careers.jacobs.com/en_US/careers/JobDetail/Mid-Level-Site-Civil-Engineer-Cities-Places/38330,,,,2026-07-13_10-08-32
Senior Structural Engineer – Substation,"Chattanooga, Tennessee, United States",Jacobs,Construction,https://careers.jacobs.com/en_US/careers/JobDetail/Senior-Structural-Engineer-Substation/38279,Max challenge attempts exceeded. Please refresh the page to try again!,Max challenge attempts exceeded. Please refresh the page to try again!,,2026-07-13_10-08-32
Sr Structural Engineer (Data Center),"Dallas, Texas, United States",Jacobs,Civil and Structural,https://careers.jacobs.com/en_US/careers/JobDetail/Sr-Structural-Engineer-Data-Center/38277,,,,2026-07-13_10-08-32
Senior Water Project Manager,"Oklahoma City, Oklahoma, United States",Jacobs,Project Management,https://careers.jacobs.com/en_US/careers/JobDetail/Senior-Water-Project-Manager/38276,,,,2026-07-13_10-08-33
Ports & Maritime Senior Project Manager,"Cape Canaveral, Florida, United States",Jacobs,Project Management,https://careers.jacobs.com/en_US/careers/JobDetail/Ports-Maritime-Senior-Project-Manager/38274,,,,2026-07-13_10-08-33
Federal DoW PM/CM Growth and Delivery Lead,"Arlington, Virginia, United States",Jacobs,Construction,https://careers.jacobs.com/en_US/careers/JobDetail/Federal-DoW-PM-CM-Growth-and-Delivery-Lead/38272,Max challenge attempts exceeded. Please refresh the page to try again!,Max challenge attempts exceeded. Please refresh the page to try again!,,2026-07-13_10-08-33
Senior Water Market Project Manager,"Honolulu, Hawaii, United States",Jacobs,Project Management,https://careers.jacobs.com/en_US/careers/JobDetail/Senior-Water-Market-Project-Manager/38269,,,,2026-07-13_10-08-34
Administrative Assistant - Design & Construction,"Albany, New York, United States",Jacobs,Project Management,https://careers.jacobs.com/en_US/careers/JobDetail/Administrative-Assistant-Design-Construction/37113,,,,2026-07-13_10-08-34
Mechanical Engineer - Energy & Power,"Denver, Colorado, United States",Jacobs,Mechanical,https://careers.jacobs.com/en_US/careers/JobDetail/Mechanical-Engineer-Energy-Power/37092,,,,2026-07-13_10-08-34
Senior Electrical Engineer (power/PE),"Orlando, Florida, United States",Jacobs,Electrical,https://careers.jacobs.com/en_US/careers/JobDetail/Senior-Electrical-Engineer-power-PE/37087,Max challenge attempts exceeded. Please refresh the page to try again!,Max challenge attempts exceeded. Please refresh the page to try again!,,2026-07-13_10-08-35
System Integrator/Gas Cabinet Monitoring Systems (GCMS),"Santa Clara, California, United States",Jacobs,Electrical,https://careers.jacobs.com/en_US/careers/JobDetail/System-Integrator-Gas-Cabinet-Monitoring-Systems-GCMS/37079,,,,2026-07-13_10-08-35
"Instrumentation and Controls Technician - El Segundo, CA","Los Angeles, California, United States",Jacobs,Operations and Maintenance,https://careers.jacobs.com/en_US/careers/JobDetail/Instrumentation-and-Controls-Technician-El-Segundo-CA/35444,,,,2026-07-13_10-08-35
Site Construction Manager,"Chandler, Arizona, United States",Jacobs,Project Controls,https://careers.jacobs.com/en_US/careers/JobDetail/Site-Construction-Manager/42352,,,,2026-07-17_10-19-55
Senior Biologist,"San Diego, California, United States",Jacobs,Environmental,https://careers.jacobs.com/en_US/careers/JobDetail/Senior-Biologist/42349,,,,2026-07-17_10-19-55
Project Controls Professional,"Corvallis, Oregon, United States",Jacobs,Enterprise Functions,https://careers.jacobs.com/en_US/careers/JobDetail/Project-Controls-Professional/42348,,,,2026-07-17_10-19-56
Texas Transportation Municipal Client Account Manager,"Dallas, Texas, United States",Jacobs,Business and Sales,https://careers.jacobs.com/en_US/careers/JobDetail/Texas-Transportation-Municipal-Client-Account-Manager/42347,Max challenge attempts exceeded. Please refresh the page to try again!,Max challenge attempts exceeded. Please refresh the page to try again!,,2026-07-17_10-19-56
Utility Transmission Planning Manager,"Boston, Massachusetts, United States",Jacobs,Construction,https://careers.jacobs.com/en_US/careers/JobDetail/Utility-Transmission-Planning-Manager/42346,,,,2026-07-17_10-19-57
Electrical Engineer,"Bellevue, Washington, United States",Jacobs,Electrical,https://careers.jacobs.com/en_US/careers/JobDetail/Electrical-Engineer/42345,,,,2026-07-17_10-19-57
Entry Level Water/Wastewater Engineer,"Chattanooga, Tennessee, United States",Jacobs,Environmental,https://careers.jacobs.com/en_US/careers/JobDetail/Entry-Level-Water-Wastewater-Engineer/42342,,,,2026-07-17_10-19-58
Senior Electrical Engineer,"Bellevue, Washington, United States",Jacobs,Electrical,https://careers.jacobs.com/en_US/careers/JobDetail/Senior-Electrical-Engineer/42341,Max challenge attempts exceeded. Please refresh the page to try again!,Max challenge attempts exceeded. Please refresh the page to try again!,,2026-07-17_10-19-58
Senior Project Manager (Transportation Design),"Atlanta, Georgia, United States",Jacobs,Project Management,https://careers.jacobs.com/en_US/careers/JobDetail/Senior-Project-Manager-Transportation-Design/42337,,,,2026-07-17_10-19-59
Talent Acquisition Professional (Energy & Power),"Cary, North Carolina, United States",Jacobs,Enterprise Functions,https://careers.jacobs.com/en_US/careers/JobDetail/Talent-Acquisition-Professional-Energy-Power/42336,,,,2026-07-17_10-19-59
Light Equip Op-Sanitation,"The Villages, Florida, United States",Jacobs,Operations and Maintenance,https://careers.jacobs.com/en_US/careers/JobDetail/Light-Equip-Op-Sanitation/42016,,,,2026-07-17_10-19-59
Light Equip Op-Sanitation,"The Villages, Florida, United States",Jacobs,Operations and Maintenance,https://careers.jacobs.com/en_US/careers/JobDetail/Light-Equip-Op-Sanitation/42013,Max challenge attempts exceeded. Please refresh the page to try again!,Max challenge attempts exceeded. Please refresh the page to try again!,,2026-07-17_10-20-00
Light Equip Op-Sanitation,"The Villages, Florida, United States",Jacobs,Operations and Maintenance,https://careers.jacobs.com/en_US/careers/JobDetail/Light-Equip-Op-Sanitation/42011,,,,2026-07-17_10-20-00
Principal Overhead Transmission Line Engineer,"Denver, Colorado, United States",Jacobs,Construction,https://careers.jacobs.com/en_US/careers/JobDetail/Principal-Overhead-Transmission-Line-Engineer/41999,,,,2026-07-17_10-20-00
Water/Wastewater Engineer,"Silver Spring, Maryland, United States",Jacobs,Civil and Structural,https://careers.jacobs.com/en_US/careers/JobDetail/Water-Wastewater-Engineer/41998,,,,2026-07-17_10-20-01
Purchasing Professional Associate,"Pensacola, Florida, United States",Jacobs,Enterprise Functions,https://careers.jacobs.com/en_US/careers/JobDetail/Purchasing-Professional-Associate/41996,Max challenge attempts exceeded. Please refresh the page to try again!,Max challenge attempts exceeded. Please refresh the page to try again!,,2026-07-17_10-20-01
Survey Party Chief,"Denver, Colorado, United States",Jacobs,Civil and Structural,https://careers.jacobs.com/en_US/careers/JobDetail/Survey-Party-Chief/41994,,,,2026-07-17_10-20-02
Planner/Scheduler - Denver CO,"Denver, Colorado, United States",Jacobs,Project Controls,https://careers.jacobs.com/en_US/careers/JobDetail/Planner-Scheduler-Denver-CO/41993,,,,2026-07-17_10-20-02
Design Project Manager - Federal,"Orlando, Florida, United States",Jacobs,Project Management,https://careers.jacobs.com/en_US/careers/JobDetail/Design-Project-Manager-Federal/41990,,,,2026-07-17_10-20-03
Federal Railroad Administration (FRA) Program Manager,"Tempe, Arizona, United States",Jacobs,Enterprise Functions,https://careers.jacobs.com/en_US/careers/JobDetail/Federal-Railroad-Administration-FRA-Program-Manager/41986,Max challenge attempts exceeded. Please refresh the page to try again!,Max challenge attempts exceeded. Please refresh the page to try again!,,2026-07-17_10-20-03
Project Manager PM/CM,"West Palm Beach, Florida, United States",Jacobs,Project Management,https://careers.jacobs.com/en_US/careers/JobDetail/Project-Manager-PM-CM/41530,,,,2026-07-17_10-20-03
On-Call Staff Archaeologist,"Washington, District of Columbia, United States",Jacobs,Environmental,https://careers.jacobs.com/en_US/careers/JobDetail/On-Call-Staff-Archaeologist/41525,,,,2026-07-17_10-20-03
Architect-Associate (Data Centers),"Philadelphia, Pennsylvania, United States",Jacobs,Architecture and Interiors,https://careers.jacobs.com/en_US/careers/JobDetail/Architect-Associate-Data-Centers/41524,,,,2026-07-17_10-20-04
Entry Level Engineer (Water/Wastewater),"Montgomery, Alabama, United States",Jacobs,Environmental,https://careers.jacobs.com/en_US/careers/JobDetail/Entry-Level-Engineer-Water-Wastewater/41522,Max challenge attempts exceeded. Please refresh the page to try again!,Max challenge attempts exceeded. Please refresh the page to try again!,,2026-07-17_10-20-04
"Principal Geotechnical Engineer – Tunnels, Dams & Mega Infrastructure","Miami, Florida, United States",Jacobs,Program Management,https://careers.jacobs.com/en_US/careers/JobDetail/Principal-Geotechnical-Engineer-Tunnels-Dams-Mega-Infrastructure/41520,,,,2026-07-17_10-20-05
Senior Consultant – Energy Solutions Advisory,"Denver, Colorado, United States",Jacobs,Construction,https://careers.jacobs.com/en_US/careers/JobDetail/Senior-Consultant-Energy-Solutions-Advisory/41492,,,,2026-07-17_10-20-05
Mid-Career Irrigation Engineer,"Boise, Idaho, United States",Jacobs,Environmental,https://careers.jacobs.com/en_US/careers/JobDetail/Mid-Career-Irrigation-Engineer/41491,,,,2026-07-17_10-20-06
Mid-Career Hydrogeologist,"Boise, Idaho, United States",Jacobs,Environmental,https://careers.jacobs.com/en_US/careers/JobDetail/Mid-Career-Hydrogeologist/41489,Max challenge attempts exceeded. Please refresh the page to try again!,Max challenge attempts exceeded. Please refresh the page to try again!,,2026-07-17_10-20-06
EPC Telecommunications Engineer (PE Required),"San Francisco, California, United States",Jacobs,Drafting and Design,https://careers.jacobs.com/en_US/careers/JobDetail/EPC-Telecommunications-Engineer-PE-Required/41177,,,,2026-07-17_10-20-06
Electrical Engineer – Water/Wastewater,"Austin, Texas, United States",Jacobs,Electrical,https://careers.jacobs.com/en_US/careers/JobDetail/Electrical-Engineer-Water-Wastewater/40733,,,,2026-07-17_10-20-07
Revit Applications Specialist (BIM/Digital Delivery) - (LSNA-OH/NC/PA/IN/VA/TX),"Cincinnati, Ohio, United States",Jacobs,Construction,https://careers.jacobs.com/en_US/careers/JobDetail/Revit-Applications-Specialist-BIM-Digital-Delivery-LSNA-OH-NC-PA-IN-VA-TX/40731,,,,2026-07-17_10-20-07
"Water/Wastewater Mechanic I - Lincoln, CA","Lincoln, California, United States",Jacobs,Operations and Maintenance,https://careers.jacobs.com/en_US/careers/JobDetail/Water-Wastewater-Mechanic-I-Lincoln-CA/40729,Max challenge attempts exceeded. Please refresh the page to try again!,Max challenge attempts exceeded. Please refresh the page to try again!,,2026-07-17_10-20-07
Sr Safety Manager,"Corpus Christi, Texas, United States",Jacobs,Health and Safety,https://careers.jacobs.com/en_US/careers/JobDetail/Sr-Safety-Manager/40725,,,,2026-07-17_10-20-08
Senior Buyer (LSNA-PA/NC),"Conshohocken, Pennsylvania, United States",Jacobs,Project Controls,https://careers.jacobs.com/en_US/careers/JobDetail/Senior-Buyer-LSNA-PA-NC/40698,,,,2026-07-17_10-20-08
Planner/Scheduler - Atlanta GA,"Atlanta, Georgia, United States",Jacobs,Project Controls,https://careers.jacobs.com/en_US/careers/JobDetail/Planner-Scheduler-Atlanta-GA/40291,,,,2026-07-17_10-20-08
CPSO/Facility Security Officer,"Chantilly, Virginia, United States",Jacobs,Digital and Data,https://careers.jacobs.com/en_US/careers/JobDetail/CPSO-Facility-Security-Officer/40288,Max challenge attempts exceeded. Please refresh the page to try again!,Max challenge attempts exceeded. Please refresh the page to try again!,,2026-07-17_10-20-08
Information System Security Officer,"Chantilly, Virginia, United States",Jacobs,Digital and Data,https://careers.jacobs.com/en_US/careers/JobDetail/Information-System-Security-Officer/40286,,,,2026-07-17_10-20-09
Senior Air Quality Consultant,"Reston, Virginia, United States",Jacobs,Environmental,https://careers.jacobs.com/en_US/careers/JobDetail/Senior-Air-Quality-Consultant/40254,,,,2026-07-17_10-20-09
Civil Designer (LSNA-OH/NC/IN/PA),"Cincinnati, Ohio, United States",Jacobs,Civil and Structural,https://careers.jacobs.com/en_US/careers/JobDetail/Civil-Designer-LSNA-OH-NC-IN-PA/40251,,,,2026-07-17_10-20-10
Transportation Design Engineer,"Boise, Idaho, United States",Jacobs,Civil and Structural,https://careers.jacobs.com/en_US/careers/JobDetail/Transportation-Design-Engineer/40249,Max challenge attempts exceeded. Please refresh the page to try again!,Max challenge attempts exceeded. Please refresh the page to try again!,,2026-07-17_10-20-10
Senior Geotechnical Engineer,"Bellevue, Washington, United States",Jacobs,Civil and Structural,https://careers.jacobs.com/en_US/careers/JobDetail/Senior-Geotechnical-Engineer/40248,,,,2026-07-17_10-20-10
Senior Geotechnical Engineer,"Portland, Oregon, United States",Jacobs,Civil and Structural,https://careers.jacobs.com/en_US/careers/JobDetail/Senior-Geotechnical-Engineer/40247,,,,2026-07-17_10-20-11
Senior Geotechnical Engineer,"Anchorage, Alaska, United States",Jacobs,Civil and Structural,https://careers.jacobs.com/en_US/careers/JobDetail/Senior-Geotechnical-Engineer/40246,,,,2026-07-17_10-20-11
Project Controls Analyst (Bay Area),"Oakland, California, United States",Jacobs,Accounting and Finance,https://careers.jacobs.com/en_US/careers/JobDetail/Project-Controls-Analyst-Bay-Area/40238,Max challenge attempts exceeded. Please refresh the page to try again!,Max challenge attempts exceeded. Please refresh the page to try again!,,2026-07-17_10-20-11
Senior Architect - Federal (TS/SCI),"Arlington, Virginia, United States",Jacobs,Architecture and Interiors,https://careers.jacobs.com/en_US/careers/JobDetail/Senior-Architect-Federal-TS-SCI/39667,,,,2026-07-17_10-20-12
Process Mechanical CAD Design Technician,"Denver, Colorado, United States",Jacobs,Drafting and Design,https://careers.jacobs.com/en_US/careers/JobDetail/Process-Mechanical-CAD-Design-Technician/39666,,,,2026-07-17_10-20-12
Bridge Engineer,"Boise, Idaho, United States",Jacobs,Civil and Structural,https://careers.jacobs.com/en_US/careers/JobDetail/Bridge-Engineer/39664,,,,2026-07-17_10-20-12
Civil Engineer - Federal,"Denver, Colorado, United States",Jacobs,Civil and Structural,https://careers.jacobs.com/en_US/careers/JobDetail/Civil-Engineer-Federal/39662,Max challenge attempts exceeded. Please refresh the page to try again!,Max challenge attempts exceeded. Please refresh the page to try again!,,2026-07-17_10-20-13
Senior Bridge Engineer,"Columbus, Ohio, United States",Jacobs,Civil and Structural,https://careers.jacobs.com/en_US/careers/JobDetail/Senior-Bridge-Engineer/39656,,,,2026-07-17_10-20-13
Junior Civil Design Technician,"Holladay, Utah, United States",Jacobs,Drafting and Design,https://careers.jacobs.com/en_US/careers/JobDetail/Junior-Civil-Design-Technician/39649,,,,2026-07-17_10-20-13
Mid-Level Linux Software Engineer,"Rockville, Maryland, United States",Jacobs,Digital and Data,https://careers.jacobs.com/en_US/careers/JobDetail/Mid-Level-Linux-Software-Engineer/39644,,,,2026-07-17_10-20-14
Civil CAD Design Technician,"Denver, Colorado, United States",Jacobs,Drafting and Design,https://careers.jacobs.com/en_US/careers/JobDetail/Civil-CAD-Design-Technician/39641,Max challenge attempts exceeded. Please refresh the page to try again!,Max challenge attempts exceeded. Please refresh the page to try again!,,2026-07-17_10-20-14
Project HSE Coordinator (Data Centers),"Saint Francisville, Louisiana, United States",Jacobs,Health and Safety,https://careers.jacobs.com/en_US/careers/JobDetail/Project-HSE-Coordinator-Data-Centers/39626,,,,2026-07-17_10-20-14
HSE Specialist – (Data Centers),"Baton Rouge, Louisiana, United States",Jacobs,Health and Safety,https://careers.jacobs.com/en_US/careers/JobDetail/HSE-Specialist-Data-Centers/39623,,,,2026-07-17_10-20-14
Senior Lab Planner / Project Architect,"San Diego, California, United States",Jacobs,Architecture and Interiors,https://careers.jacobs.com/en_US/careers/JobDetail/Senior-Lab-Planner-Project-Architect/39101,,,,2026-07-17_10-20-15
Architectural Group Leader – Federal & Pacific Markets,"Honolulu, Hawaii, United States",Jacobs,Architecture and Interiors,https://careers.jacobs.com/en_US/careers/JobDetail/Architectural-Group-Leader-Federal-Pacific-Markets/39099,Max challenge attempts exceeded. Please refresh the page to try again!,Max challenge attempts exceeded. Please refresh the page to try again!,,2026-07-17_10-20-15
Mechanical HVAC Engineer (Data Center 2/3/4),"Portland, Oregon, United States",Jacobs,Mechanical,https://careers.jacobs.com/en_US/careers/JobDetail/Mechanical-HVAC-Engineer-Data-Center-2-3-4/39095,,,,2026-07-17_10-20-15
Structural Engineer (Associate Level),"Philadelphia, Pennsylvania, United States",Jacobs,Civil and Structural,https://careers.jacobs.com/en_US/careers/JobDetail/Structural-Engineer-Associate-Level/39093,,,,2026-07-17_10-20-16
Code Specialist (Registered Architect) (Data Centers),"Philadelphia, Pennsylvania, United States",Jacobs,Architecture and Interiors,https://careers.jacobs.com/en_US/careers/JobDetail/Code-Specialist-Registered-Architect-Data-Centers/38409,,,,2026-07-17_10-20-16
Structural Engineer/Inspection Team Leader (Bridge and Tunnel),"Boston, Massachusetts, United States",Jacobs,Civil and Structural,https://careers.jacobs.com/en_US/careers/JobDetail/Structural-Engineer-Inspection-Team-Leader-Bridge-and-Tunnel/38401,Max challenge attempts exceeded. Please refresh the page to try again!,Max challenge attempts exceeded. Please refresh the page to try again!,,2026-07-17_10-20-16
Operator,"Southbridge, Massachusetts, United States",Jacobs,Operations and Maintenance,https://careers.jacobs.com/en_US/careers/JobDetail/Operator/38399,,,,2026-07-17_10-20-16
Senior Buyer,"Greenville, South Carolina, United States",Jacobs,Construction,https://careers.jacobs.com/en_US/careers/JobDetail/Senior-Buyer/38398,,,,2026-07-17_10-20-17
Project Operations Professional,"Spartanburg, South Carolina, United States",Jacobs,Construction,https://careers.jacobs.com/en_US/careers/JobDetail/Project-Operations-Professional/38390,,,,2026-07-17_10-20-17
Senior Project Architect / Design Manager (Cities & Places),"Bellevue, Washington, United States",Jacobs,Architecture and Interiors,https://careers.jacobs.com/en_US/careers/JobDetail/Senior-Project-Architect-Design-Manager-Cities-Places/38362,Max challenge attempts exceeded. Please refresh the page to try again!,Max challenge attempts exceeded. Please refresh the page to try again!,,2026-07-17_10-20-17
Construction Cost Estimator – Thermal Power Generation Projects,"Greenville, South Carolina, United States",Jacobs,Construction,https://careers.jacobs.com/en_US/careers/JobDetail/Construction-Cost-Estimator-Thermal-Power-Generation-Projects/38359,,,,2026-07-17_10-20-18
Construction Contract Change Manager (Data Centers),"Philadelphia, Pennsylvania, United States",Jacobs,Construction,https://careers.jacobs.com/en_US/careers/JobDetail/Construction-Contract-Change-Manager-Data-Centers/38356,,,,2026-07-17_10-20-18
Commissioning Manager,"Los Angeles, California, United States",Jacobs,Construction,https://careers.jacobs.com/en_US/careers/JobDetail/Commissioning-Manager/38354,,,,2026-07-17_10-20-18
Field Engineer (Data Centers),"Corpus Christi, Texas, United States",Jacobs,Construction,https://careers.jacobs.com/en_US/careers/JobDetail/Field-Engineer-Data-Centers/38349,Max challenge attempts exceeded. Please refresh the page to try again!,Max challenge attempts exceeded. Please refresh the page to try again!,,2026-07-17_10-20-19
Project Manager - Ports & Maritime,"Boston, Massachusetts, United States",Jacobs,Project Management,https://careers.jacobs.com/en_US/careers/JobDetail/Project-Manager-Ports-Maritime/37181,,,,2026-07-17_10-20-19
Senior Electrical Engineer (37148),"Boise, Idaho, United States",Jacobs,Electrical,https://careers.jacobs.com/en_US/careers/JobDetail/Senior-Electrical-Engineer-37148/37148,,,,2026-07-17_10-20-19
Associate Hydrogeologist,"Bellevue, Washington, United States",Jacobs,Environmental,https://careers.jacobs.com/en_US/careers/JobDetail/Associate-Hydrogeologist/37138,,,,2026-07-17_10-20-20
Program Manager – Energy & Power,"Columbus, Ohio, United States",Jacobs,Project Management,https://careers.jacobs.com/en_US/careers/JobDetail/Program-Manager-Energy-Power/37131,Max challenge attempts exceeded. Please refresh the page to try again!,Max challenge attempts exceeded. Please refresh the page to try again!,,2026-07-17_10-20-20
"Civil Works Design Professionals - Civil, Structural, Mechanical, and Electrical Engineers, and Project Managers","Dallas, Texas, United States",Jacobs,Civil and Structural,https://careers.jacobs.com/en_US/careers/JobDetail/Civil-Works-Design-Professionals-Civil-Structural-Mechanical-and-Electrical-Engineers-and-Project-Managers/37119,,,,2026-07-17_10-20-20
Project Manager - Stormwater,"Richmond, Virginia, United States",Jacobs,Planning and Consulting,https://careers.jacobs.com/en_US/careers/JobDetail/Project-Manager-Stormwater/24487,,,,2026-07-17_10-20-21
Project Manager - Wastewater,"Milwaukee, Wisconsin, United States",Jacobs,Project Management,https://careers.jacobs.com/en_US/careers/JobDetail/Project-Manager-Wastewater/24375,,,,2026-07-17_10-20-21
Senior Rail Vehicle Program Manager,"Boston, Massachusetts, United States",Jacobs,Project Management,https://careers.jacobs.com/en_US/careers/JobDetail/Senior-Rail-Vehicle-Program-Manager/24372,Max challenge attempts exceeded. Please refresh the page to try again!,Max challenge attempts exceeded. Please refresh the page to try again!,,2026-07-17_10-20-21
Project Engineer - Water/Wastewater,"Boston, Massachusetts, United States",Jacobs,Civil and Structural,https://careers.jacobs.com/en_US/careers/JobDetail/Project-Engineer-Water-Wastewater/24299,,,,2026-07-17_10-20-22
Senior Electrical Engineer,"Reston, Virginia, United States",Jacobs,Planning and Consulting,https://careers.jacobs.com/en_US/careers/JobDetail/Senior-Electrical-Engineer/23532,,,,2026-07-17_10-20-22
Lead Process Mechanical Engineer,"Cleveland, Ohio, United States",Jacobs,Planning and Consulting,https://careers.jacobs.com/en_US/careers/JobDetail/Lead-Process-Mechanical-Engineer/22927,,,,2026-07-17_10-20-22
Process Mechanical Engineer,"St. Louis, Missouri, United States",Jacobs,Civil and Structural,https://careers.jacobs.com/en_US/careers/JobDetail/Process-Mechanical-Engineer/22149,Max challenge attempts exceeded. Please refresh the page to try again!,Max challenge attempts exceeded. Please refresh the page to try again!,,2026-07-17_10-20-22
Senior PMCM Federal Program Manager - Nellis AFB,"Las Vegas, Nevada, United States",Jacobs,Construction,https://careers.jacobs.com/en_US/careers/JobDetail/Senior-PMCM-Federal-Program-Manager-Nellis-AFB/44148,,,,2026-08-24_10-46-44
Jr. Scheduler - Houston TX,"Houston, Texas, United States",Jacobs,Enterprise Functions,https://careers.jacobs.com/en_US/careers/JobDetail/Jr-Scheduler-Houston-TX/44146,,,,2026-08-24_10-46-45
Chemical / Process Engineering Intern (AM) - Summer 2027,"Greenville, South Carolina, United States",Jacobs,Chemical,https://careers.jacobs.com/en_US/careers/JobDetail/Chemical-Process-Engineering-Intern-AM-Summer-2027/44142,,,,2026-08-24_10-46-45
Survey Instrument Operator (Land Survey),"Mcdonough, Georgia, United States",Jacobs,Construction,https://careers.jacobs.com/en_US/careers/JobDetail/Survey-Instrument-Operator-Land-Survey/44140,Max challenge attempts exceeded. Please refresh the page to try again!,Max challenge attempts exceeded. Please refresh the page to try again!,,2026-08-24_10-46-46
Water Conveyance Project Manager,"Bellevue, Washington, United States",Jacobs,Project Management,https://careers.jacobs.com/en_US/careers/JobDetail/Water-Conveyance-Project-Manager/44138,,,,2026-08-24_10-46-46
Entry Level Architectural Designer,"Philadelphia, Pennsylvania, United States",Jacobs,Architecture and Interiors,https://careers.jacobs.com/en_US/careers/JobDetail/Entry-Level-Architectural-Designer/44137,,,,2026-08-24_10-46-46
Senior Track Engineer,"New York, New York, United States",Jacobs,Civil and Structural,https://careers.jacobs.com/en_US/careers/JobDetail/Senior-Track-Engineer/44135,,,,2026-08-24_10-46-47
Meter Reader,"The Villages, Florida, United States",Jacobs,Operations and Maintenance,https://careers.jacobs.com/en_US/careers/JobDetail/Meter-Reader/44133,Max challenge attempts exceeded. Please refresh the page to try again!,Max challenge attempts exceeded. Please refresh the page to try again!,,2026-08-24_10-46-47
Healthcare Deputy Program Director- Inpatient Towers,"Austin, Texas, United States",Jacobs,Construction,https://careers.jacobs.com/en_US/careers/JobDetail/Healthcare-Deputy-Program-Director-Inpatient-Towers/44129,,,,2026-08-24_10-46-48
Planner/Scheduler/Cost Control Professional -- San Francisco CA,"San Francisco, California, United States",Jacobs,Enterprise Functions,https://careers.jacobs.com/en_US/careers/JobDetail/Planner-Scheduler-Cost-Control-Professional-San-Francisco-CA/44128,,,,2026-08-24_10-46-48
Customer Service Support,"Boise, Idaho, United States",Jacobs,Operations and Maintenance,https://careers.jacobs.com/en_US/careers/JobDetail/Customer-Service-Support/43843,,,,2026-08-24_10-46-48
Quantity Surveyor (Data Centers),"Saint Francisville, Louisiana, United States",Jacobs,Construction,https://careers.jacobs.com/en_US/careers/JobDetail/Quantity-Surveyor-Data-Centers/43841,Max challenge attempts exceeded. Please refresh the page to try again!,Max challenge attempts exceeded. Please refresh the page to try again!,,2026-08-24_10-46-49
"Environmental Field Technician- Hobbs, NM","Midland, Texas, United States",Jacobs,Environmental,https://careers.jacobs.com/en_US/careers/JobDetail/Environmental-Field-Technician-Hobbs-NM/43838,,,,2026-08-24_10-46-49
Underground Transmission Line Design Lead,"Denver, Colorado, United States",Jacobs,Electrical,https://careers.jacobs.com/en_US/careers/JobDetail/Underground-Transmission-Line-Design-Lead/43836,,,,2026-08-24_10-46-49
Digital Environmental Consultant,"Houston, Texas, United States",Jacobs,Digital and Data,https://careers.jacobs.com/en_US/careers/JobDetail/Digital-Environmental-Consultant/43832,,,,2026-08-24_10-46-50
Civil Engineering Intern - Highways/ Roadways - Summer 2027,"Nashville, Tennessee, United States",Jacobs,Civil and Structural,https://careers.jacobs.com/en_US/careers/JobDetail/Civil-Engineering-Intern-Highways-Roadways-Summer-2027/43831,Max challenge attempts exceeded. Please refresh the page to try again!,Max challenge attempts exceeded. Please refresh the page to try again!,,2026-08-24_10-46-50
"Wastewater Assistant Project Manager - Jackson, MS","Jackson, Mississippi, United States",Jacobs,Operations and Maintenance,https://careers.jacobs.com/en_US/careers/JobDetail/Wastewater-Assistant-Project-Manager-Jackson-MS/43827,,,,2026-08-24_10-46-50
Subsurface Utility Investigator,"Denver, Colorado, United States",Jacobs,Civil and Structural,https://careers.jacobs.com/en_US/careers/JobDetail/Subsurface-Utility-Investigator/43822,,,,2026-08-24_10-46-51
"Collections Operator - The Villages, FL","The Villages, Florida, United States",Jacobs,Operations and Maintenance,https://careers.jacobs.com/en_US/careers/JobDetail/Collections-Operator-The-Villages-FL/43819,,,,2026-08-24_10-46-51
Water Engineering Intern – Summer 2027,"Milwaukee, Wisconsin, United States",Jacobs,Environmental,https://careers.jacobs.com/en_US/careers/JobDetail/Water-Engineering-Intern-Summer-2027/43816,Max challenge attempts exceeded. Please refresh the page to try again!,Max challenge attempts exceeded. Please refresh the page to try again!,,2026-08-24_10-46-52
Process Mechanical Engineer,"Honolulu, Hawaii, United States",Jacobs,Mechanical,https://careers.jacobs.com/en_US/careers/JobDetail/Process-Mechanical-Engineer/43438,,,,2026-08-24_10-46-52
Maui Civil Engineering Project Manager,"Honolulu, Hawaii, United States",Jacobs,Project Management,https://careers.jacobs.com/en_US/careers/JobDetail/Maui-Civil-Engineering-Project-Manager/43437,,,,2026-08-24_10-46-53
Client Account Manager - New England Water,"Boston, Massachusetts, United States",Jacobs,Business and Sales,https://careers.jacobs.com/en_US/careers/JobDetail/Client-Account-Manager-New-England-Water/43436,,,,2026-08-24_10-46-53
Senior Electrical Engineer,"Denver, Colorado, United States",Jacobs,Electrical,https://careers.jacobs.com/en_US/careers/JobDetail/Senior-Electrical-Engineer/43435,Max challenge attempts exceeded. Please refresh the page to try again!,Max challenge attempts exceeded. Please refresh the page to try again!,,2026-08-24_10-46-54
Junior Civil Design Technician,"Austin, Texas, United States",Jacobs,Drafting and Design,https://careers.jacobs.com/en_US/careers/JobDetail/Junior-Civil-Design-Technician/43432,,,,2026-08-24_10-46-54
"Parks Maintenance Technician II - Centennial, CO","Centennial, Colorado, United States",Jacobs,Operations and Maintenance,https://careers.jacobs.com/en_US/careers/JobDetail/Parks-Maintenance-Technician-II-Centennial-CO/43430,,,,2026-08-24_10-46-54
Electrical Engineering Professional Career Level,"Atlanta, Georgia, United States",Jacobs,Electrical,https://careers.jacobs.com/en_US/careers/JobDetail/Electrical-Engineering-Professional-Career-Level/43428,,,,2026-08-24_10-46-55
Entry Level Architectural Technician,"Orlando, Florida, United States",Jacobs,Architecture and Interiors,https://careers.jacobs.com/en_US/careers/JobDetail/Entry-Level-Architectural-Technician/43423,Max challenge attempts exceeded. Please refresh the page to try again!,Max challenge attempts exceeded. Please refresh the page to try again!,,2026-08-24_10-46-55
Graphic Designer - Strategic Pursuits,"Denver, Colorado, United States",Jacobs,Digital and Data,https://careers.jacobs.com/en_US/careers/JobDetail/Graphic-Designer-Strategic-Pursuits/43422,,,,2026-08-24_10-46-55
"Instrumentation and Controls Technician - Denver, CO","Denver, Colorado, United States",Jacobs,Operations and Maintenance,https://careers.jacobs.com/en_US/careers/JobDetail/Instrumentation-and-Controls-Technician-Denver-CO/43402,,,,2026-08-24_10-46-56
Senior Transportation Data Analyst (Part-Time),"Atlanta, Georgia, United States",Jacobs,Digital and Data,https://careers.jacobs.com/en_US/careers/JobDetail/Senior-Transportation-Data-Analyst-Part-Time/42990,,,,2026-08-24_10-46-56
Ferries Terminal Design Manager - West Coast,"Bellevue, Washington, United States",Jacobs,Civil and Structural,https://careers.jacobs.com/en_US/careers/JobDetail/Ferries-Terminal-Design-Manager-West-Coast/42987,Max challenge attempts exceeded. Please refresh the page to try again!,Max challenge attempts exceeded. Please refresh the page to try again!,,2026-08-24_10-46-57
Senior Structural Engineer - Ports and Maritime,"Bellevue, Washington, United States",Jacobs,Civil and Structural,https://careers.jacobs.com/en_US/careers/JobDetail/Senior-Structural-Engineer-Ports-and-Maritime/42986,,,,2026-08-24_10-46-57
Owner’s Advisor/Program Manager – Energy & Power (Pacific NW),"Portland, Oregon, United States",Jacobs,Project Management,https://careers.jacobs.com/en_US/careers/JobDetail/Owner-s-Advisor-Program-Manager-Energy-Power-Pacific-NW/42982,,,,2026-08-24_10-46-57
Remediation Design Engineer,"Chicago, Illinois, United States",Jacobs,Environmental,https://careers.jacobs.com/en_US/careers/JobDetail/Remediation-Design-Engineer/42979,,,,2026-08-24_10-46-58
"Health & Safety Site Specialist - Oklahoma City, OK","Oklahoma City, Oklahoma, United States",Jacobs,Health and Safety,https://careers.jacobs.com/en_US/careers/JobDetail/Health-Safety-Site-Specialist-Oklahoma-City-OK/42975,Max challenge attempts exceeded. Please refresh the page to try again!,Max challenge attempts exceeded. Please refresh the page to try again!,,2026-08-24_10-46-58
Mechanical Engineer - Energy & Power,"Denver, Colorado, United States",Jacobs,Mechanical,https://careers.jacobs.com/en_US/careers/JobDetail/Mechanical-Engineer-Energy-Power/42974,,,,2026-08-24_10-46-59
Senior Project Manager (Water/Wastewater) - South Florida,"Fort Lauderdale, Florida, United States",Jacobs,Project Management,https://careers.jacobs.com/en_US/careers/JobDetail/Senior-Project-Manager-Water-Wastewater-South-Florida/42971,,,,2026-08-24_10-46-59
Instrumentation & Control Designer (Data Centers),"Philadelphia, Pennsylvania, United States",Jacobs,Drafting and Design,https://careers.jacobs.com/en_US/careers/JobDetail/Instrumentation-Control-Designer-Data-Centers/42970,,,,2026-08-24_10-46-59
Senior Plumbing Designer (LSNA-OH/IN/PA/NC),"Cincinnati, Ohio, United States",Jacobs,Mechanical,https://careers.jacobs.com/en_US/careers/JobDetail/Senior-Plumbing-Designer-LSNA-OH-IN-PA-NC/42928,Max challenge attempts exceeded. Please refresh the page to try again!,Max challenge attempts exceeded. Please refresh the page to try again!,,2026-08-24_10-47-00
"Design Architect (Syracuse/Albany, NY) 42458","Albany, New York, United States",Jacobs,Architecture and Interiors,https://careers.jacobs.com/en_US/careers/JobDetail/Design-Architect-Syracuse-Albany-NY-42458/42458,,,,2026-08-24_10-47-00
"Design Architect (Syracuse/Albany, NY) 42457","Syracuse, New York, United States",Jacobs,Architecture and Interiors,https://careers.jacobs.com/en_US/careers/JobDetail/Design-Architect-Syracuse-Albany-NY-42457/42457,,,,2026-08-24_10-47-01
"Growth and Sales Executive, Vice President - Texas Transportation Public Sector Clients","Dallas, Texas, United States",Jacobs,Business and Sales,https://careers.jacobs.com/en_US/careers/JobDetail/Growth-and-Sales-Executive-Vice-President-Texas-Transportation-Public-Sector-Clients/42456,,,,2026-08-24_10-47-01
Facilities Support Lead,"Honolulu, Hawaii, United States",Jacobs,Enterprise Functions,https://careers.jacobs.com/en_US/careers/JobDetail/Facilities-Support-Lead/42455,Max challenge attempts exceeded. Please refresh the page to try again!,Max challenge attempts exceeded. Please refresh the page to try again!,,2026-08-24_10-47-01
Chief Estimator - Water/Wastewater Design Build,"Denver, Colorado, United States",Jacobs,Construction,https://careers.jacobs.com/en_US/careers/JobDetail/Chief-Estimator-Water-Wastewater-Design-Build/42454,,,,2026-08-24_10-47-02
Project Manager/ Project Director - Water Design Build,"Los Angeles, California, United States",Jacobs,Project Management,https://careers.jacobs.com/en_US/careers/JobDetail/Project-Manager-Project-Director-Water-Design-Build/42453,,,,2026-08-24_10-47-02
Electrical Inspector/Construction Coordinator,"Tampa, Florida, United States",Jacobs,Construction,https://careers.jacobs.com/en_US/careers/JobDetail/Electrical-Inspector-Construction-Coordinator/42452,,,,2026-08-24_10-47-02
Mechanical Inspector,"Tampa, Florida, United States",Jacobs,Construction,https://careers.jacobs.com/en_US/careers/JobDetail/Mechanical-Inspector/42451,Max challenge attempts exceeded. Please refresh the page to try again!,Max challenge attempts exceeded. Please refresh the page to try again!,,2026-08-24_10-47-03
Structural Inspector,"Tampa, Florida, United States",Jacobs,Construction,https://careers.jacobs.com/en_US/careers/JobDetail/Structural-Inspector/42450,,,,2026-08-24_10-47-03
Mechanical Engineer (OH),"Columbus, Ohio, United States",Jacobs,Mechanical,https://careers.jacobs.com/en_US/careers/JobDetail/Mechanical-Engineer-OH/42441,,,,2026-08-24_10-47-03
Entry-Level/Intermediate Mechanical / Process Engineer (Tool Install),"Hillsboro, Oregon, United States",Jacobs,Mechanical,https://careers.jacobs.com/en_US/careers/JobDetail/Entry-Level-Intermediate-Mechanical-Process-Engineer-Tool-Install/41923,,,,2026-08-24_10-47-04
National Lead – Gas Power Generation,"Denver, Colorado, United States",Jacobs,Construction,https://careers.jacobs.com/en_US/careers/JobDetail/National-Lead-Gas-Power-Generation/41921,Max challenge attempts exceeded. Please refresh the page to try again!,Max challenge attempts exceeded. Please refresh the page to try again!,,2026-08-24_10-47-04
Lead Structural/Bridge Engineer,"Nashville, Tennessee, United States",Jacobs,Civil and Structural,https://careers.jacobs.com/en_US/careers/JobDetail/Lead-Structural-Bridge-Engineer/41916,,,,2026-08-24_10-47-05
Mid-Level Cost Control Analyst-East/West U.S.,"Denver, Colorado, United States",Jacobs,Enterprise Functions,https://careers.jacobs.com/en_US/careers/JobDetail/Mid-Level-Cost-Control-Analyst-East-West-U-S/41906,,,,2026-08-24_10-47-05
Plumbing Designer (Data Center),"Dallas, Texas, United States",Jacobs,Mechanical,https://careers.jacobs.com/en_US/careers/JobDetail/Plumbing-Designer-Data-Center/41872,"Jacobs
About us
Solutions
Careers
Newsroom
Investors
Explore by industry
Search jobs
Explore by industry
Life at Jacobs
Events
Early careers
Military & veteran talent
Login
Careers
Let's see the impact we can create together.
Search jobs
Job Detail
Plumbing Designer (Data Center)
Apply
Share
Location
Dallas, Texas, United States
Capabilities
Mechanical
Office Setup
Hybrid
Job ID
#41872
At Jacobs, we're challenging today to reinvent tomorrow by solving the world's most critical problems for thriving cities, resilient environments, mission-critical outcomes, operational advancement, scientific discovery and cutting-edge manufacturing, turning abstract ideas into realities that transform the world for good.
Your impact
At Jacobs, we drive to make a positive impact on people’s lives everywhere by bringing solutions and adding value to our communities and society as a whole. Grow your career with Jacobs, a company that inspires and empowers you to deliver your best work so you can evolve, g","Jacobs
About us
Solutions
Careers
Newsroom
Investors
Explore by industry
Search jobs
Explore by industry
Life at Jacobs
Events
Early careers
Military & veteran talent
Login
Careers
Let's see the impact we can create together.
Search jobs
Job Detail
Plumbing Designer (Data Center)
Apply
Share
Location
Dallas, Texas, United States
Capabilities
Mechanical
Office Setup
Hybrid
Job ID
#41872
At Jacobs, we're challenging today to reinvent tomorrow by solving the world's most critical problems for thriving cities, resilient environments, mission-critical outcomes, operational advancement, scientific discovery and cutting-edge manufacturing, turning abstract ideas into realities that transform the world for good.
Your impact
At Jacobs, we drive to make a positive impact on people’s lives everywhere by bringing solutions and adding value to our communities and society as a whole. Grow your career with Jacobs, a company that inspires and empowers you to deliver your best work so you can evolve, g",,2026-08-24_10-47-09
Electrical Engineer - Cities & Places,"Boise, Idaho, United States",Jacobs,Electrical,https://careers.jacobs.com/en_US/careers/JobDetail/Electrical-Engineer-Cities-Places/41867,"Jacobs
About us
Solutions
Careers
Newsroom
Investors
Explore by industry
Search jobs
Explore by industry
Life at Jacobs
Events
Early careers
Military & veteran talent
Login
Careers
Let's see the impact we can create together.
Search jobs
Job Detail
Electrical Engineer - Cities & Places
Apply
Share
Location
Boise, Idaho, United States
Capabilities
Electrical
Office Setup
Hybrid
Job ID
#41867
At Jacobs, we're challenging today to reinvent tomorrow by solving the world's most critical problems for thriving cities, resilient environments, mission-critical outcomes, operational advancement, scientific discovery and cutting-edge manufacturing, turning abstract ideas into realities that transform the world for good.
Your impact
At Jacobs, we're challenging today to reinvent tomorrow by solving the world's most critical problems for thriving cities, resilient environments, mission-critical outcomes, operational advancement, scientific discovery, and cutting-edge manufacturing, turning abstract","Jacobs
About us
Solutions
Careers
Newsroom
Investors
Explore by industry
Search jobs
Explore by industry
Life at Jacobs
Events
Early careers
Military & veteran talent
Login
Careers
Let's see the impact we can create together.
Search jobs
Job Detail
Electrical Engineer - Cities & Places
Apply
Share
Location
Boise, Idaho, United States
Capabilities
Electrical
Office Setup
Hybrid
Job ID
#41867
At Jacobs, we're challenging today to reinvent tomorrow by solving the world's most critical problems for thriving cities, resilient environments, mission-critical outcomes, operational advancement, scientific discovery and cutting-edge manufacturing, turning abstract ideas into realities that transform the world for good.
Your impact
At Jacobs, we're challenging today to reinvent tomorrow by solving the world's most critical problems for thriving cities, resilient environments, mission-critical outcomes, operational advancement, scientific discovery, and cutting-edge manufacturing, turning abstract",,2026-08-24_10-47-11
Environmental Remediation Project Manager,"Oakland, California, United States",Jacobs,Environmental,https://careers.jacobs.com/en_US/careers/JobDetail/Environmental-Remediation-Project-Manager/41864,"Jacobs
About us
Solutions
Careers
Newsroom
Investors
Explore by industry
Search jobs
Explore by industry
Life at Jacobs
Events
Early careers
Military & veteran talent
Login
Careers
Let's see the impact we can create together.
Search jobs
Job Detail
Environmental Remediation Project Manager
Apply
Share
Location
Oakland, California, United States
Capabilities
Environmental
Office Setup
Hybrid
Job ID
#41864
At Jacobs, we're challenging today to reinvent tomorrow by solving the world's most critical problems for thriving cities, resilient environments, mission-critical outcomes, operational advancement, scientific discovery and cutting-edge manufacturing, turning abstract ideas into realities that transform the world for good.
Your impact
We’re seeking an experienced project manager with a background in environmental site characterization and remediation to support the delivery of challenging projects for government and global private sector clients.
Based near one of our Northern Californ","Jacobs
About us
Solutions
Careers
Newsroom
Investors
Explore by industry
Search jobs
Explore by industry
Life at Jacobs
Events
Early careers
Military & veteran talent
Login
Careers
Let's see the impact we can create together.
Search jobs
Job Detail
Environmental Remediation Project Manager
Apply
Share
Location
Oakland, California, United States
Capabilities
Environmental
Office Setup
Hybrid
Job ID
#41864
At Jacobs, we're challenging today to reinvent tomorrow by solving the world's most critical problems for thriving cities, resilient environments, mission-critical outcomes, operational advancement, scientific discovery and cutting-edge manufacturing, turning abstract ideas into realities that transform the world for good.
Your impact
We’re seeking an experienced project manager with a background in environmental site characterization and remediation to support the delivery of challenging projects for government and global private sector clients.
Based near one of our Northern Californ",,2026-08-24_10-47-13
"Administrative Assistant - Quincy, WA","Quincy, Washington, United States",Jacobs,Operations and Maintenance,https://careers.jacobs.com/en_US/careers/JobDetail/Administrative-Assistant-Quincy-WA/41861,"Jacobs
About us
Solutions
Careers
Newsroom
Investors
Explore by industry
Search jobs
Explore by industry
Life at Jacobs
Events
Early careers
Military & veteran talent
Login
Careers
Let's see the impact we can create together.
Search jobs
Job Detail
Administrative Assistant - Quincy, WA
Apply
Share
Location
Quincy, Washington, United States
Capabilities
Operations and Maintenance
Office Setup
Office/Onsite
Job ID
#41861
At Jacobs, we're challenging today to reinvent tomorrow by solving the world's most critical problems for thriving cities, resilient environments, mission-critical outcomes, operational advancement, scientific discovery and cutting-edge manufacturing, turning abstract ideas into realities that transform the world for good.
Your impact
At Jacobs, we’re challenging today to reinvent tomorrow by solving the world’s most critical infrastructure and environmental challenges. As an Industrial Pretreatment Coordinator, you’ll play a key role in protecting public health and the ","Jacobs
About us
Solutions
Careers
Newsroom
Investors
Explore by industry
Search jobs
Explore by industry
Life at Jacobs
Events
Early careers
Military & veteran talent
Login
Careers
Let's see the impact we can create together.
Search jobs
Job Detail
Administrative Assistant - Quincy, WA
Apply
Share
Location
Quincy, Washington, United States
Capabilities
Operations and Maintenance
Office Setup
Office/Onsite
Job ID
#41861
At Jacobs, we're challenging today to reinvent tomorrow by solving the world's most critical problems for thriving cities, resilient environments, mission-critical outcomes, operational advancement, scientific discovery and cutting-edge manufacturing, turning abstract ideas into realities that transform the world for good.
Your impact
At Jacobs, we’re challenging today to reinvent tomorrow by solving the world’s most critical infrastructure and environmental challenges. As an Industrial Pretreatment Coordinator, you’ll play a key role in protecting public health and the ",,2026-08-24_10-47-15
Sr. Construction Manager - Rail,"Oakland, California, United States",Jacobs,Construction,https://careers.jacobs.com/en_US/careers/JobDetail/Sr-Construction-Manager-Rail/41857,"Jacobs
About us
Solutions
Careers
Newsroom
Investors
Explore by industry
Search jobs
Explore by industry
Life at Jacobs
Events
Early careers
Military & veteran talent
Login
Careers
Let's see the impact we can create together.
Search jobs
Job Detail
Sr. Construction Manager - Rail
Apply
Share
Location
Oakland, California, United States
Capabilities
Construction
Office Setup
Office/Onsite
Job ID
#41857
At Jacobs, we're challenging today to reinvent tomorrow by solving the world's most critical problems for thriving cities, resilient environments, mission-critical outcomes, operational advancement, scientific discovery and cutting-edge manufacturing, turning abstract ideas into realities that transform the world for good.
Your impact
As a Senior Construction Management Professional, you’ll join our collaborative team providing our clients with award-winning planning, engineering, architectural design, construction management, and design-build project delivery. You’ll be responsible for th","Jacobs
About us
Solutions
Careers
Newsroom
Investors
Explore by industry
Search jobs
Explore by industry
Life at Jacobs
Events
Early careers
Military & veteran talent
Login
Careers
Let's see the impact we can create together.
Search jobs
Job Detail
Sr. Construction Manager - Rail
Apply
Share
Location
Oakland, California, United States
Capabilities
Construction
Office Setup
Office/Onsite
Job ID
#41857
At Jacobs, we're challenging today to reinvent tomorrow by solving the world's most critical problems for thriving cities, resilient environments, mission-critical outcomes, operational advancement, scientific discovery and cutting-edge manufacturing, turning abstract ideas into realities that transform the world for good.
Your impact
As a Senior Construction Management Professional, you’ll join our collaborative team providing our clients with award-winning planning, engineering, architectural design, construction management, and design-build project delivery. You’ll be responsible for th",,2026-08-24_10-47-17
Walkdown/Turnover Team Lead,"Saint Francisville, Louisiana, United States",Jacobs,Construction,https://careers.jacobs.com/en_US/careers/JobDetail/Walkdown-Turnover-Team-Lead/41854,"Jacobs
About us
Solutions
Careers
Newsroom
Investors
Explore by industry
Search jobs
Explore by industry
Life at Jacobs
Events
Early careers
Military & veteran talent
Login
Careers
Let's see the impact we can create together.
Search jobs
Job Detail
Walkdown/Turnover Team Lead
Apply
Share
Location
Saint Francisville, Louisiana, United States
Capabilities
Construction
Office Setup
Office/Onsite
Job ID
#41854
At Jacobs, we're challenging today to reinvent tomorrow by solving the world's most critical problems for thriving cities, resilient environments, mission-critical outcomes, operational advancement, scientific discovery and cutting-edge manufacturing, turning abstract ideas into realities that transform the world for good.
Your impact
Here at Jacobs, we apply our expertise and knowledge as we look into the future with great optimism and focus.  We don’t settle until we give our best and know that we’re making a difference.  
As a Walkdown/Turnover Lead, you’ll be responsible for mana","Jacobs
About us
Solutions
Careers
Newsroom
Investors
Explore by industry
Search jobs
Explore by industry
Life at Jacobs
Events
Early careers
Military & veteran talent
Login
Careers
Let's see the impact we can create together.
Search jobs
Job Detail
Walkdown/Turnover Team Lead
Apply
Share
Location
Saint Francisville, Louisiana, United States
Capabilities
Construction
Office Setup
Office/Onsite
Job ID
#41854
At Jacobs, we're challenging today to reinvent tomorrow by solving the world's most critical problems for thriving cities, resilient environments, mission-critical outcomes, operational advancement, scientific discovery and cutting-edge manufacturing, turning abstract ideas into realities that transform the world for good.
Your impact
Here at Jacobs, we apply our expertise and knowledge as we look into the future with great optimism and focus.  We don’t settle until we give our best and know that we’re making a difference.  
As a Walkdown/Turnover Lead, you’ll be responsible for mana",,2026-08-24_10-47-19
"Lead Wastewater Operator - Wilsonville, OR","Wilsonville, Oregon, United States",Jacobs,Operations and Maintenance,https://careers.jacobs.com/en_US/careers/JobDetail/Lead-Wastewater-Operator-Wilsonville-OR/41281,"Jacobs
About us
Solutions
Careers
Newsroom
Investors
Explore by industry
Search jobs
Explore by industry
Life at Jacobs
Events
Early careers
Military & veteran talent
Login
Careers
Let's see the impact we can create together.
Search jobs
Job Detail
Lead Wastewater Operator - Wilsonville, OR
Apply
Share
Location
Wilsonville, Oregon, United States
Capabilities
Operations and Maintenance
Office Setup
Office/Onsite
Job ID
#41281
At Jacobs, we're challenging today to reinvent tomorrow by solving the world's most critical problems for thriving cities, resilient environments, mission-critical outcomes, operational advancement, scientific discovery and cutting-edge manufacturing, turning abstract ideas into realities that transform the world for good.
Your impact
At Jacobs, we challenge what is currently accepted, so we can shape innovative and lasting solutions for tomorrow. Through the delivery of our operations and maintenance services, you’ll make it simpler and more seamless for our munic","Jacobs
About us
Solutions
Careers
Newsroom
Investors
Explore by industry
Search jobs
Explore by industry
Life at Jacobs
Events
Early careers
Military & veteran talent
Login
Careers
Let's see the impact we can create together.
Search jobs
Job Detail
Lead Wastewater Operator - Wilsonville, OR
Apply
Share
Location
Wilsonville, Oregon, United States
Capabilities
Operations and Maintenance
Office Setup
Office/Onsite
Job ID
#41281
At Jacobs, we're challenging today to reinvent tomorrow by solving the world's most critical problems for thriving cities, resilient environments, mission-critical outcomes, operational advancement, scientific discovery and cutting-edge manufacturing, turning abstract ideas into realities that transform the world for good.
Your impact
At Jacobs, we challenge what is currently accepted, so we can shape innovative and lasting solutions for tomorrow. Through the delivery of our operations and maintenance services, you’ll make it simpler and more seamless for our munic",,2026-08-24_10-47-21
Capture Manager,"Philadelphia, Pennsylvania, United States",Jacobs,Business and Sales,https://careers.jacobs.com/en_US/careers/JobDetail/Capture-Manager/41274,"Jacobs
About us
Solutions
Careers
Newsroom
Investors
Explore by industry
Search jobs
Explore by industry
Life at Jacobs
Events
Early careers
Military & veteran talent
Login
Careers
Let's see the impact we can create together.
Search jobs
Job Detail
Capture Manager
Apply
Share
Location
Philadelphia, Pennsylvania, United States
Capabilities
Business and Sales
Office Setup
Hybrid
Job ID
#41274
At Jacobs, we're challenging today to reinvent tomorrow by solving the world's most critical problems for thriving cities, resilient environments, mission-critical outcomes, operational advancement, scientific discovery and cutting-edge manufacturing, turning abstract ideas into realities that transform the world for good.
Your impact
As a fundamental member of the sales team, the Account Strategist will help lead effective facilitation and strategy development for select clients and opportunities in the East Region. In this role you'll be a vital member of Jacobs' East Central (EC) Sales team and p","Jacobs
About us
Solutions
Careers
Newsroom
Investors
Explore by industry
Search jobs
Explore by industry
Life at Jacobs
Events
Early careers
Military & veteran talent
Login
Careers
Let's see the impact we can create together.
Search jobs
Job Detail
Capture Manager
Apply
Share
Location
Philadelphia, Pennsylvania, United States
Capabilities
Business and Sales
Office Setup
Hybrid
Job ID
#41274
At Jacobs, we're challenging today to reinvent tomorrow by solving the world's most critical problems for thriving cities, resilient environments, mission-critical outcomes, operational advancement, scientific discovery and cutting-edge manufacturing, turning abstract ideas into realities that transform the world for good.
Your impact
As a fundamental member of the sales team, the Account Strategist will help lead effective facilitation and strategy development for select clients and opportunities in the East Region. In this role you'll be a vital member of Jacobs' East Central (EC) Sales team and p",,2026-08-24_10-47-23
Lead Energy Planner,"Denver, Colorado, United States",Jacobs,Construction,https://careers.jacobs.com/en_US/careers/JobDetail/Lead-Energy-Planner/41246,"Jacobs
About us
Solutions
Careers
Newsroom
Investors
Explore by industry
Search jobs
Explore by industry
Life at Jacobs
Events
Early careers
Military & veteran talent
Login
Careers
Let's see the impact we can create together.
Search jobs
Job Detail
Lead Energy Planner
Apply
Share
Location
Denver, Colorado, United States
Capabilities
Construction
Office Setup
Hybrid
Job ID
#41246
At Jacobs, we're challenging today to reinvent tomorrow by solving the world's most critical problems for thriving cities, resilient environments, mission-critical outcomes, operational advancement, scientific discovery and cutting-edge manufacturing, turning abstract ideas into realities that transform the world for good.
Your impact
The energy space is undergoing rapid and dramatic changes and Jacobs is expanding its Energy & Power team to support clients navigate the complexities of rapid deployment of reliable and sustainable energy solutions across multiple end markets.
 
 We are seeking an energy planning","Jacobs
About us
Solutions
Careers
Newsroom
Investors
Explore by industry
Search jobs
Explore by industry
Life at Jacobs
Events
Early careers
Military & veteran talent
Login
Careers
Let's see the impact we can create together.
Search jobs
Job Detail
Lead Energy Planner
Apply
Share
Location
Denver, Colorado, United States
Capabilities
Construction
Office Setup
Hybrid
Job ID
#41246
At Jacobs, we're challenging today to reinvent tomorrow by solving the world's most critical problems for thriving cities, resilient environments, mission-critical outcomes, operational advancement, scientific discovery and cutting-edge manufacturing, turning abstract ideas into realities that transform the world for good.
Your impact
The energy space is undergoing rapid and dramatic changes and Jacobs is expanding its Energy & Power team to support clients navigate the complexities of rapid deployment of reliable and sustainable energy solutions across multiple end markets.
 
 We are seeking an energy planning",,2026-08-24_10-47-25
Protection and Control (P&C) Engineer – Transmission,"Toronto, Ontario, Canada",Jacobs,Electrical,https://careers.jacobs.com/en_US/careers/JobDetail/Protection-and-Control-P-C-Engineer-Transmission/40685,"Jacobs
About us
Solutions
Careers
Newsroom
Investors
Explore by industry
Search jobs
Explore by industry
Life at Jacobs
Events
Early careers
Military & veteran talent
Login
Careers
Let's see the impact we can create together.
Search jobs
Job Detail
Protection and Control (P&C) Engineer – Transmission
Apply
Share
Location
Toronto, Ontario, Canada
Capabilities
Electrical
Office Setup
Hybrid
Job ID
#40685
At Jacobs, we're challenging today to reinvent tomorrow by solving the world's most critical problems for thriving cities, resilient environments, mission-critical outcomes, operational advancement, scientific discovery and cutting-edge manufacturing, turning abstract ideas into realities that transform the world for good.
Your impact
The energy industry, particularly transmission grids, is undergoing major changes to accommodate for regional and global decarbonization and energy transition targets. Underground and subsea cable technology are, in particular, increasingly becoming a major","Jacobs
About us
Solutions
Careers
Newsroom
Investors
Explore by industry
Search jobs
Explore by industry
Life at Jacobs
Events
Early careers
Military & veteran talent
Login
Careers
Let's see the impact we can create together.
Search jobs
Job Detail
Protection and Control (P&C) Engineer – Transmission
Apply
Share
Location
Toronto, Ontario, Canada
Capabilities
Electrical
Office Setup
Hybrid
Job ID
#40685
At Jacobs, we're challenging today to reinvent tomorrow by solving the world's most critical problems for thriving cities, resilient environments, mission-critical outcomes, operational advancement, scientific discovery and cutting-edge manufacturing, turning abstract ideas into realities that transform the world for good.
Your impact
The energy industry, particularly transmission grids, is undergoing major changes to accommodate for regional and global decarbonization and energy transition targets. Underground and subsea cable technology are, in particular, increasingly becoming a major",,2026-08-24_10-47-27
Senior Substation Engineer - Physical Design,"Denver, Colorado, United States",Jacobs,Electrical,https://careers.jacobs.com/en_US/careers/JobDetail/Senior-Substation-Engineer-Physical-Design/40684,"Jacobs
About us
Solutions
Careers
Newsroom
Investors
Explore by industry
Search jobs
Explore by industry
Life at Jacobs
Events
Early careers
Military & veteran talent
Login
Careers
Let's see the impact we can create together.
Search jobs
Job Detail
Senior Substation Engineer - Physical Design
Apply
Share
Location
Denver, Colorado, United States
Capabilities
Electrical
Office Setup
Hybrid
Job ID
#40684
At Jacobs, we're challenging today to reinvent tomorrow by solving the world's most critical problems for thriving cities, resilient environments, mission-critical outcomes, operational advancement, scientific discovery and cutting-edge manufacturing, turning abstract ideas into realities that transform the world for good.
Your impact
The energy industry is undergoing rapid and dramatic changes, transforming the utility landscape to enhance safety, reliability and sustainability. In response, Jacobs is expanding its Transmission & Distribution (T&D) operations in North America and is look","Jacobs
About us
Solutions
Careers
Newsroom
Investors
Explore by industry
Search jobs
Explore by industry
Life at Jacobs
Events
Early careers
Military & veteran talent
Login
Careers
Let's see the impact we can create together.
Search jobs
Job Detail
Senior Substation Engineer - Physical Design
Apply
Share
Location
Denver, Colorado, United States
Capabilities
Electrical
Office Setup
Hybrid
Job ID
#40684
At Jacobs, we're challenging today to reinvent tomorrow by solving the world's most critical problems for thriving cities, resilient environments, mission-critical outcomes, operational advancement, scientific discovery and cutting-edge manufacturing, turning abstract ideas into realities that transform the world for good.
Your impact
The energy industry is undergoing rapid and dramatic changes, transforming the utility landscape to enhance safety, reliability and sustainability. In response, Jacobs is expanding its Transmission & Distribution (T&D) operations in North America and is look",,2026-08-24_10-47-30
Senior Substation Engineer - Physical Design (Seattle/Portland/Boise),"Portland, Oregon, United States",Jacobs,Electrical,https://careers.jacobs.com/en_US/careers/JobDetail/Senior-Substation-Engineer-Physical-Design-Seattle-Portland-Boise/40683,"Jacobs
About us
Solutions
Careers
Newsroom
Investors
Explore by industry
Search jobs
Explore by industry
Life at Jacobs
Events
Early careers
Military & veteran talent
Login
Careers
Let's see the impact we can create together.
Search jobs
Job Detail
Senior Substation Engineer - Physical Design (Seattle/Portland/Boise)
Apply
Share
Location
Portland, Oregon, United States
Capabilities
Electrical
Office Setup
Hybrid, Office/Onsite
Job ID
#40683
At Jacobs, we're challenging today to reinvent tomorrow by solving the world's most critical problems for thriving cities, resilient environments, mission-critical outcomes, operational advancement, scientific discovery and cutting-edge manufacturing, turning abstract ideas into realities that transform the world for good.
Your impact
This role will sit ON-SITE at either one of these office locations: Seattle WA, Portland OR, Boise ID

The energy industry is undergoing rapid and dramatic changes, transforming the utility landscape to enhance safety,","Jacobs
About us
Solutions
Careers
Newsroom
Investors
Explore by industry
Search jobs
Explore by industry
Life at Jacobs
Events
Early careers
Military & veteran talent
Login
Careers
Let's see the impact we can create together.
Search jobs
Job Detail
Senior Substation Engineer - Physical Design (Seattle/Portland/Boise)
Apply
Share
Location
Portland, Oregon, United States
Capabilities
Electrical
Office Setup
Hybrid, Office/Onsite
Job ID
#40683
At Jacobs, we're challenging today to reinvent tomorrow by solving the world's most critical problems for thriving cities, resilient environments, mission-critical outcomes, operational advancement, scientific discovery and cutting-edge manufacturing, turning abstract ideas into realities that transform the world for good.
Your impact
This role will sit ON-SITE at either one of these office locations: Seattle WA, Portland OR, Boise ID

The energy industry is undergoing rapid and dramatic changes, transforming the utility landscape to enhance safety,",,2026-08-24_10-47-32
Principal Substation Engineer (Seattle/Portland/Boise),"Portland, Oregon, United States",Jacobs,Electrical,https://careers.jacobs.com/en_US/careers/JobDetail/Principal-Substation-Engineer-Seattle-Portland-Boise/40682,"Jacobs
About us
Solutions
Careers
Newsroom
Investors
Explore by industry
Search jobs
Explore by industry
Life at Jacobs
Events
Early careers
Military & veteran talent
Login
Careers
Let's see the impact we can create together.
Search jobs
Job Detail
Principal Substation Engineer (Seattle/Portland/Boise)
Apply
Share
Location
Portland, Oregon, United States
Capabilities
Electrical
Office Setup
Hybrid, Office/Onsite
Job ID
#40682
At Jacobs, we're challenging today to reinvent tomorrow by solving the world's most critical problems for thriving cities, resilient environments, mission-critical outcomes, operational advancement, scientific discovery and cutting-edge manufacturing, turning abstract ideas into realities that transform the world for good.
Your impact
This role will sit ON-SITE at either one of these office locations: Seattle WA, Portland OR, Boise ID

The energy industry is undergoing rapid and dramatic changes, transforming the utility landscape to enhance safety, reliability an","Jacobs
About us
Solutions
Careers
Newsroom
Investors
Explore by industry
Search jobs
Explore by industry
Life at Jacobs
Events
Early careers
Military & veteran talent
Login
Careers
Let's see the impact we can create together.
Search jobs
Job Detail
Principal Substation Engineer (Seattle/Portland/Boise)
Apply
Share
Location
Portland, Oregon, United States
Capabilities
Electrical
Office Setup
Hybrid, Office/Onsite
Job ID
#40682
At Jacobs, we're challenging today to reinvent tomorrow by solving the world's most critical problems for thriving cities, resilient environments, mission-critical outcomes, operational advancement, scientific discovery and cutting-edge manufacturing, turning abstract ideas into realities that transform the world for good.
Your impact
This role will sit ON-SITE at either one of these office locations: Seattle WA, Portland OR, Boise ID

The energy industry is undergoing rapid and dramatic changes, transforming the utility landscape to enhance safety, reliability an",,2026-08-24_10-47-34
Project Architect - Cities & Places,"Bellevue, Washington, United States",Jacobs,Architecture and Interiors,https://careers.jacobs.com/en_US/careers/JobDetail/Project-Architect-Cities-Places/40681,"Jacobs
About us
Solutions
Careers
Newsroom
Investors
Explore by industry
Search jobs
Explore by industry
Life at Jacobs
Events
Early careers
Military & veteran talent
Login
Careers
Let's see the impact we can create together.
Search jobs
Job Detail
Project Architect - Cities & Places
Apply
Share
Location
Bellevue, Washington, United States
Capabilities
Architecture and Interiors
Office Setup
Hybrid
Job ID
#40681
At Jacobs, we're challenging today to reinvent tomorrow by solving the world's most critical problems for thriving cities, resilient environments, mission-critical outcomes, operational advancement, scientific discovery and cutting-edge manufacturing, turning abstract ideas into realities that transform the world for good.
Your impact
At Jacobs, we're challenging today to reinvent tomorrow by solving the world's most critical problems for thriving cities, resilient environments, mission-critical outcomes, operational advancement, scientific discovery and cutting-edge manufactur","Jacobs
About us
Solutions
Careers
Newsroom
Investors
Explore by industry
Search jobs
Explore by industry
Life at Jacobs
Events
Early careers
Military & veteran talent
Login
Careers
Let's see the impact we can create together.
Search jobs
Job Detail
Project Architect - Cities & Places
Apply
Share
Location
Bellevue, Washington, United States
Capabilities
Architecture and Interiors
Office Setup
Hybrid
Job ID
#40681
At Jacobs, we're challenging today to reinvent tomorrow by solving the world's most critical problems for thriving cities, resilient environments, mission-critical outcomes, operational advancement, scientific discovery and cutting-edge manufacturing, turning abstract ideas into realities that transform the world for good.
Your impact
At Jacobs, we're challenging today to reinvent tomorrow by solving the world's most critical problems for thriving cities, resilient environments, mission-critical outcomes, operational advancement, scientific discovery and cutting-edge manufactur",,2026-08-24_10-47-36
Transportation Design Engineer,"Spokane, Washington, United States",Jacobs,Civil and Structural,https://careers.jacobs.com/en_US/careers/JobDetail/Transportation-Design-Engineer/40678,"Jacobs
About us
Solutions
Careers
Newsroom
Investors
Explore by industry
Search jobs
Explore by industry
Life at Jacobs
Events
Early careers
Military & veteran talent
Login
Careers
Let's see the impact we can create together.
Search jobs
Job Detail
Transportation Design Engineer
Apply
Share
Location
Spokane, Washington, United States
Capabilities
Civil and Structural
Office Setup
Hybrid
Job ID
#40678
At Jacobs, we're challenging today to reinvent tomorrow by solving the world's most critical problems for thriving cities, resilient environments, mission-critical outcomes, operational advancement, scientific discovery and cutting-edge manufacturing, turning abstract ideas into realities that transform the world for good.
Your impact
As a Transportation Design Engineer, you’ll work in a team, collaborative, and fast paced environment. Your typical work assignments may include onsite storm drainage analysis and design, offsite cross drainage and floodplain hydraulic impacts analysis and de","Jacobs
About us
Solutions
Careers
Newsroom
Investors
Explore by industry
Search jobs
Explore by industry
Life at Jacobs
Events
Early careers
Military & veteran talent
Login
Careers
Let's see the impact we can create together.
Search jobs
Job Detail
Transportation Design Engineer
Apply
Share
Location
Spokane, Washington, United States
Capabilities
Civil and Structural
Office Setup
Hybrid
Job ID
#40678
At Jacobs, we're challenging today to reinvent tomorrow by solving the world's most critical problems for thriving cities, resilient environments, mission-critical outcomes, operational advancement, scientific discovery and cutting-edge manufacturing, turning abstract ideas into realities that transform the world for good.
Your impact
As a Transportation Design Engineer, you’ll work in a team, collaborative, and fast paced environment. Your typical work assignments may include onsite storm drainage analysis and design, offsite cross drainage and floodplain hydraulic impacts analysis and de",,2026-08-24_10-47-38
Senior Mechanical Conveyance Engineer,"Corvallis, Oregon, United States",Jacobs,Mechanical,https://careers.jacobs.com/en_US/careers/JobDetail/Senior-Mechanical-Conveyance-Engineer/40674,"Jacobs
About us
Solutions
Careers
Newsroom
Investors
Explore by industry
Search jobs
Explore by industry
Life at Jacobs
Events
Early careers
Military & veteran talent
Login
Careers
Let's see the impact we can create together.
Search jobs
Job Detail
Senior Mechanical Conveyance Engineer
Apply
Share
Location
Corvallis, Oregon, United States
Capabilities
Mechanical
Office Setup
Hybrid
Job ID
#40674
At Jacobs, we're challenging today to reinvent tomorrow by solving the world's most critical problems for thriving cities, resilient environments, mission-critical outcomes, operational advancement, scientific discovery and cutting-edge manufacturing, turning abstract ideas into realities that transform the world for good.
Your impact
If you’re interested in a rewarding career working with a global leader and with the industry’s best and most innovative professionals, then Jacobs is where you belong. Our teams commonly engage at the forefront of large, complex projects to help navigate the comp","Jacobs
About us
Solutions
Careers
Newsroom
Investors
Explore by industry
Search jobs
Explore by industry
Life at Jacobs
Events
Early careers
Military & veteran talent
Login
Careers
Let's see the impact we can create together.
Search jobs
Job Detail
Senior Mechanical Conveyance Engineer
Apply
Share
Location
Corvallis, Oregon, United States
Capabilities
Mechanical
Office Setup
Hybrid
Job ID
#40674
At Jacobs, we're challenging today to reinvent tomorrow by solving the world's most critical problems for thriving cities, resilient environments, mission-critical outcomes, operational advancement, scientific discovery and cutting-edge manufacturing, turning abstract ideas into realities that transform the world for good.
Your impact
If you’re interested in a rewarding career working with a global leader and with the industry’s best and most innovative professionals, then Jacobs is where you belong. Our teams commonly engage at the forefront of large, complex projects to help navigate the comp",,2026-08-24_10-47-40
Project Manager - Water/Wastewater,"Morristown, New Jersey, United States",Jacobs,Project Management,https://careers.jacobs.com/en_US/careers/JobDetail/Project-Manager-Water-Wastewater/40001,"Jacobs
About us
Solutions
Careers
Newsroom
Investors
Explore by industry
Search jobs
Explore by industry
Life at Jacobs
Events
Early careers
Military & veteran talent
Login
Careers
Let's see the impact we can create together.
Search jobs
Job Detail
Project Manager - Water/Wastewater
Apply
Share
Location
Morristown, New Jersey, United States
Capabilities
Project Management
Office Setup
Hybrid
Job ID
#40001
At Jacobs, we're challenging today to reinvent tomorrow by solving the world's most critical problems for thriving cities, resilient environments, mission-critical outcomes, operational advancement, scientific discovery and cutting-edge manufacturing, turning abstract ideas into realities that transform the world for good.
Your impact
We challenge what is currently accepted, so we can shape innovative and lasting solutions for tomorrow. If you’re interested in a long and rewarding career working with the ENR #1 ranked design firm, and with the industry’s best and most innovative engin","Jacobs
About us
Solutions
Careers
Newsroom
Investors
Explore by industry
Search jobs
Explore by industry
Life at Jacobs
Events
Early careers
Military & veteran talent
Login
Careers
Let's see the impact we can create together.
Search jobs
Job Detail
Project Manager - Water/Wastewater
Apply
Share
Location
Morristown, New Jersey, United States
Capabilities
Project Management
Office Setup
Hybrid
Job ID
#40001
At Jacobs, we're challenging today to reinvent tomorrow by solving the world's most critical problems for thriving cities, resilient environments, mission-critical outcomes, operational advancement, scientific discovery and cutting-edge manufacturing, turning abstract ideas into realities that transform the world for good.
Your impact
We challenge what is currently accepted, so we can shape innovative and lasting solutions for tomorrow. If you’re interested in a long and rewarding career working with the ENR #1 ranked design firm, and with the industry’s best and most innovative engin",,2026-08-24_10-47-42
Sr. Mechanical Engineer - Tunnel Ventilation/HVAC Design,"New York, New York, United States",Jacobs,Mechanical,https://careers.jacobs.com/en_US/careers/JobDetail/Sr-Mechanical-Engineer-Tunnel-Ventilation-HVAC-Design/39997,"Jacobs
About us
Solutions
Careers
Newsroom
Investors
Explore by industry
Search jobs
Explore by industry
Life at Jacobs
Events
Early careers
Military & veteran talent
Login
Careers
Let's see the impact we can create together.
Search jobs
Job Detail
Sr. Mechanical Engineer - Tunnel Ventilation/HVAC Design
Apply
Share
Location
New York, New York, United States
Capabilities
Mechanical
Office Setup
Hybrid
Job ID
#39997
At Jacobs, we're challenging today to reinvent tomorrow by solving the world's most critical problems for thriving cities, resilient environments, mission-critical outcomes, operational advancement, scientific discovery and cutting-edge manufacturing, turning abstract ideas into realities that transform the world for good.
Your impact
Jacobs is seeking a dynamic and experienced Senior Mechanical Engineer with Tunnel Ventilation/HVAC Professional Engineer to join our team in New York City. 
What You'll Do:
Perform and supervise calculations and detailed design of tunnel venti","Jacobs
About us
Solutions
Careers
Newsroom
Investors
Explore by industry
Search jobs
Explore by industry
Life at Jacobs
Events
Early careers
Military & veteran talent
Login
Careers
Let's see the impact we can create together.
Search jobs
Job Detail
Sr. Mechanical Engineer - Tunnel Ventilation/HVAC Design
Apply
Share
Location
New York, New York, United States
Capabilities
Mechanical
Office Setup
Hybrid
Job ID
#39997
At Jacobs, we're challenging today to reinvent tomorrow by solving the world's most critical problems for thriving cities, resilient environments, mission-critical outcomes, operational advancement, scientific discovery and cutting-edge manufacturing, turning abstract ideas into realities that transform the world for good.
Your impact
Jacobs is seeking a dynamic and experienced Senior Mechanical Engineer with Tunnel Ventilation/HVAC Professional Engineer to join our team in New York City. 
What You'll Do:
Perform and supervise calculations and detailed design of tunnel venti",,2026-08-24_10-47-44
Software Engineer,"Chantilly, Virginia, United States",Jacobs,Digital and Data,https://careers.jacobs.com/en_US/careers/JobDetail/Software-Engineer/39102,"Jacobs
About us
Solutions
Careers
Newsroom
Investors
Explore by industry
Search jobs
Explore by industry
Life at Jacobs
Events
Early careers
Military & veteran talent
Login
Careers
Let's see the impact we can create together.
Search jobs
Job Detail
Software Engineer
Apply
Share
Location
Chantilly, Virginia, United States
Capabilities
Digital and Data
Office Setup
Office/Onsite
Job ID
#39102
At Jacobs, we're challenging today to reinvent tomorrow by solving the world's most critical problems for thriving cities, resilient environments, mission-critical outcomes, operational advancement, scientific discovery and cutting-edge manufacturing, turning abstract ideas into realities that transform the world for good.
Your impact

Knack Works, a subsidiary of Jacobs, was created to address the demand for cutting-edge development environments within the intelligence community. Knack Works is focused on providing scalable, automated solutions that enable our customers to perform their national se","Jacobs
About us
Solutions
Careers
Newsroom
Investors
Explore by industry
Search jobs
Explore by industry
Life at Jacobs
Events
Early careers
Military & veteran talent
Login
Careers
Let's see the impact we can create together.
Search jobs
Job Detail
Software Engineer
Apply
Share
Location
Chantilly, Virginia, United States
Capabilities
Digital and Data
Office Setup
Office/Onsite
Job ID
#39102
At Jacobs, we're challenging today to reinvent tomorrow by solving the world's most critical problems for thriving cities, resilient environments, mission-critical outcomes, operational advancement, scientific discovery and cutting-edge manufacturing, turning abstract ideas into realities that transform the world for good.
Your impact

Knack Works, a subsidiary of Jacobs, was created to address the demand for cutting-edge development environments within the intelligence community. Knack Works is focused on providing scalable, automated solutions that enable our customers to perform their national se",,2026-08-24_10-47-46
Project Architect - Federal,"Honolulu, Hawaii, United States",Jacobs,Architecture and Interiors,https://careers.jacobs.com/en_US/careers/JobDetail/Project-Architect-Federal/39098,"Jacobs
About us
Solutions
Careers
Newsroom
Investors
Explore by industry
Search jobs
Explore by industry
Life at Jacobs
Events
Early careers
Military & veteran talent
Login
Careers
Let's see the impact we can create together.
Search jobs
Job Detail
Project Architect - Federal
Apply
Share
Location
Honolulu, Hawaii, United States
Capabilities
Architecture and Interiors
Office Setup
Hybrid
Job ID
#39098
At Jacobs, we're challenging today to reinvent tomorrow by solving the world's most critical problems for thriving cities, resilient environments, mission-critical outcomes, operational advancement, scientific discovery and cutting-edge manufacturing, turning abstract ideas into realities that transform the world for good.
Your impact
At Jacobs, we challenge what is currently accepted, so we can shape innovation and lasting solutions for tomorrow. If you’re interested in a long and rewarding career working with the industry’s best and most innovative engineers, then Jacobs is where you bel","Jacobs
About us
Solutions
Careers
Newsroom
Investors
Explore by industry
Search jobs
Explore by industry
Life at Jacobs
Events
Early careers
Military & veteran talent
Login
Careers
Let's see the impact we can create together.
Search jobs
Job Detail
Project Architect - Federal
Apply
Share
Location
Honolulu, Hawaii, United States
Capabilities
Architecture and Interiors
Office Setup
Hybrid
Job ID
#39098
At Jacobs, we're challenging today to reinvent tomorrow by solving the world's most critical problems for thriving cities, resilient environments, mission-critical outcomes, operational advancement, scientific discovery and cutting-edge manufacturing, turning abstract ideas into realities that transform the world for good.
Your impact
At Jacobs, we challenge what is currently accepted, so we can shape innovation and lasting solutions for tomorrow. If you’re interested in a long and rewarding career working with the industry’s best and most innovative engineers, then Jacobs is where you bel",,2026-08-24_10-47-48
Rigging Superintendent (Data Centers),"Saint Francisville, Louisiana, United States",Jacobs,Construction,https://careers.jacobs.com/en_US/careers/JobDetail/Rigging-Superintendent-Data-Centers/39088,"Jacobs
About us
Solutions
Careers
Newsroom
Investors
Explore by industry
Search jobs
Explore by industry
Life at Jacobs
Events
Early careers
Military & veteran talent
Login
Careers
Let's see the impact we can create together.
Search jobs
Job Detail
Rigging Superintendent (Data Centers)
Apply
Share
Location
Saint Francisville, Louisiana, United States
Capabilities
Construction
Office Setup
Hybrid
Job ID
#39088
At Jacobs, we're challenging today to reinvent tomorrow by solving the world's most critical problems for thriving cities, resilient environments, mission-critical outcomes, operational advancement, scientific discovery and cutting-edge manufacturing, turning abstract ideas into realities that transform the world for good.
Your impact
At Jacobs, we’re not just building structures—we’re helping our clients innovate and grow by designing, engineering, and executing the construction of their state-of-the-art facilities that are changing our world.
We’re looking for an experienced and","Jacobs
About us
Solutions
Careers
Newsroom
Investors
Explore by industry
Search jobs
Explore by industry
Life at Jacobs
Events
Early careers
Military & veteran talent
Login
Careers
Let's see the impact we can create together.
Search jobs
Job Detail
Rigging Superintendent (Data Centers)
Apply
Share
Location
Saint Francisville, Louisiana, United States
Capabilities
Construction
Office Setup
Hybrid
Job ID
#39088
At Jacobs, we're challenging today to reinvent tomorrow by solving the world's most critical problems for thriving cities, resilient environments, mission-critical outcomes, operational advancement, scientific discovery and cutting-edge manufacturing, turning abstract ideas into realities that transform the world for good.
Your impact
At Jacobs, we’re not just building structures—we’re helping our clients innovate and grow by designing, engineering, and executing the construction of their state-of-the-art facilities that are changing our world.
We’re looking for an experienced and",,2026-08-24_10-47-50
Site Civil Engineer,"Knoxville, Tennessee, United States",Jacobs,Civil and Structural,https://careers.jacobs.com/en_US/careers/JobDetail/Site-Civil-Engineer/37656,"Jacobs
About us
Solutions
Careers
Newsroom
Investors
Explore by industry
Search jobs
Explore by industry
Life at Jacobs
Events
Early careers
Military & veteran talent
Login
Careers
Let's see the impact we can create together.
Search jobs
Job Detail
Site Civil Engineer
Apply
Share
Location
Knoxville, Tennessee, United States
Capabilities
Civil and Structural
Office Setup
Hybrid
Job ID
#37656
At Jacobs, we're challenging today to reinvent tomorrow by solving the world's most critical problems for thriving cities, resilient environments, mission-critical outcomes, operational advancement, scientific discovery and cutting-edge manufacturing, turning abstract ideas into realities that transform the world for good.
Your impact
We challenge what is currently accepted so we can shape innovative and lasting solutions for tomorrow. We apply our expertise and knowledge as we look into the future with great optimism and focus. Bring your curiosity, talent for multi-tasking and collaboration, and e","Jacobs
About us
Solutions
Careers
Newsroom
Investors
Explore by industry
Search jobs
Explore by industry
Life at Jacobs
Events
Early careers
Military & veteran talent
Login
Careers
Let's see the impact we can create together.
Search jobs
Job Detail
Site Civil Engineer
Apply
Share
Location
Knoxville, Tennessee, United States
Capabilities
Civil and Structural
Office Setup
Hybrid
Job ID
#37656
At Jacobs, we're challenging today to reinvent tomorrow by solving the world's most critical problems for thriving cities, resilient environments, mission-critical outcomes, operational advancement, scientific discovery and cutting-edge manufacturing, turning abstract ideas into realities that transform the world for good.
Your impact
We challenge what is currently accepted so we can shape innovative and lasting solutions for tomorrow. We apply our expertise and knowledge as we look into the future with great optimism and focus. Bring your curiosity, talent for multi-tasking and collaboration, and e",,2026-08-24_10-47-52
Senior Water Treatment Engineer (Drinking Water & Reuse),"Naples, Florida, United States",Jacobs,Environmental,https://careers.jacobs.com/en_US/careers/JobDetail/Senior-Water-Treatment-Engineer-Drinking-Water-Reuse/37654,"Jacobs
About us
Solutions
Careers
Newsroom
Investors
Explore by industry
Search jobs
Explore by industry
Life at Jacobs
Events
Early careers
Military & veteran talent
Login
Careers
Let's see the impact we can create together.
Search jobs
Job Detail
Senior Water Treatment Engineer (Drinking Water & Reuse)
Apply
Share
Location
Naples, Florida, United States
Capabilities
Environmental
Office Setup
Hybrid
Job ID
#37654
At Jacobs, we're challenging today to reinvent tomorrow by solving the world's most critical problems for thriving cities, resilient environments, mission-critical outcomes, operational advancement, scientific discovery and cutting-edge manufacturing, turning abstract ideas into realities that transform the world for good.
Your impact
Accelerate your career with Jacobs, a company that inspires and empowers you to deliver your best work so you can evolve, grow and succeed - today and into tomorrow. If you are looking for an opportunity to solve complex challenges, do meaningf","Jacobs
About us
Solutions
Careers
Newsroom
Investors
Explore by industry
Search jobs
Explore by industry
Life at Jacobs
Events
Early careers
Military & veteran talent
Login
Careers
Let's see the impact we can create together.
Search jobs
Job Detail
Senior Water Treatment Engineer (Drinking Water & Reuse)
Apply
Share
Location
Naples, Florida, United States
Capabilities
Environmental
Office Setup
Hybrid
Job ID
#37654
At Jacobs, we're challenging today to reinvent tomorrow by solving the world's most critical problems for thriving cities, resilient environments, mission-critical outcomes, operational advancement, scientific discovery and cutting-edge manufacturing, turning abstract ideas into realities that transform the world for good.
Your impact
Accelerate your career with Jacobs, a company that inspires and empowers you to deliver your best work so you can evolve, grow and succeed - today and into tomorrow. If you are looking for an opportunity to solve complex challenges, do meaningf",,2026-08-24_10-47-54
Design Architect (37615),"Pittsburgh, Pennsylvania, United States",Jacobs,Architecture and Interiors,https://careers.jacobs.com/en_US/careers/JobDetail/Design-Architect-37615/37615,"Jacobs
About us
Solutions
Careers
Newsroom
Investors
Explore by industry
Search jobs
Explore by industry
Life at Jacobs
Events
Early careers
Military & veteran talent
Login
Careers
Let's see the impact we can create together.
Search jobs
Job Detail
Design Architect (37615)
Apply
Share
Location
Pittsburgh, Pennsylvania, United States
Capabilities
Architecture and Interiors
Office Setup
Hybrid
Job ID
#37615
At Jacobs, we're challenging today to reinvent tomorrow by solving the world's most critical problems for thriving cities, resilient environments, mission-critical outcomes, operational advancement, scientific discovery and cutting-edge manufacturing, turning abstract ideas into realities that transform the world for good.
Your impact
As a Design Architect working with the Advanced Facilities group, you will help us design state-of-the-art mission critical, pharmaceutical, semiconductor, life sciences buildings, and other advanced facilities powering our virtual world today and into t","Jacobs
About us
Solutions
Careers
Newsroom
Investors
Explore by industry
Search jobs
Explore by industry
Life at Jacobs
Events
Early careers
Military & veteran talent
Login
Careers
Let's see the impact we can create together.
Search jobs
Job Detail
Design Architect (37615)
Apply
Share
Location
Pittsburgh, Pennsylvania, United States
Capabilities
Architecture and Interiors
Office Setup
Hybrid
Job ID
#37615
At Jacobs, we're challenging today to reinvent tomorrow by solving the world's most critical problems for thriving cities, resilient environments, mission-critical outcomes, operational advancement, scientific discovery and cutting-edge manufacturing, turning abstract ideas into realities that transform the world for good.
Your impact
As a Design Architect working with the Advanced Facilities group, you will help us design state-of-the-art mission critical, pharmaceutical, semiconductor, life sciences buildings, and other advanced facilities powering our virtual world today and into t",,2026-08-24_10-47-56
Fire Protection Engineer - Security Clearance required,"Washington, District of Columbia, United States",Jacobs,Health and Safety,https://careers.jacobs.com/en_US/careers/JobDetail/Fire-Protection-Engineer-Security-Clearance-required/37563,"Jacobs
About us
Solutions
Careers
Newsroom
Investors
Explore by industry
Search jobs
Explore by industry
Life at Jacobs
Events
Early careers
Military & veteran talent
Login
Careers
Let's see the impact we can create together.
Search jobs
Job Detail
Fire Protection Engineer - Security Clearance required
Apply
Share
Location
Washington, District of Columbia, United States
Capabilities
Health and Safety
Office Setup
Office/Onsite
Job ID
#37563
At Jacobs, we're challenging today to reinvent tomorrow by solving the world's most critical problems for thriving cities, resilient environments, mission-critical outcomes, operational advancement, scientific discovery and cutting-edge manufacturing, turning abstract ideas into realities that transform the world for good.
Your impact
Jacobs has an opportunity for a Fire Protection Engineer supporting our long-term project at a client site in Washington, DC. or Quantico, VA.
Position Description
The Fire Protection Engineer will have essential multi","Jacobs
About us
Solutions
Careers
Newsroom
Investors
Explore by industry
Search jobs
Explore by industry
Life at Jacobs
Events
Early careers
Military & veteran talent
Login
Careers
Let's see the impact we can create together.
Search jobs
Job Detail
Fire Protection Engineer - Security Clearance required
Apply
Share
Location
Washington, District of Columbia, United States
Capabilities
Health and Safety
Office Setup
Office/Onsite
Job ID
#37563
At Jacobs, we're challenging today to reinvent tomorrow by solving the world's most critical problems for thriving cities, resilient environments, mission-critical outcomes, operational advancement, scientific discovery and cutting-edge manufacturing, turning abstract ideas into realities that transform the world for good.
Your impact
Jacobs has an opportunity for a Fire Protection Engineer supporting our long-term project at a client site in Washington, DC. or Quantico, VA.
Position Description
The Fire Protection Engineer will have essential multi",,2026-08-24_10-47-58
Senior Project Architecture (LSNA-PA/OH/IN/NC/TX/VA),"Conshohocken, Pennsylvania, United States",Jacobs,Architecture and Interiors,https://careers.jacobs.com/en_US/careers/JobDetail/Senior-Project-Architecture-LSNA-PA-OH-IN-NC-TX-VA/37555,"Jacobs
About us
Solutions
Careers
Newsroom
Investors
Explore by industry
Search jobs
Explore by industry
Life at Jacobs
Events
Early careers
Military & veteran talent
Login
Careers
Let's see the impact we can create together.
Search jobs
Job Detail
Senior Project Architecture (LSNA-PA/OH/IN/NC/TX/VA)
Apply
Share
Location
Conshohocken, Pennsylvania, United States
Capabilities
Architecture and Interiors
Office Setup
Hybrid
Job ID
#37555
At Jacobs, we're challenging today to reinvent tomorrow by solving the world's most critical problems for thriving cities, resilient environments, mission-critical outcomes, operational advancement, scientific discovery and cutting-edge manufacturing, turning abstract ideas into realities that transform the world for good.
Your impact
At Jacobs, we challenge what is currently accepted, so we can shape innovative and lasting solutions for tomorrow. If you’re interested in a long and rewarding career working with the industry’s best and most innovative engi","Jacobs
About us
Solutions
Careers
Newsroom
Investors
Explore by industry
Search jobs
Explore by industry
Life at Jacobs
Events
Early careers
Military & veteran talent
Login
Careers
Let's see the impact we can create together.
Search jobs
Job Detail
Senior Project Architecture (LSNA-PA/OH/IN/NC/TX/VA)
Apply
Share
Location
Conshohocken, Pennsylvania, United States
Capabilities
Architecture and Interiors
Office Setup
Hybrid
Job ID
#37555
At Jacobs, we're challenging today to reinvent tomorrow by solving the world's most critical problems for thriving cities, resilient environments, mission-critical outcomes, operational advancement, scientific discovery and cutting-edge manufacturing, turning abstract ideas into realities that transform the world for good.
Your impact
At Jacobs, we challenge what is currently accepted, so we can shape innovative and lasting solutions for tomorrow. If you’re interested in a long and rewarding career working with the industry’s best and most innovative engi",,2026-08-24_10-48-00
Project Manager (LSNA-OH),"Cincinnati, Ohio, United States",Jacobs,Project Management,https://careers.jacobs.com/en_US/careers/JobDetail/Project-Manager-LSNA-OH/37472,"Jacobs
About us
Solutions
Careers
Newsroom
Investors
Explore by industry
Search jobs
Explore by industry
Life at Jacobs
Events
Early careers
Military & veteran talent
Login
Careers
Let's see the impact we can create together.
Search jobs
Job Detail
Project Manager (LSNA-OH)
Apply
Share
Location
Cincinnati, Ohio, United States
Capabilities
Project Management
Office Setup
Hybrid
Job ID
#37472
At Jacobs, we're challenging today to reinvent tomorrow by solving the world's most critical problems for thriving cities, resilient environments, mission-critical outcomes, operational advancement, scientific discovery and cutting-edge manufacturing, turning abstract ideas into realities that transform the world for good.
Your impact
At Jacobs, we’re not just building structures. We’re helping our clients innovate and grow by designing, engineering, and executing the construction of their life science facilities that are changing our world.    

As a Project Management Professional, you’ll join our","Jacobs
About us
Solutions
Careers
Newsroom
Investors
Explore by industry
Search jobs
Explore by industry
Life at Jacobs
Events
Early careers
Military & veteran talent
Login
Careers
Let's see the impact we can create together.
Search jobs
Job Detail
Project Manager (LSNA-OH)
Apply
Share
Location
Cincinnati, Ohio, United States
Capabilities
Project Management
Office Setup
Hybrid
Job ID
#37472
At Jacobs, we're challenging today to reinvent tomorrow by solving the world's most critical problems for thriving cities, resilient environments, mission-critical outcomes, operational advancement, scientific discovery and cutting-edge manufacturing, turning abstract ideas into realities that transform the world for good.
Your impact
At Jacobs, we’re not just building structures. We’re helping our clients innovate and grow by designing, engineering, and executing the construction of their life science facilities that are changing our world.    

As a Project Management Professional, you’ll join our",,2026-08-24_10-48-02
Construction Manager (Data Centers),"Corpus Christi, Texas, United States",Jacobs,Construction,https://careers.jacobs.com/en_US/careers/JobDetail/Construction-Manager-Data-Centers/37445,"Jacobs
About us
Solutions
Careers
Newsroom
Investors
Explore by industry
Search jobs
Explore by industry
Life at Jacobs
Events
Early careers
Military & veteran talent
Login
Careers
Let's see the impact we can create together.
Search jobs
Job Detail
Construction Manager (Data Centers)
Apply
Share
Location
Corpus Christi, Texas, United States
Capabilities
Construction
Office Setup
Hybrid
Job ID
#37445
At Jacobs, we're challenging today to reinvent tomorrow by solving the world's most critical problems for thriving cities, resilient environments, mission-critical outcomes, operational advancement, scientific discovery and cutting-edge manufacturing, turning abstract ideas into realities that transform the world for good.
Your impact
JACOBS has an immediate opportunity for a Construction Manager to support our data center project in Corpus Christi, TX
As a Data Center Construction Manager, you’ll join our collaborative team, providing our clients with award-winning planning, engineering, a","Jacobs
About us
Solutions
Careers
Newsroom
Investors
Explore by industry
Search jobs
Explore by industry
Life at Jacobs
Events
Early careers
Military & veteran talent
Login
Careers
Let's see the impact we can create together.
Search jobs
Job Detail
Construction Manager (Data Centers)
Apply
Share
Location
Corpus Christi, Texas, United States
Capabilities
Construction
Office Setup
Hybrid
Job ID
#37445
At Jacobs, we're challenging today to reinvent tomorrow by solving the world's most critical problems for thriving cities, resilient environments, mission-critical outcomes, operational advancement, scientific discovery and cutting-edge manufacturing, turning abstract ideas into realities that transform the world for good.
Your impact
JACOBS has an immediate opportunity for a Construction Manager to support our data center project in Corpus Christi, TX
As a Data Center Construction Manager, you’ll join our collaborative team, providing our clients with award-winning planning, engineering, a",,2026-08-24_10-48-05
Mechanical Superintendent (Data Centers),"Corpus Christi, Texas, United States",Jacobs,Construction,https://careers.jacobs.com/en_US/careers/JobDetail/Mechanical-Superintendent-Data-Centers/37444,"Jacobs
About us
Solutions
Careers
Newsroom
Investors
Explore by industry
Search jobs
Explore by industry
Life at Jacobs
Events
Early careers
Military & veteran talent
Login
Careers
Let's see the impact we can create together.
Search jobs
Job Detail
Mechanical Superintendent (Data Centers)
Apply
Share
Location
Corpus Christi, Texas, United States
Capabilities
Construction
Office Setup
Hybrid
Job ID
#37444
At Jacobs, we're challenging today to reinvent tomorrow by solving the world's most critical problems for thriving cities, resilient environments, mission-critical outcomes, operational advancement, scientific discovery and cutting-edge manufacturing, turning abstract ideas into realities that transform the world for good.
Your impact
At Jacobs, we’re not just building structures, we’re helping our clients innovate and grow by designing, engineering, and executing the construction of their state-of-the-art facilities that are changing our world. 
We’re looking for an experienced and co","Jacobs
About us
Solutions
Careers
Newsroom
Investors
Explore by industry
Search jobs
Explore by industry
Life at Jacobs
Events
Early careers
Military & veteran talent
Login
Careers
Let's see the impact we can create together.
Search jobs
Job Detail
Mechanical Superintendent (Data Centers)
Apply
Share
Location
Corpus Christi, Texas, United States
Capabilities
Construction
Office Setup
Hybrid
Job ID
#37444
At Jacobs, we're challenging today to reinvent tomorrow by solving the world's most critical problems for thriving cities, resilient environments, mission-critical outcomes, operational advancement, scientific discovery and cutting-edge manufacturing, turning abstract ideas into realities that transform the world for good.
Your impact
At Jacobs, we’re not just building structures, we’re helping our clients innovate and grow by designing, engineering, and executing the construction of their state-of-the-art facilities that are changing our world. 
We’re looking for an experienced and co",,2026-08-24_10-48-07
E & I Superintendent (Data Centers),"Corpus Christi, Texas, United States",Jacobs,Construction,https://careers.jacobs.com/en_US/careers/JobDetail/E-I-Superintendent-Data-Centers/37443,"Jacobs
About us
Solutions
Careers
Newsroom
Investors
Explore by industry
Search jobs
Explore by industry
Life at Jacobs
Events
Early careers
Military & veteran talent
Login
Careers
Let's see the impact we can create together.
Search jobs
Job Detail
E & I Superintendent (Data Centers)
Apply
Share
Location
Corpus Christi, Texas, United States
Capabilities
Construction
Office Setup
Hybrid
Job ID
#37443
At Jacobs, we're challenging today to reinvent tomorrow by solving the world's most critical problems for thriving cities, resilient environments, mission-critical outcomes, operational advancement, scientific discovery and cutting-edge manufacturing, turning abstract ideas into realities that transform the world for good.
Your impact
Start your Jacobs career with a company that inspires and empowers you to deliver your best work so you can evolve, grow and succeed - today and into tomorrow.   
At Jacobs, we’re not just building structures, we’re helping our clients innovate and grow by des","Jacobs
About us
Solutions
Careers
Newsroom
Investors
Explore by industry
Search jobs
Explore by industry
Life at Jacobs
Events
Early careers
Military & veteran talent
Login
Careers
Let's see the impact we can create together.
Search jobs
Job Detail
E & I Superintendent (Data Centers)
Apply
Share
Location
Corpus Christi, Texas, United States
Capabilities
Construction
Office Setup
Hybrid
Job ID
#37443
At Jacobs, we're challenging today to reinvent tomorrow by solving the world's most critical problems for thriving cities, resilient environments, mission-critical outcomes, operational advancement, scientific discovery and cutting-edge manufacturing, turning abstract ideas into realities that transform the world for good.
Your impact
Start your Jacobs career with a company that inspires and empowers you to deliver your best work so you can evolve, grow and succeed - today and into tomorrow.   
At Jacobs, we’re not just building structures, we’re helping our clients innovate and grow by des",,2026-08-24_10-48-10
Sr Construction Manager (Data Centers),"Corpus Christi, Texas, United States",Jacobs,Construction,https://careers.jacobs.com/en_US/careers/JobDetail/Sr-Construction-Manager-Data-Centers/37441,"Jacobs
About us
Solutions
Careers
Newsroom
Investors
Explore by industry
Search jobs
Explore by industry
Life at Jacobs
Events
Early careers
Military & veteran talent
Login
Careers
Let's see the impact we can create together.
Search jobs
Job Detail
Sr Construction Manager (Data Centers)
Apply
Share
Location
Corpus Christi, Texas, United States
Capabilities
Construction
Office Setup
Hybrid
Job ID
#37441
At Jacobs, we're challenging today to reinvent tomorrow by solving the world's most critical problems for thriving cities, resilient environments, mission-critical outcomes, operational advancement, scientific discovery and cutting-edge manufacturing, turning abstract ideas into realities that transform the world for good.
Your impact
JACOBS has an immediate opportunity for a Senior Construction Manager to support our data center project in Corpus Christi, TX
As a Data Center Sr Construction Manager, you’ll join our collaborative team, providing our clients with award-winning planning, e","Jacobs
About us
Solutions
Careers
Newsroom
Investors
Explore by industry
Search jobs
Explore by industry
Life at Jacobs
Events
Early careers
Military & veteran talent
Login
Careers
Let's see the impact we can create together.
Search jobs
Job Detail
Sr Construction Manager (Data Centers)
Apply
Share
Location
Corpus Christi, Texas, United States
Capabilities
Construction
Office Setup
Hybrid
Job ID
#37441
At Jacobs, we're challenging today to reinvent tomorrow by solving the world's most critical problems for thriving cities, resilient environments, mission-critical outcomes, operational advancement, scientific discovery and cutting-edge manufacturing, turning abstract ideas into realities that transform the world for good.
Your impact
JACOBS has an immediate opportunity for a Senior Construction Manager to support our data center project in Corpus Christi, TX
As a Data Center Sr Construction Manager, you’ll join our collaborative team, providing our clients with award-winning planning, e",,2026-08-24_10-48-12
Senior Rail & Transit Vehicles/Systems Project Manager,"New York, New York, United States",Jacobs,Project Management,https://careers.jacobs.com/en_US/careers/JobDetail/Senior-Rail-Transit-Vehicles-Systems-Project-Manager/32653,"Jacobs
About us
Solutions
Careers
Newsroom
Investors
Explore by industry
Search jobs
Explore by industry
Life at Jacobs
Events
Early careers
Military & veteran talent
Login
Careers
Let's see the impact we can create together.
Search jobs
Job Detail
Senior Rail & Transit Vehicles/Systems Project Manager
Apply
Share
Location
New York, New York, United States
Capabilities
Project Management
Office Setup
Hybrid
Job ID
#32653
At Jacobs, we're challenging today to reinvent tomorrow by solving the world's most critical problems for thriving cities, resilient environments, mission-critical outcomes, operational advancement, scientific discovery and cutting-edge manufacturing, turning abstract ideas into realities that transform the world for good.
Your impact
The Senior Rail & Transit System Project Manager will perform a variety of consulting activities, providing technical and commercial support to all aspects of rail and transit projects. In this role, you will support delivery of multidisc","Jacobs
About us
Solutions
Careers
Newsroom
Investors
Explore by industry
Search jobs
Explore by industry
Life at Jacobs
Events
Early careers
Military & veteran talent
Login
Careers
Let's see the impact we can create together.
Search jobs
Job Detail
Senior Rail & Transit Vehicles/Systems Project Manager
Apply
Share
Location
New York, New York, United States
Capabilities
Project Management
Office Setup
Hybrid
Job ID
#32653
At Jacobs, we're challenging today to reinvent tomorrow by solving the world's most critical problems for thriving cities, resilient environments, mission-critical outcomes, operational advancement, scientific discovery and cutting-edge manufacturing, turning abstract ideas into realities that transform the world for good.
Your impact
The Senior Rail & Transit System Project Manager will perform a variety of consulting activities, providing technical and commercial support to all aspects of rail and transit projects. In this role, you will support delivery of multidisc",,2026-08-24_10-48-14
Client Service Leader - Water,"Boston, Massachusetts, United States",Jacobs,Project Management,https://careers.jacobs.com/en_US/careers/JobDetail/Client-Service-Leader-Water/32441,"Jacobs
About us
Solutions
Careers
Newsroom
Investors
Explore by industry
Search jobs
Explore by industry
Life at Jacobs
Events
Early careers
Military & veteran talent
Login
Careers
Let's see the impact we can create together.
Search jobs
Job Detail
Client Service Leader - Water
Apply
Share
Location
Boston, Massachusetts, United States
Capabilities
Project Management
Office Setup
Hybrid
Job ID
#32441
At Jacobs, we're challenging today to reinvent tomorrow by solving the world's most critical problems for thriving cities, resilient environments, mission-critical outcomes, operational advancement, scientific discovery and cutting-edge manufacturing, turning abstract ideas into realities that transform the world for good.
Your impact
Jacobs has been ENR ranked #1 globally in water/wastewater treatment and conveyance engineering design for decades. #1 out of the Top 500 Design Firms for the sixth consecutive year, and #1 in program management for a third consecutive year. We have led the di","Jacobs
About us
Solutions
Careers
Newsroom
Investors
Explore by industry
Search jobs
Explore by industry
Life at Jacobs
Events
Early careers
Military & veteran talent
Login
Careers
Let's see the impact we can create together.
Search jobs
Job Detail
Client Service Leader - Water
Apply
Share
Location
Boston, Massachusetts, United States
Capabilities
Project Management
Office Setup
Hybrid
Job ID
#32441
At Jacobs, we're challenging today to reinvent tomorrow by solving the world's most critical problems for thriving cities, resilient environments, mission-critical outcomes, operational advancement, scientific discovery and cutting-edge manufacturing, turning abstract ideas into realities that transform the world for good.
Your impact
Jacobs has been ENR ranked #1 globally in water/wastewater treatment and conveyance engineering design for decades. #1 out of the Top 500 Design Firms for the sixth consecutive year, and #1 in program management for a third consecutive year. We have led the di",,2026-08-24_10-48-16
Engineering Team Lead - Water/Wastewater,"Atlanta, Georgia, United States",Jacobs,Project Management,https://careers.jacobs.com/en_US/careers/JobDetail/Engineering-Team-Lead-Water-Wastewater/32299,"Jacobs
About us
Solutions
Careers
Newsroom
Investors
Explore by industry
Search jobs
Explore by industry
Life at Jacobs
Events
Early careers
Military & veteran talent
Login
Careers
Let's see the impact we can create together.
Search jobs
Job Detail
Engineering Team Lead - Water/Wastewater
Apply
Share
Location
Atlanta, Georgia, United States
Capabilities
Project Management
Office Setup
Hybrid
Job ID
#32299
At Jacobs, we're challenging today to reinvent tomorrow by solving the world's most critical problems for thriving cities, resilient environments, mission-critical outcomes, operational advancement, scientific discovery and cutting-edge manufacturing, turning abstract ideas into realities that transform the world for good.
Your impact
We challenge what is accepted, so we can shape innovative and lasting solutions for tomorrow. If you’re interested in a long and rewarding career working with the #1 globally ranked wastewater treatment engineering firm, and with the industry’s best and ","Jacobs
About us
Solutions
Careers
Newsroom
Investors
Explore by industry
Search jobs
Explore by industry
Life at Jacobs
Events
Early careers
Military & veteran talent
Login
Careers
Let's see the impact we can create together.
Search jobs
Job Detail
Engineering Team Lead - Water/Wastewater
Apply
Share
Location
Atlanta, Georgia, United States
Capabilities
Project Management
Office Setup
Hybrid
Job ID
#32299
At Jacobs, we're challenging today to reinvent tomorrow by solving the world's most critical problems for thriving cities, resilient environments, mission-critical outcomes, operational advancement, scientific discovery and cutting-edge manufacturing, turning abstract ideas into realities that transform the world for good.
Your impact
We challenge what is accepted, so we can shape innovative and lasting solutions for tomorrow. If you’re interested in a long and rewarding career working with the #1 globally ranked wastewater treatment engineering firm, and with the industry’s best and ",,2026-08-24_10-48-18
Senior Design Manager - Water/Wastewater,"Atlanta, Georgia, United States",Jacobs,Project Management,https://careers.jacobs.com/en_US/careers/JobDetail/Senior-Design-Manager-Water-Wastewater/32296,"Jacobs
About us
Solutions
Careers
Newsroom
Investors
Explore by industry
Search jobs
Explore by industry
Life at Jacobs
Events
Early careers
Military & veteran talent
Login
Careers
Let's see the impact we can create together.
Search jobs
Job Detail
Senior Design Manager - Water/Wastewater
Apply
Share
Location
Atlanta, Georgia, United States
Capabilities
Project Management
Office Setup
Hybrid
Job ID
#32296
At Jacobs, we're challenging today to reinvent tomorrow by solving the world's most critical problems for thriving cities, resilient environments, mission-critical outcomes, operational advancement, scientific discovery and cutting-edge manufacturing, turning abstract ideas into realities that transform the world for good.
Your impact
We are seeking an experienced and collaborative Senior Project/Design Manager to support the management and delivery of water infrastructure projects from our Atlanta office. Our project/design managers lead the scoping, planning, and execution of projec","Jacobs
About us
Solutions
Careers
Newsroom
Investors
Explore by industry
Search jobs
Explore by industry
Life at Jacobs
Events
Early careers
Military & veteran talent
Login
Careers
Let's see the impact we can create together.
Search jobs
Job Detail
Senior Design Manager - Water/Wastewater
Apply
Share
Location
Atlanta, Georgia, United States
Capabilities
Project Management
Office Setup
Hybrid
Job ID
#32296
At Jacobs, we're challenging today to reinvent tomorrow by solving the world's most critical problems for thriving cities, resilient environments, mission-critical outcomes, operational advancement, scientific discovery and cutting-edge manufacturing, turning abstract ideas into realities that transform the world for good.
Your impact
We are seeking an experienced and collaborative Senior Project/Design Manager to support the management and delivery of water infrastructure projects from our Atlanta office. Our project/design managers lead the scoping, planning, and execution of projec",,2026-08-24_10-48-20
Design Project Manager - Federal,"Anchorage, Alaska, United States",Jacobs,Project Management,https://careers.jacobs.com/en_US/careers/JobDetail/Design-Project-Manager-Federal/32122,"Jacobs
About us
Solutions
Careers
Newsroom
Investors
Explore by industry
Search jobs
Explore by industry
Life at Jacobs
Events
Early careers
Military & veteran talent
Login
Careers
Let's see the impact we can create together.
Search jobs
Job Detail
Design Project Manager - Federal
Apply
Share
Location
Anchorage, Alaska, United States
Capabilities
Project Management
Office Setup
Hybrid
Job ID
#32122
At Jacobs, we're challenging today to reinvent tomorrow by solving the world's most critical problems for thriving cities, resilient environments, mission-critical outcomes, operational advancement, scientific discovery and cutting-edge manufacturing, turning abstract ideas into realities that transform the world for good.
Your impact
At Jacobs, we challenge what is currently accepted, so we can shape innovative and lasting solutions for tomorrow. If you’re interested in a long and rewarding career working with the industry’s best and most innovative solution leaders, then Jacobs is where yo","Jacobs
About us
Solutions
Careers
Newsroom
Investors
Explore by industry
Search jobs
Explore by industry
Life at Jacobs
Events
Early careers
Military & veteran talent
Login
Careers
Let's see the impact we can create together.
Search jobs
Job Detail
Design Project Manager - Federal
Apply
Share
Location
Anchorage, Alaska, United States
Capabilities
Project Management
Office Setup
Hybrid
Job ID
#32122
At Jacobs, we're challenging today to reinvent tomorrow by solving the world's most critical problems for thriving cities, resilient environments, mission-critical outcomes, operational advancement, scientific discovery and cutting-edge manufacturing, turning abstract ideas into realities that transform the world for good.
Your impact
At Jacobs, we challenge what is currently accepted, so we can shape innovative and lasting solutions for tomorrow. If you’re interested in a long and rewarding career working with the industry’s best and most innovative solution leaders, then Jacobs is where yo",,2026-08-24_10-48-22
Project Manager - Water/Wastewater,"Philadelphia, Pennsylvania, United States",Jacobs,Project Management,https://careers.jacobs.com/en_US/careers/JobDetail/Project-Manager-Water-Wastewater/31880,"Jacobs
About us
Solutions
Careers
Newsroom
Investors
Explore by industry
Search jobs
Explore by industry
Life at Jacobs
Events
Early careers
Military & veteran talent
Login
Careers
Let's see the impact we can create together.
Search jobs
Job Detail
Project Manager - Water/Wastewater
Apply
Share
Location
Philadelphia, Pennsylvania, United States
Capabilities
Project Management
Office Setup
Hybrid
Job ID
#31880
At Jacobs, we're challenging today to reinvent tomorrow by solving the world's most critical problems for thriving cities, resilient environments, mission-critical outcomes, operational advancement, scientific discovery and cutting-edge manufacturing, turning abstract ideas into realities that transform the world for good.
Your impact
We challenge what is currently accepted, so we can shape innovative and lasting solutions for tomorrow. If you’re interested in a long and rewarding career working with the ENR #1 ranked design firm, and with the industry’s best and most innovative e","Jacobs
About us
Solutions
Careers
Newsroom
Investors
Explore by industry
Search jobs
Explore by industry
Life at Jacobs
Events
Early careers
Military & veteran talent
Login
Careers
Let's see the impact we can create together.
Search jobs
Job Detail
Project Manager - Water/Wastewater
Apply
Share
Location
Philadelphia, Pennsylvania, United States
Capabilities
Project Management
Office Setup
Hybrid
Job ID
#31880
At Jacobs, we're challenging today to reinvent tomorrow by solving the world's most critical problems for thriving cities, resilient environments, mission-critical outcomes, operational advancement, scientific discovery and cutting-edge manufacturing, turning abstract ideas into realities that transform the world for good.
Your impact
We challenge what is currently accepted, so we can shape innovative and lasting solutions for tomorrow. If you’re interested in a long and rewarding career working with the ENR #1 ranked design firm, and with the industry’s best and most innovative e",,2026-08-24_10-48-24
BIM/VDC Coordinator - Data Centers,"Dallas, Texas, United States",Jacobs,Drafting and Design,https://careers.jacobs.com/en_US/careers/JobDetail/BIM-VDC-Coordinator-Data-Centers/31812,"Jacobs
About us
Solutions
Careers
Newsroom
Investors
Explore by industry
Search jobs
Explore by industry
Life at Jacobs
Events
Early careers
Military & veteran talent
Login
Careers
Let's see the impact we can create together.
Search jobs
Job Detail
BIM/VDC Coordinator - Data Centers
Apply
Share
Location
Dallas, Texas, United States
Capabilities
Drafting and Design
Office Setup
Hybrid
Job ID
#31812
At Jacobs, we're challenging today to reinvent tomorrow by solving the world's most critical problems for thriving cities, resilient environments, mission-critical outcomes, operational advancement, scientific discovery and cutting-edge manufacturing, turning abstract ideas into realities that transform the world for good.
Your impact
This job opportunity is available at ANY location in the United States. Ideally, selected candidates will be near a JACOBS U.S. based office, but we intend to hire the ""best"" candidates.

We are seeking a BIM/VDC Coordinator to support the design and execution o","Jacobs
About us
Solutions
Careers
Newsroom
Investors
Explore by industry
Search jobs
Explore by industry
Life at Jacobs
Events
Early careers
Military & veteran talent
Login
Careers
Let's see the impact we can create together.
Search jobs
Job Detail
BIM/VDC Coordinator - Data Centers
Apply
Share
Location
Dallas, Texas, United States
Capabilities
Drafting and Design
Office Setup
Hybrid
Job ID
#31812
At Jacobs, we're challenging today to reinvent tomorrow by solving the world's most critical problems for thriving cities, resilient environments, mission-critical outcomes, operational advancement, scientific discovery and cutting-edge manufacturing, turning abstract ideas into realities that transform the world for good.
Your impact
This job opportunity is available at ANY location in the United States. Ideally, selected candidates will be near a JACOBS U.S. based office, but we intend to hire the ""best"" candidates.

We are seeking a BIM/VDC Coordinator to support the design and execution o",,2026-08-24_10-48-28
Sr Project Architect (Data Centers),"Philadelphia, Pennsylvania, United States",Jacobs,Architecture and Interiors,https://careers.jacobs.com/en_US/careers/JobDetail/Sr-Project-Architect-Data-Centers/31753,"Jacobs
About us
Solutions
Careers
Newsroom
Investors
Explore by industry
Search jobs
Explore by industry
Life at Jacobs
Events
Early careers
Military & veteran talent
Login
Careers
Let's see the impact we can create together.
Search jobs
Job Detail
Sr Project Architect (Data Centers)
Apply
Share
Location
Philadelphia, Pennsylvania, United States
Capabilities
Architecture and Interiors
Office Setup
Hybrid
Job ID
#31753
At Jacobs, we're challenging today to reinvent tomorrow by solving the world's most critical problems for thriving cities, resilient environments, mission-critical outcomes, operational advancement, scientific discovery and cutting-edge manufacturing, turning abstract ideas into realities that transform the world for good.
Your impact
This job opportunity is available at ANY location in the United States. Ideally, selected candidates will be near a JACOBS U.S. based office, but we intend to hire the ""best"" candidates.
Senior Project Architect- Diverse Portfolio Opportunit","Jacobs
About us
Solutions
Careers
Newsroom
Investors
Explore by industry
Search jobs
Explore by industry
Life at Jacobs
Events
Early careers
Military & veteran talent
Login
Careers
Let's see the impact we can create together.
Search jobs
Job Detail
Sr Project Architect (Data Centers)
Apply
Share
Location
Philadelphia, Pennsylvania, United States
Capabilities
Architecture and Interiors
Office Setup
Hybrid
Job ID
#31753
At Jacobs, we're challenging today to reinvent tomorrow by solving the world's most critical problems for thriving cities, resilient environments, mission-critical outcomes, operational advancement, scientific discovery and cutting-edge manufacturing, turning abstract ideas into realities that transform the world for good.
Your impact
This job opportunity is available at ANY location in the United States. Ideally, selected candidates will be near a JACOBS U.S. based office, but we intend to hire the ""best"" candidates.
Senior Project Architect- Diverse Portfolio Opportunit",,2026-08-24_10-48-30
Senior Water/Wastewater Project Manager,"Detroit, Michigan, United States",Jacobs,Project Management,https://careers.jacobs.com/en_US/careers/JobDetail/Senior-Water-Wastewater-Project-Manager/31672,"Jacobs
About us
Solutions
Careers
Newsroom
Investors
Explore by industry
Search jobs
Explore by industry
Life at Jacobs
Events
Early careers
Military & veteran talent
Login
Careers
Let's see the impact we can create together.
Search jobs
Job Detail
Senior Water/Wastewater Project Manager
Apply
Share
Location
Detroit, Michigan, United States
Capabilities
Project Management
Office Setup
Hybrid
Job ID
#31672
At Jacobs, we're challenging today to reinvent tomorrow by solving the world's most critical problems for thriving cities, resilient environments, mission-critical outcomes, operational advancement, scientific discovery and cutting-edge manufacturing, turning abstract ideas into realities that transform the world for good.
Your impact
Both providing safe, clean water and collecting and treating wastewater are necessary for our world’s communities. Here at Jacobs we get to provide the conveyance and storage needed to make this happen on the most iconic projects in our world. We’re seek","Jacobs
About us
Solutions
Careers
Newsroom
Investors
Explore by industry
Search jobs
Explore by industry
Life at Jacobs
Events
Early careers
Military & veteran talent
Login
Careers
Let's see the impact we can create together.
Search jobs
Job Detail
Senior Water/Wastewater Project Manager
Apply
Share
Location
Detroit, Michigan, United States
Capabilities
Project Management
Office Setup
Hybrid
Job ID
#31672
At Jacobs, we're challenging today to reinvent tomorrow by solving the world's most critical problems for thriving cities, resilient environments, mission-critical outcomes, operational advancement, scientific discovery and cutting-edge manufacturing, turning abstract ideas into realities that transform the world for good.
Your impact
Both providing safe, clean water and collecting and treating wastewater are necessary for our world’s communities. Here at Jacobs we get to provide the conveyance and storage needed to make this happen on the most iconic projects in our world. We’re seek",,2026-08-24_10-48-32
Project Manager - Water Treatment/Pumping,"Richmond, Virginia, United States",Jacobs,Project Management,https://careers.jacobs.com/en_US/careers/JobDetail/Project-Manager-Water-Treatment-Pumping/31671,"Jacobs
About us
Solutions
Careers
Newsroom
Investors
Explore by industry
Search jobs
Explore by industry
Life at Jacobs
Events
Early careers
Military & veteran talent
Login
Careers
Let's see the impact we can create together.
Search jobs
Job Detail
Project Manager - Water Treatment/Pumping
Apply
Share
Location
Richmond, Virginia, United States
Capabilities
Project Management
Office Setup
Hybrid
Job ID
#31671
At Jacobs, we're challenging today to reinvent tomorrow by solving the world's most critical problems for thriving cities, resilient environments, mission-critical outcomes, operational advancement, scientific discovery and cutting-edge manufacturing, turning abstract ideas into realities that transform the world for good.
Your impact
As global supply and demand for water intensifies, solving the world’s most complex water challenges demands different thinking – and that’s where we come in. We’re seeking a Water Treatment/Pumping Project Manager to join our mid-Atlantic and East Ce","Jacobs
About us
Solutions
Careers
Newsroom
Investors
Explore by industry
Search jobs
Explore by industry
Life at Jacobs
Events
Early careers
Military & veteran talent
Login
Careers
Let's see the impact we can create together.
Search jobs
Job Detail
Project Manager - Water Treatment/Pumping
Apply
Share
Location
Richmond, Virginia, United States
Capabilities
Project Management
Office Setup
Hybrid
Job ID
#31671
At Jacobs, we're challenging today to reinvent tomorrow by solving the world's most critical problems for thriving cities, resilient environments, mission-critical outcomes, operational advancement, scientific discovery and cutting-edge manufacturing, turning abstract ideas into realities that transform the world for good.
Your impact
As global supply and demand for water intensifies, solving the world’s most complex water challenges demands different thinking – and that’s where we come in. We’re seeking a Water Treatment/Pumping Project Manager to join our mid-Atlantic and East Ce",,2026-08-24_10-48-34
Transit Vehicle Engineer Professional Associate,"Los Angeles, California, United States",Jacobs,Mechanical,https://careers.jacobs.com/en_US/careers/JobDetail/Transit-Vehicle-Engineer-Professional-Associate/44783,,,,2026-09-04_15-05-39
Structural Engineering Professional,"Dallas, Texas, United States",Jacobs,Civil and Structural,https://careers.jacobs.com/en_US/careers/JobDetail/Structural-Engineering-Professional/44767,,,,2026-09-04_15-05-39
"Walkdown/Turnover Specialist - Mechanical/Electrical/CSA (LSNA-Clayton, NC)","Cary, North Carolina, United States",Jacobs,Construction,https://careers.jacobs.com/en_US/careers/JobDetail/Walkdown-Turnover-Specialist-Mechanical-Electrical-CSA-LSNA-Clayton-NC/44766,,,,2026-09-04_15-05-40
Senior Instrumentation and Controls Engineer - Hybrid (LSNA-PA/OH/IN/NC),"Conshohocken, Pennsylvania, United States",Jacobs,Electrical,https://careers.jacobs.com/en_US/careers/JobDetail/Senior-Instrumentation-and-Controls-Engineer-Hybrid-LSNA-PA-OH-IN-NC/44764,Max challenge attempts exceeded. Please refresh the page to try again!,Max challenge attempts exceeded. Please refresh the page to try again!,,2026-09-04_15-05-40
Mechanical Engineer,"Tempe, Arizona, United States",Jacobs,Mechanical,https://careers.jacobs.com/en_US/careers/JobDetail/Mechanical-Engineer/44763,,,,2026-09-04_15-05-41
Project Architect,"Bellevue, Washington, United States",Jacobs,Architecture and Interiors,https://careers.jacobs.com/en_US/careers/JobDetail/Project-Architect/44762,,,,2026-09-04_15-05-41
Resident Project Representative -Water & Wastewater Pipeline,"El Paso, Texas, United States",Jacobs,Construction,https://careers.jacobs.com/en_US/careers/JobDetail/Resident-Project-Representative-Water-Wastewater-Pipeline/44761,,,,2026-09-04_15-05-41
Customer Service Support - Cities & Places,"Boise, Idaho, United States",Jacobs,Operations and Maintenance,https://careers.jacobs.com/en_US/careers/JobDetail/Customer-Service-Support-Cities-Places/44760,Max challenge attempts exceeded. Please refresh the page to try again!,Max challenge attempts exceeded. Please refresh the page to try again!,,2026-09-04_15-05-42
Mid Level Geotechnical Engineer,"Bellevue, Washington, United States",Jacobs,Project Management,https://careers.jacobs.com/en_US/careers/JobDetail/Mid-Level-Geotechnical-Engineer/44759,,,,2026-09-04_15-05-42
"Operational Readiness, Activation & Transition (ORAT) Specialist","Denver, Colorado, United States",Jacobs,Planning and Consulting,https://careers.jacobs.com/en_US/careers/JobDetail/Operational-Readiness-Activation-Transition-ORAT-Specialist/44758,,,,2026-09-04_15-05-42
Gas Fired Power Plant Commissioning Manager,"Denver, Colorado, United States",Jacobs,Project Controls,https://careers.jacobs.com/en_US/careers/JobDetail/Gas-Fired-Power-Plant-Commissioning-Manager/44529,,,,2026-09-04_15-05-43
Architectural BIM/CADD Technician,"Bellevue, Washington, United States",Jacobs,Drafting and Design,https://careers.jacobs.com/en_US/careers/JobDetail/Architectural-BIM-CADD-Technician/44528,Max challenge attempts exceeded. Please refresh the page to try again!,Max challenge attempts exceeded. Please refresh the page to try again!,,2026-09-04_15-05-43
Design Build Design Manager,"Chicago, Illinois, United States",Jacobs,Project Management,https://careers.jacobs.com/en_US/careers/JobDetail/Design-Build-Design-Manager/44527,,,,2026-09-04_15-05-44
Overhead Transmission Line Design Lead,"Denver, Colorado, United States",Jacobs,Electrical,https://careers.jacobs.com/en_US/careers/JobDetail/Overhead-Transmission-Line-Design-Lead/44525,,,,2026-09-04_15-05-44
Aviation Quality Manager,"Ontario, California, United States",Jacobs,Construction,https://careers.jacobs.com/en_US/careers/JobDetail/Aviation-Quality-Manager/44523,,,,2026-09-04_15-05-44
Roadway Engineer,"Madison, Wisconsin, United States",Jacobs,Civil and Structural,https://careers.jacobs.com/en_US/careers/JobDetail/Roadway-Engineer/44522,Max challenge attempts exceeded. Please refresh the page to try again!,Max challenge attempts exceeded. Please refresh the page to try again!,,2026-09-04_15-05-45
Building Mechanical Engineer,"Bellevue, Washington, United States",Jacobs,Mechanical,https://careers.jacobs.com/en_US/careers/JobDetail/Building-Mechanical-Engineer/44521,,,,2026-09-04_15-05-45
Water Engineering Intern - Fall 2026,"El Paso, Texas, United States",Jacobs,Civil and Structural,https://careers.jacobs.com/en_US/careers/JobDetail/Water-Engineering-Intern-Fall-2026/44520,,,,2026-09-04_15-05-45
Building Mechanical Engineer,"Denver, Colorado, United States",Jacobs,Mechanical,https://careers.jacobs.com/en_US/careers/JobDetail/Building-Mechanical-Engineer/44518,,,,2026-09-04_15-05-45
Piping Engineer (Advanced Manufacturing),"Pittsburgh, Pennsylvania, United States",Jacobs,Drafting and Design,https://careers.jacobs.com/en_US/careers/JobDetail/Piping-Engineer-Advanced-Manufacturing/44516,Max challenge attempts exceeded. Please refresh the page to try again!,Max challenge attempts exceeded. Please refresh the page to try again!,,2026-09-04_15-05-46
Healthcare Deputy Program Director – Infrastructure & Utilities,"Austin, Texas, United States",Jacobs,Construction,https://careers.jacobs.com/en_US/careers/JobDetail/Healthcare-Deputy-Program-Director-Infrastructure-Utilities/44127,,,,2026-09-04_15-05-46
Document Controls (LSNA-TX),"Houston, Texas, United States",Jacobs,Project Controls,https://careers.jacobs.com/en_US/careers/JobDetail/Document-Controls-LSNA-TX/44125,,,,2026-09-04_15-05-47
Senior/Lead Electrical Engineer: Energy and Power (Nationwide),"Philadelphia, Pennsylvania, United States",Jacobs,Electrical,https://careers.jacobs.com/en_US/careers/JobDetail/Senior-Lead-Electrical-Engineer-Energy-and-Power-Nationwide/44124,,,,2026-09-04_15-05-47
"Wastewater Plant Manager - Oklahoma City, OK","Oklahoma City, Oklahoma, United States",Jacobs,Operations and Maintenance,https://careers.jacobs.com/en_US/careers/JobDetail/Wastewater-Plant-Manager-Oklahoma-City-OK/44123,Max challenge attempts exceeded. Please refresh the page to try again!,Max challenge attempts exceeded. Please refresh the page to try again!,,2026-09-04_15-05-48
Right of Way Agent ROW (Northern California),"Sacramento, California, United States",Jacobs,Construction,https://careers.jacobs.com/en_US/careers/JobDetail/Right-of-Way-Agent-ROW-Northern-California/44121,,,,2026-09-04_15-05-48
"Laboratory Manager - Oklahoma City, OK","Oklahoma City, Oklahoma, United States",Jacobs,Operations and Maintenance,https://careers.jacobs.com/en_US/careers/JobDetail/Laboratory-Manager-Oklahoma-City-OK/44118,,,,2026-09-04_15-05-48
"Maintenance Manager – Oklahoma City, OK","Oklahoma City, Oklahoma, United States",Jacobs,Operations and Maintenance,https://careers.jacobs.com/en_US/careers/JobDetail/Maintenance-Manager-Oklahoma-City-OK/44117,,,,2026-09-04_15-05-49
Construction Risk Manager - Columbus OH,"Columbus, Ohio, United States",Jacobs,Project Controls,https://careers.jacobs.com/en_US/careers/JobDetail/Construction-Risk-Manager-Columbus-OH/43772,Max challenge attempts exceeded. Please refresh the page to try again!,Max challenge attempts exceeded. Please refresh the page to try again!,,2026-09-04_15-05-49
Mechanical Construction Technical Services Specialist (Data Centers),"Corpus Christi, Texas, United States",Jacobs,Enterprise Functions,https://careers.jacobs.com/en_US/careers/JobDetail/Mechanical-Construction-Technical-Services-Specialist-Data-Centers/43767,,,,2026-09-04_15-05-49
Mechanical Construction Technical Services Lead (Data Centers),"Corpus Christi, Texas, United States",Jacobs,Enterprise Functions,https://careers.jacobs.com/en_US/careers/JobDetail/Mechanical-Construction-Technical-Services-Lead-Data-Centers/43764,,,,2026-09-04_15-05-50
Project Controls (LSNA-TX/VA/NC),"Richmond, Virginia, United States",Jacobs,Project Controls,https://careers.jacobs.com/en_US/careers/JobDetail/Project-Controls-LSNA-TX-VA-NC/43763,,,,2026-09-04_15-05-50
Civil/Structural/Arch Construction Technical Services Lead (Data Centers),"Corpus Christi, Texas, United States",Jacobs,Enterprise Functions,https://careers.jacobs.com/en_US/careers/JobDetail/Civil-Structural-Arch-Construction-Technical-Services-Lead-Data-Centers/43762,Max challenge attempts exceeded. Please refresh the page to try again!,Max challenge attempts exceeded. Please refresh the page to try again!,,2026-09-04_15-05-51
Civil/Structural/Arch Construction Technical Services Specialist (Data Centers),"Corpus Christi, Texas, United States",Jacobs,Enterprise Functions,https://careers.jacobs.com/en_US/careers/JobDetail/Civil-Structural-Arch-Construction-Technical-Services-Specialist-Data-Centers/43761,,,,2026-09-04_15-05-51
Electrical Technical Services Lead (Data Centers),"Corpus Christi, Texas, United States",Jacobs,Enterprise Functions,https://careers.jacobs.com/en_US/careers/JobDetail/Electrical-Technical-Services-Lead-Data-Centers/43759,,,,2026-09-04_15-05-52
Electrical Construction Technical Services Specialist,"Corpus Christi, Texas, United States",Jacobs,Enterprise Functions,https://careers.jacobs.com/en_US/careers/JobDetail/Electrical-Construction-Technical-Services-Specialist/43757,,,,2026-09-04_15-05-52
Water Engineering Intern - Summer 2027,"St. Louis, Missouri, United States",Jacobs,Environmental,https://careers.jacobs.com/en_US/careers/JobDetail/Water-Engineering-Intern-Summer-2027/43750,Max challenge attempts exceeded. Please refresh the page to try again!,Max challenge attempts exceeded. Please refresh the page to try again!,,2026-09-04_15-05-52
Tool Install Construction Coordinator (Superintendent),"Manassas, Virginia, United States",Jacobs,Electrical,https://careers.jacobs.com/en_US/careers/JobDetail/Tool-Install-Construction-Coordinator-Superintendent/43728,,,,2026-09-04_15-05-53
Instruments & Controls CAD Intern,"Corvallis, Oregon, United States",Jacobs,Civil and Structural,https://careers.jacobs.com/en_US/careers/JobDetail/Instruments-Controls-CAD-Intern/43276,,,,2026-09-04_15-05-53
Structural Engineering Professional Associate - NW Region,"Portland, Oregon, United States",Jacobs,Civil and Structural,https://careers.jacobs.com/en_US/careers/JobDetail/Structural-Engineering-Professional-Associate-NW-Region/43268,,,,2026-09-04_15-05-53
Senior NEPA Environmental Lead,"Chicago, Illinois, United States",Jacobs,Environmental,https://careers.jacobs.com/en_US/careers/JobDetail/Senior-NEPA-Environmental-Lead/43266,Max challenge attempts exceeded. Please refresh the page to try again!,Max challenge attempts exceeded. Please refresh the page to try again!,,2026-09-04_15-05-53
Fire Protection Engineer (Data Centers),"Philadelphia, Pennsylvania, United States",Jacobs,Mechanical,https://careers.jacobs.com/en_US/careers/JobDetail/Fire-Protection-Engineer-Data-Centers/43259,,,,2026-09-04_15-05-54
Transportation Growth Leader/ Client Account Manager (CAM),"Boston, Massachusetts, United States",Jacobs,Business and Sales,https://careers.jacobs.com/en_US/careers/JobDetail/Transportation-Growth-Leader-Client-Account-Manager-CAM/43257,,,,2026-09-04_15-05-54
Senior Electrical Superintendent (LSNA-NC),"Cary, North Carolina, United States",Jacobs,Construction,https://careers.jacobs.com/en_US/careers/JobDetail/Senior-Electrical-Superintendent-LSNA-NC/43253,,,,2026-09-04_15-05-54
Federal Project Manager - Civil Works,"New York, New York, United States",Jacobs,Project Management,https://careers.jacobs.com/en_US/careers/JobDetail/Federal-Project-Manager-Civil-Works/43250,Max challenge attempts exceeded. Please refresh the page to try again!,Max challenge attempts exceeded. Please refresh the page to try again!,,2026-09-04_15-05-55
"Senior Electrician / Lead Electrician - Jackson, MS","Jackson, Mississippi, United States",Jacobs,Operations and Maintenance,https://careers.jacobs.com/en_US/careers/JobDetail/Senior-Electrician-Lead-Electrician-Jackson-MS/43248,,,,2026-09-04_15-05-55
Lab Analyst I,"Jackson, Mississippi, United States",Jacobs,Operations and Maintenance,https://careers.jacobs.com/en_US/careers/JobDetail/Lab-Analyst-I/43239,,,,2026-09-04_15-05-55
Sr Project Manager - AI Data Centers,"Conshohocken, Pennsylvania, United States",Jacobs,Project Management,https://careers.jacobs.com/en_US/careers/JobDetail/Sr-Project-Manager-AI-Data-Centers/43198,,,,2026-09-04_15-05-56
Electrical Estimator,"Denver, Colorado, United States",Jacobs,Project Controls,https://careers.jacobs.com/en_US/careers/JobDetail/Electrical-Estimator/42793,Max challenge attempts exceeded. Please refresh the page to try again!,Max challenge attempts exceeded. Please refresh the page to try again!,,2026-09-04_15-05-56
Project Manager - Water Design Build,"San Francisco, California, United States",Jacobs,Construction,https://careers.jacobs.com/en_US/careers/JobDetail/Project-Manager-Water-Design-Build/42791,,,,2026-09-04_15-05-56
Project Manager - Water Design Build,"Los Angeles, California, United States",Jacobs,Construction,https://careers.jacobs.com/en_US/careers/JobDetail/Project-Manager-Water-Design-Build/42790,,,,2026-09-04_15-05-56
Preconstruction Manager - Design-Build,"San Francisco, California, United States",Jacobs,Construction,https://careers.jacobs.com/en_US/careers/JobDetail/Preconstruction-Manager-Design-Build/42789,,,,2026-09-04_15-05-57
Commissioning Manager,"Los Angeles, California, United States",Jacobs,Construction,https://careers.jacobs.com/en_US/careers/JobDetail/Commissioning-Manager/42788,Max challenge attempts exceeded. Please refresh the page to try again!,Max challenge attempts exceeded. Please refresh the page to try again!,,2026-09-04_15-05-57
Senior CEI Project Engineer,"Jacksonville, Florida, United States",Jacobs,Construction,https://careers.jacobs.com/en_US/careers/JobDetail/Senior-CEI-Project-Engineer/42785,,,,2026-09-04_15-05-57
"Proposal Manager, Geographic Sales Operations - NorCal U.S.","Sacramento, California, United States",Jacobs,Business and Sales,https://careers.jacobs.com/en_US/careers/JobDetail/Proposal-Manager-Geographic-Sales-Operations-NorCal-U-S/42781,,,,2026-09-04_15-05-58
Rail Civil Engineer Lead,"Honolulu, Hawaii, United States",Jacobs,Civil and Structural,https://careers.jacobs.com/en_US/careers/JobDetail/Rail-Civil-Engineer-Lead/42742,,,,2026-09-04_15-05-58
Senior Transportation Project Manager,"Honolulu, Hawaii, United States",Jacobs,Project Management,https://careers.jacobs.com/en_US/careers/JobDetail/Senior-Transportation-Project-Manager/42738,Max challenge attempts exceeded. Please refresh the page to try again!,Max challenge attempts exceeded. Please refresh the page to try again!,,2026-09-04_15-05-58
Intermediate/Mid-Level Planner/Scheduler Professional - U.S.,"Denver, Colorado, United States",Jacobs,Enterprise Functions,https://careers.jacobs.com/en_US/careers/JobDetail/Intermediate-Mid-Level-Planner-Scheduler-Professional-U-S/42726,,,,2026-09-04_15-05-59
Electrical Designer,"Portland, Oregon, United States",Jacobs,Drafting and Design,https://careers.jacobs.com/en_US/careers/JobDetail/Electrical-Designer/42170,,,,2026-09-04_15-05-59
Controls Technician,"Santa Clara, California, United States",Jacobs,Project Controls,https://careers.jacobs.com/en_US/careers/JobDetail/Controls-Technician/42168,,,,2026-09-04_15-05-59
Purchasing Manager (LSNA-NC/PA),"Conshohocken, Pennsylvania, United States",Jacobs,Construction,https://careers.jacobs.com/en_US/careers/JobDetail/Purchasing-Manager-LSNA-NC-PA/42129,Max challenge attempts exceeded. Please refresh the page to try again!,Max challenge attempts exceeded. Please refresh the page to try again!,,2026-09-04_15-06-00
Buyer (LSNA-NC/PA),"Conshohocken, Pennsylvania, United States",Jacobs,Construction,https://careers.jacobs.com/en_US/careers/JobDetail/Buyer-LSNA-NC-PA/42128,,,,2026-09-04_15-06-00
Sr Instrumentation & Control Engineer (Data Centers),"Philadelphia, Pennsylvania, United States",Jacobs,Drafting and Design,https://careers.jacobs.com/en_US/careers/JobDetail/Sr-Instrumentation-Control-Engineer-Data-Centers/42125,,,,2026-09-04_15-06-00
Project Procurement Manager (LSNA-NC/PA),"Conshohocken, Pennsylvania, United States",Jacobs,Project Controls,https://careers.jacobs.com/en_US/careers/JobDetail/Project-Procurement-Manager-LSNA-NC-PA/42122,,,,2026-09-04_15-06-01
Senior Structural Engineer – Substation,"Chattanooga, Tennessee, United States",Jacobs,Construction,https://careers.jacobs.com/en_US/careers/JobDetail/Senior-Structural-Engineer-Substation/42111,Max challenge attempts exceeded. Please refresh the page to try again!,Max challenge attempts exceeded. Please refresh the page to try again!,,2026-09-04_15-06-01
Entry Level Construction Project Engineer,"St. Louis, Missouri, United States",Jacobs,Construction,https://careers.jacobs.com/en_US/careers/JobDetail/Entry-Level-Construction-Project-Engineer/42102,,,,2026-09-04_15-06-01
"Sr. Planner/Scheduler - Tampa, FL","Tampa, Florida, United States",Jacobs,Enterprise Functions,https://careers.jacobs.com/en_US/careers/JobDetail/Sr-Planner-Scheduler-Tampa-FL/41339,,,,2026-09-04_15-06-02
"Sr. Cost Controls Professional - Tampa, FL","Tampa, Florida, United States",Jacobs,Enterprise Functions,https://careers.jacobs.com/en_US/careers/JobDetail/Sr-Cost-Controls-Professional-Tampa-FL/41336,,,,2026-09-04_15-06-02
Mid-Level Planner / Scheduler,"Tampa, Florida, United States",Jacobs,Enterprise Functions,https://careers.jacobs.com/en_US/careers/JobDetail/Mid-Level-Planner-Scheduler/41335,Max challenge attempts exceeded. Please refresh the page to try again!,Max challenge attempts exceeded. Please refresh the page to try again!,,2026-09-04_15-06-02
Project Manager - Healthcare Buildings,"San Diego, California, United States",Jacobs,Construction,https://careers.jacobs.com/en_US/careers/JobDetail/Project-Manager-Healthcare-Buildings/41334,,,,2026-09-04_15-06-02
"Jr. Project Controls Professional - Tampa, FL","Tampa, Florida, United States",Jacobs,Enterprise Functions,https://careers.jacobs.com/en_US/careers/JobDetail/Jr-Project-Controls-Professional-Tampa-FL/41333,,,,2026-09-04_15-06-03
"Emergency Management Program Manager - Pompano Beach, FL","Pompano Beach, Florida, United States",Jacobs,Operations and Maintenance,https://careers.jacobs.com/en_US/careers/JobDetail/Emergency-Management-Program-Manager-Pompano-Beach-FL/40688,,,,2026-09-04_15-06-03
Highway/Roadway Project Manager,"Oklahoma City, Oklahoma, United States",Jacobs,Civil and Structural,https://careers.jacobs.com/en_US/careers/JobDetail/Highway-Roadway-Project-Manager/39890,Max challenge attempts exceeded. Please refresh the page to try again!,Max challenge attempts exceeded. Please refresh the page to try again!,,2026-09-04_15-06-03
Technical Project Architect,"Dallas, Texas, United States",Jacobs,Architecture and Interiors,https://careers.jacobs.com/en_US/careers/JobDetail/Technical-Project-Architect/39889,,,,2026-09-04_15-06-04
Structural Inspector - Federal PMCM (night shift),"Washington, District of Columbia, United States",Jacobs,Construction,https://careers.jacobs.com/en_US/careers/JobDetail/Structural-Inspector-Federal-PMCM-night-shift/39885,,,,2026-09-04_15-06-04
Lead Technologist/ Project Manager – Energy Solutions Advisory,"Denver, Colorado, United States",Jacobs,Construction,https://careers.jacobs.com/en_US/careers/JobDetail/Lead-Technologist-Project-Manager-Energy-Solutions-Advisory/39872,,,,2026-09-04_15-06-04
Digital Delivery VDC Manager - Remote/Hybrid (LSNA-TX),"Houston, Texas, United States",Jacobs,Construction,https://careers.jacobs.com/en_US/careers/JobDetail/Digital-Delivery-VDC-Manager-Remote-Hybrid-LSNA-TX/39870,Max challenge attempts exceeded. Please refresh the page to try again!,Max challenge attempts exceeded. Please refresh the page to try again!,,2026-09-04_15-06-04
Senior Electrical Engineer - security clearance required,"Huntsville, Alabama, United States",Jacobs,Electrical,https://careers.jacobs.com/en_US/careers/JobDetail/Senior-Electrical-Engineer-security-clearance-required/39829,,,,2026-09-04_15-06-05
Senior Design Manager - Ports and Maritime,"Houston, Texas, United States",Jacobs,Civil and Structural,https://careers.jacobs.com/en_US/careers/JobDetail/Senior-Design-Manager-Ports-and-Maritime/38870,,,,2026-09-04_15-06-05
Airfield Electrical Engineer,"Englewood, Colorado, United States",Jacobs,Electrical,https://careers.jacobs.com/en_US/careers/JobDetail/Airfield-Electrical-Engineer/38780,,,,2026-09-04_15-06-05
Structural Engineer SME - AI Data Centers,"Philadelphia, Pennsylvania, United States",Jacobs,Civil and Structural,https://careers.jacobs.com/en_US/careers/JobDetail/Structural-Engineer-SME-AI-Data-Centers/38775,Max challenge attempts exceeded. Please refresh the page to try again!,Max challenge attempts exceeded. Please refresh the page to try again!,,2026-09-04_15-06-06
Roadway Design Lead,"Columbus, Ohio, United States",Jacobs,Civil and Structural,https://careers.jacobs.com/en_US/careers/JobDetail/Roadway-Design-Lead/38757,,,,2026-09-04_15-06-06
Construction Manager - TS/SCI CI Poly - OCONUS,"Arlington, Virginia, United States",Jacobs,Construction,https://careers.jacobs.com/en_US/careers/JobDetail/Construction-Manager-TS-SCI-CI-Poly-OCONUS/36221,,,,2026-09-04_15-06-06
Senior Civil Engineer (Water/Wastewater),"Gainesville, Florida, United States",Jacobs,Civil and Structural,https://careers.jacobs.com/en_US/careers/JobDetail/Senior-Civil-Engineer-Water-Wastewater/36136,,,,2026-09-04_15-06-07
Geotechnical Engineer,"Reston, Virginia, United States",Jacobs,Civil and Structural,https://careers.jacobs.com/en_US/careers/JobDetail/Geotechnical-Engineer/36126,Max challenge attempts exceeded. Please refresh the page to try again!,Max challenge attempts exceeded. Please refresh the page to try again!,,2026-09-04_15-06-07
Senior Alternative Delivery Manager (Highway/Bridge) (Carolinas),"Cary, North Carolina, United States",Jacobs,Project Management,https://careers.jacobs.com/en_US/careers/JobDetail/Senior-Alternative-Delivery-Manager-Highway-Bridge-Carolinas/36093,,,,2026-09-04_15-06-07
Senior Alternative Delivery Manager (Highway/Bridge) (FL),"Orlando, Florida, United States",Jacobs,Project Management,https://careers.jacobs.com/en_US/careers/JobDetail/Senior-Alternative-Delivery-Manager-Highway-Bridge-FL/36092,,,,2026-09-04_15-06-08
Senior Alternative Delivery Manager (Highway/Bridge) (GA),"Atlanta, Georgia, United States",Jacobs,Project Management,https://careers.jacobs.com/en_US/careers/JobDetail/Senior-Alternative-Delivery-Manager-Highway-Bridge-GA/36091,,,,2026-09-04_15-06-08
Structural Bridge Engineer,"West Des Moines, Iowa, United States",Jacobs,Civil and Structural,https://careers.jacobs.com/en_US/careers/JobDetail/Structural-Bridge-Engineer/36001,Max challenge attempts exceeded. Please refresh the page to try again!,Max challenge attempts exceeded. Please refresh the page to try again!,,2026-09-04_15-06-08
Lead Ports Electrical Engineer,"New York, New York, United States",Jacobs,Electrical,https://careers.jacobs.com/en_US/careers/JobDetail/Lead-Ports-Electrical-Engineer/35980,,,,2026-09-04_15-06-08
Mechanical Engineer - Federal,"St. Louis, Missouri, United States",Jacobs,Mechanical,https://careers.jacobs.com/en_US/careers/JobDetail/Mechanical-Engineer-Federal/35979,,,,2026-09-04_15-06-09
Senior Electrical Engineer (Water/Wastewater),"Gainesville, Florida, United States",Jacobs,Electrical,https://careers.jacobs.com/en_US/careers/JobDetail/Senior-Electrical-Engineer-Water-Wastewater/35969,,,,2026-09-04_15-06-09
